case_id	pair_fingerprint	source_a_sha256	offline_endpoint_a_sha256	source_ref_a	source_b_sha256	offline_endpoint_b_sha256	source_ref_b	evaluation_definition_id	evaluation_definition_sha256	original_support_requirement_status	prior_public_exposure	eligibility_rationale
RAG-fever-100060	e0c354b06d0dd85233e076368305b51bdfc4f7e7dff48bfa9968f71e0c174fcd	dd95d3013420783f5f8270b8897e80505bd03df1b5e9d237cdae5d3f6e424e23	6ca92bb97dd8b6e67c41f7ff92a42958930dd7f2a5df4249ffb86e9a179cb37c	source_specimens_1600.jsonl#RAG-fever-100060:A	df98d8fa7edf526e1ed80f14662dcdf1486849a1189119f47341d218a76a3435	5ad1cd7736929277548f104c204b7619c633581f36801ef6f2a95141d4497e7a	source_specimens_1600.jsonl#RAG-fever-100060:B	RIDI-RAG-NATURE-v2-PROSPECTIVE/C2/QWEN3-BM25-K10-RANDOM	0f7babda273f68e2095343f2fb33f2dca3c8720f95ed87ca3a0f47d1b337b063	NO_AUTHORITATIVE_REQUIREMENT_SPECIFIED	TRUE	Primary registered RAG reference/random pair; exact grade-vector equality verified structurally; endpoints hash-bound without comparing outputs; no authoritative source support-count rule specified.
RAG-fever-100145	e6d8fab434b8785c2f574e92c5c3abd991522a89af837e0a0bf1b687b5782cab	ca523943bdde910f76c78bbbc08bbefc2013711f76493f547ec9d9e3fbe26a3e	03e9a3823ecda5b093d6dba9f8b2a5eace7cc294185115f1afd11d98659d8ca9	source_specimens_1600.jsonl#RAG-fever-100145:A	a282c985d6478a663671ca1edb117a8fa8efb4e271e070d4c9e9032d6285880a	53a6f1728e504ba6c31d27c24f63e76b922ef1c54c8cf3cd2cec9337071366d3	source_specimens_1600.jsonl#RAG-fever-100145:B	RIDI-RAG-NATURE-v2-PROSPECTIVE/C2/QWEN3-BM25-K10-RANDOM	0f7babda273f68e2095343f2fb33f2dca3c8720f95ed87ca3a0f47d1b337b063	NO_AUTHORITATIVE_REQUIREMENT_SPECIFIED	TRUE	Primary registered RAG reference/random pair; exact grade-vector equality verified structurally; endpoints hash-bound without comparing outputs; no authoritative source support-count rule specified.
RAG-fever-100243	de4c9fa1faf63c6a1de9b7a8100e2c1c3a6bd36a9556fb45e54e863892457a7b	67d51e89e5831a0723d77a0abdc7799f49f943c0b4d9b39fbe30afaad96b591e	b88eb72829dbf5facc508c79efe006da8465b08b2f70cc516ae359689dfc938c	source_specimens_1600.jsonl#RAG-fever-100243:A	be369eda4ed6652b1c2567b728d53c759916aa6f002537a63bf044a981899d08	c35f7ed992217f673f62e13304cfa9b6425bf23158723489194582863d15e7ca	source_specimens_1600.jsonl#RAG-fever-100243:B	RIDI-RAG-NATURE-v2-PROSPECTIVE/C2/QWEN3-BM25-K10-RANDOM	0f7babda273f68e2095343f2fb33f2dca3c8720f95ed87ca3a0f47d1b337b063	NO_AUTHORITATIVE_REQUIREMENT_SPECIFIED	TRUE	Primary registered RAG reference/random pair; exact grade-vector equality verified structurally; endpoints hash-bound without comparing outputs; no authoritative source support-count rule specified.
RAG-fever-100245	d134da8cdd984e2fd3f0492c45e8d04a7bcd537b3e96f03b47f6520b4daa345c	9b1d8be407c2ceca28206f1b48f04f134212dba345dca6382a717670ab68084f	7db8eedf0fa3c9ac4c7b47dd23a4486dcb0edbf789a45f09788b7627a441aa06	source_specimens_1600.jsonl#RAG-fever-100245:A	84b6fba586c603114483d7b725282d5a2da604d7db334901941053d1d1fed24a	6e7a89c6f7c7db10babd645a8feb0c975faaaf5b9f4b246b18cc9ad8491a0bb4	source_specimens_1600.jsonl#RAG-fever-100245:B	RIDI-RAG-NATURE-v2-PROSPECTIVE/C2/QWEN3-BM25-K10-RANDOM	0f7babda273f68e2095343f2fb33f2dca3c8720f95ed87ca3a0f47d1b337b063	NO_AUTHORITATIVE_REQUIREMENT_SPECIFIED	TRUE	Primary registered RAG reference/random pair; exact grade-vector equality verified structurally; endpoints hash-bound without comparing outputs; no authoritative source support-count rule specified.
RAG-fever-100261	0a3e91d371468dfaaba5ecb2cd27d396316082e86163e0763547bc88e5e7f334	0935e86c83b10d17e9efa226728fe26a140700e8a211c78654dd95d8c70ca6db	3858e13af9788658f082e7427a4d715fee81397012a088cfda97690a630b8480	source_specimens_1600.jsonl#RAG-fever-100261:A	73b4862d6358d8118ab7b9cd59532c96b0e2338ae59df6b3c67d815c9b0c9fb9	dee42285f9bfd87e9414d56e4cf7962e8be1bdf3c253aa488f47569902c22786	source_specimens_1600.jsonl#RAG-fever-100261:B	RIDI-RAG-NATURE-v2-PROSPECTIVE/C2/QWEN3-BM25-K10-RANDOM	0f7babda273f68e2095343f2fb33f2dca3c8720f95ed87ca3a0f47d1b337b063	NO_AUTHORITATIVE_REQUIREMENT_SPECIFIED	TRUE	Primary registered RAG reference/random pair; exact grade-vector equality verified structurally; endpoints hash-bound without comparing outputs; no authoritative source support-count rule specified.
RAG-fever-100271	6dcce4f08edee7ba6c3077d5cdd06fa224622c143dd381da73dcc63e88b5847d	3d64809f3e533524c88a0b8a1349758a0627d669f6f71a32015122b233cd8f0e	7e3ae34a0667a426f5bb5687f3093956847c20066fb9cb440aff517d2562e12a	source_specimens_1600.jsonl#RAG-fever-100271:A	820d3b14cec10e3355dfa72451935aa176644946bc1e634f52895edb75b77672	a046af0922ccb1adddbc2bb8bbe0faf75e9124f456fcc77584e5e43a9f7db4df	source_specimens_1600.jsonl#RAG-fever-100271:B	RIDI-RAG-NATURE-v2-PROSPECTIVE/C2/QWEN3-BM25-K10-RANDOM	0f7babda273f68e2095343f2fb33f2dca3c8720f95ed87ca3a0f47d1b337b063	NO_AUTHORITATIVE_REQUIREMENT_SPECIFIED	TRUE	Primary registered RAG reference/random pair; exact grade-vector equality verified structurally; endpoints hash-bound without comparing outputs; no authoritative source support-count rule specified.
RAG-fever-100318	6907053455f6634fc87dadb9f6a2e90d39378c782dbea2d5d9d89d510b844e88	6bfa99603d7ed1cce9cabb75aa7da0a29537283a90d2a0a52b7b0465e720ee25	5d9ed245da43948f0e553caedf6f1f83e11ab2eb107be43a34f2e4b0e94845e4	source_specimens_1600.jsonl#RAG-fever-100318:A	52e906c87fcf5e7a0e4c22641bf7ef517c6ac1668428edcee1ca64f02edb282e	2e51a466f41c67dbecc00b2d25ed109f7cf359f9b8d0add0326ae0a6579c3608	source_specimens_1600.jsonl#RAG-fever-100318:B	RIDI-RAG-NATURE-v2-PROSPECTIVE/C2/QWEN3-BM25-K10-RANDOM	0f7babda273f68e2095343f2fb33f2dca3c8720f95ed87ca3a0f47d1b337b063	NO_AUTHORITATIVE_REQUIREMENT_SPECIFIED	TRUE	Primary registered RAG reference/random pair; exact grade-vector equality verified structurally; endpoints hash-bound without comparing outputs; no authoritative source support-count rule specified.
RAG-fever-100320	68a0df09dc454722c8756196123fd9339281c07466b98ff56f3a9bde657163f2	585e41442f587afb335fb1c674ff06bfcda32ca1241404dee7c3943992df5c5a	5c4bd6ed043d485261218b28a51573ae75d12a4c23dd1d32a082a18261c29ed2	source_specimens_1600.jsonl#RAG-fever-100320:A	8d596a59cead4ba1a7e77fd1c617be10a2c3f2b8a2091c327098cd4305264129	7ecf57ad2d0c72e529f9277d010b544d1840956c32665b464b3d77a9e2e69a87	source_specimens_1600.jsonl#RAG-fever-100320:B	RIDI-RAG-NATURE-v2-PROSPECTIVE/C2/QWEN3-BM25-K10-RANDOM	0f7babda273f68e2095343f2fb33f2dca3c8720f95ed87ca3a0f47d1b337b063	NO_AUTHORITATIVE_REQUIREMENT_SPECIFIED	TRUE	Primary registered RAG reference/random pair; exact grade-vector equality verified structurally; endpoints hash-bound without comparing outputs; no authoritative source support-count rule specified.
RAG-fever-100446	8188c6f0bf5ae3642954f0b299be100f572d6252e6b57bdbc19e2ceb25b6b48f	a4356ea9ac9ce9c0460133864fc392e1cebaca1b601aa6bf04775bc4e544b2a1	9d9696e1f3af7fb5465d3286f1b087dc474cd43c7b48e60deb75d32e0dbf9091	source_specimens_1600.jsonl#RAG-fever-100446:A	3ff5a99bbc3720b553b67a17b4067b34d7cac92eaeba0e104b8f81c2a44f3080	7c670e473e3d396861a70424ecaaf254f10444a11993eef37dd8290e63fd9b87	source_specimens_1600.jsonl#RAG-fever-100446:B	RIDI-RAG-NATURE-v2-PROSPECTIVE/C2/QWEN3-BM25-K10-RANDOM	0f7babda273f68e2095343f2fb33f2dca3c8720f95ed87ca3a0f47d1b337b063	NO_AUTHORITATIVE_REQUIREMENT_SPECIFIED	TRUE	Primary registered RAG reference/random pair; exact grade-vector equality verified structurally; endpoints hash-bound without comparing outputs; no authoritative source support-count rule specified.
RAG-fever-100467	803e85042e9a60ac718fbc55c7ea7179b695963251bb3b0de0e1241d1134d0ab	4860aa3b652a538e64bd8921e700fd7326db3383a324963640306eff5ba1356c	50c70daac82a9831099ee2409d6b3923fcade53bbf0470cdb135b64a94ea318c	source_specimens_1600.jsonl#RAG-fever-100467:A	b9416717677488a6d3071f674a2e785dd14f1874cc7ad13c754451d8c36aa9b7	168c3cd33034afe978b5235cd688a541b1f110ee25a715a2173976639a16b514	source_specimens_1600.jsonl#RAG-fever-100467:B	RIDI-RAG-NATURE-v2-PROSPECTIVE/C2/QWEN3-BM25-K10-RANDOM	0f7babda273f68e2095343f2fb33f2dca3c8720f95ed87ca3a0f47d1b337b063	NO_AUTHORITATIVE_REQUIREMENT_SPECIFIED	TRUE	Primary registered RAG reference/random pair; exact grade-vector equality verified structurally; endpoints hash-bound without comparing outputs; no authoritative source support-count rule specified.
RAG-fever-100487	7b3767a0908a4b6fa328722105b7b4c84d652e8d84959c5e0cb3e5d7b1a1ba21	15703618c51744a3523f7147a0e1783198ca5d7faecd3f022e4fcaeaaa9694a4	d223dc6a4ffdc82de6376aeec34ec938c21e7edf31263202239d5a1a435bbfdc	source_specimens_1600.jsonl#RAG-fever-100487:A	2bd2a7298cbbb0c6443e40dd1818eb58874c8ffaae20d18902dd8e040a51e460	74097b7033af652f82a1d0973959f94fd7ae569eb72fcb38b4890292d1ffaea2	source_specimens_1600.jsonl#RAG-fever-100487:B	RIDI-RAG-NATURE-v2-PROSPECTIVE/C2/QWEN3-BM25-K10-RANDOM	0f7babda273f68e2095343f2fb33f2dca3c8720f95ed87ca3a0f47d1b337b063	NO_AUTHORITATIVE_REQUIREMENT_SPECIFIED	TRUE	Primary registered RAG reference/random pair; exact grade-vector equality verified structurally; endpoints hash-bound without comparing outputs; no authoritative source support-count rule specified.
RAG-fever-10051	a52a9a4a792684f9340df527dcc53517e6f23be91f7121acd4b0a59ee0aaf34e	17371ee8ea57483e17d7eff178ab338b5ad45f0414b4fef06db4f394a233580e	119915ada9c4e011091d6ba4e45afa1b6eee89e5dae373e7765f71d411ec8890	source_specimens_1600.jsonl#RAG-fever-10051:A	b77259b1eb03064f37762507077b946dbbb11e4fe4dd6b91a1ef340288888973	a34c62c36ef6aac3999dd897c581769409f25ff8c6ee952a6fbdc958e1e7554c	source_specimens_1600.jsonl#RAG-fever-10051:B	RIDI-RAG-NATURE-v2-PROSPECTIVE/C2/QWEN3-BM25-K10-RANDOM	0f7babda273f68e2095343f2fb33f2dca3c8720f95ed87ca3a0f47d1b337b063	NO_AUTHORITATIVE_REQUIREMENT_SPECIFIED	TRUE	Primary registered RAG reference/random pair; exact grade-vector equality verified structurally; endpoints hash-bound without comparing outputs; no authoritative source support-count rule specified.
RAG-fever-10052	15117da57b81e9b5c9d273a62f6edb4e013272e8d4788515f88e9f1641bf1b24	fb36fbe10416e8fec0b3ef38f5727e8a82de496c9781b38608434029949fb5c0	8947c0ada9fc281c55eb4da7cae59ba4f03bc9e9ca272d8c4db8e07e59a7ad37	source_specimens_1600.jsonl#RAG-fever-10052:A	b3576344620d1006d87fca39def53005749684310d0a4838720e82894ae3dd5d	98a1324d9bbe9a23c524f57d394ae654d1fe4454b4869c07312662b3f420c9cf	source_specimens_1600.jsonl#RAG-fever-10052:B	RIDI-RAG-NATURE-v2-PROSPECTIVE/C2/QWEN3-BM25-K10-RANDOM	0f7babda273f68e2095343f2fb33f2dca3c8720f95ed87ca3a0f47d1b337b063	NO_AUTHORITATIVE_REQUIREMENT_SPECIFIED	TRUE	Primary registered RAG reference/random pair; exact grade-vector equality verified structurally; endpoints hash-bound without comparing outputs; no authoritative source support-count rule specified.
RAG-fever-100615	f4c98a637c58e8f8e1929a33ae1e9a98d8f318eb88aac47846f2b9a5f96cd256	b218a872cf8c77a5494d6404a12477965e9f97cb706c55b2b5f928c6b82af7a1	92cea1790eef11df494df38cb43e691bb57d884c2ddb67a7196db9cabba29cf3	source_specimens_1600.jsonl#RAG-fever-100615:A	5e7ba8d761400395a8f04e4c866ea7c7e802d4ddb658f34bd170b692e0932c9f	102e337f4ba55b38d4298b1a6986360ecce2e5093c65bb31ceef2878c4347f50	source_specimens_1600.jsonl#RAG-fever-100615:B	RIDI-RAG-NATURE-v2-PROSPECTIVE/C2/QWEN3-BM25-K10-RANDOM	0f7babda273f68e2095343f2fb33f2dca3c8720f95ed87ca3a0f47d1b337b063	NO_AUTHORITATIVE_REQUIREMENT_SPECIFIED	TRUE	Primary registered RAG reference/random pair; exact grade-vector equality verified structurally; endpoints hash-bound without comparing outputs; no authoritative source support-count rule specified.
RAG-fever-100617	e548aaae272c058f499117645d51411e94fed68c94405dab147a164e861069d0	30d0a02261cab9f6558815ad3e6aa968ef5dc55b02974965be391c39d649866f	baa64c1009c6e2a668940c38596cffdcc848e8f873d16ea5c279f4af1de71f59	source_specimens_1600.jsonl#RAG-fever-100617:A	25d2640e848e7fc9746ac50ac4bd9a7d6821778565af4c3a3a63f3a385259755	e8e9c93ab210f46d8354cbf8af1a8afeae67312f7bb3751e15fb95631c028cb9	source_specimens_1600.jsonl#RAG-fever-100617:B	RIDI-RAG-NATURE-v2-PROSPECTIVE/C2/QWEN3-BM25-K10-RANDOM	0f7babda273f68e2095343f2fb33f2dca3c8720f95ed87ca3a0f47d1b337b063	NO_AUTHORITATIVE_REQUIREMENT_SPECIFIED	TRUE	Primary registered RAG reference/random pair; exact grade-vector equality verified structurally; endpoints hash-bound without comparing outputs; no authoritative source support-count rule specified.
RAG-fever-100659	2bae4704c3e42c3e4d90544816474f17faf324c4fa614658fa5a3d9d7b465e04	f37bb36850ea266ddfdc21343ae5487255b5207ad7b7741cc25e2a792de02130	3c7ade6c1eef23ecd686be56c429ca532554025054a8c83a6ac4ab4d7644f690	source_specimens_1600.jsonl#RAG-fever-100659:A	1c2634b1dadf55d8904ea36ec8a113de9ab4c2035eb92cfbd94a4c2205d677a5	9449cc292d6ec4803eadcb3d44ae29fbea1a0fccdce5719ecc06bb44d9316657	source_specimens_1600.jsonl#RAG-fever-100659:B	RIDI-RAG-NATURE-v2-PROSPECTIVE/C2/QWEN3-BM25-K10-RANDOM	0f7babda273f68e2095343f2fb33f2dca3c8720f95ed87ca3a0f47d1b337b063	NO_AUTHORITATIVE_REQUIREMENT_SPECIFIED	TRUE	Primary registered RAG reference/random pair; exact grade-vector equality verified structurally; endpoints hash-bound without comparing outputs; no authoritative source support-count rule specified.
RAG-fever-100781	b3cd2619a20020fa28c34c069d843449840d3e6405a4151cb3c3d3e23864749f	861595a061f2a4ebec5ff8d4a668fde59b85eedf8acdc6730abf8e6a0a3e5b4f	681a7ba394e917d8d1774dcf910331e634096be4b724abb97af34cc3b09cb4c4	source_specimens_1600.jsonl#RAG-fever-100781:A	420dc7103909807699d38b4a9c5f7c7fd55c4cb525ab8be9c1b2bebcaec678cf	a11ecc80c03f2e21f6ede73fd8c9226baf5fa68fc731452b77687694e58ccd47	source_specimens_1600.jsonl#RAG-fever-100781:B	RIDI-RAG-NATURE-v2-PROSPECTIVE/C2/QWEN3-BM25-K10-RANDOM	0f7babda273f68e2095343f2fb33f2dca3c8720f95ed87ca3a0f47d1b337b063	NO_AUTHORITATIVE_REQUIREMENT_SPECIFIED	TRUE	Primary registered RAG reference/random pair; exact grade-vector equality verified structurally; endpoints hash-bound without comparing outputs; no authoritative source support-count rule specified.
RAG-fever-100785	0e9bc810c56fb0ca945a0f03b70d39ac1b1b91bb3b59384d27cb6769e8815788	c938b1cee6781ee3e3b4c9c54f880fcb252ae34ec9ca0ee0d2b1a297d7ba644c	2aad25a6da954dee937e9649957b20b3dba8e8a7fc5436412b57795fe9423798	source_specimens_1600.jsonl#RAG-fever-100785:A	57839b7da651e7adf13e21f3c86ae19bb4b4d804568deada63d213c12b7dfe42	f39ede69aae868802b061272c6eded8a1a7c33754010f3c52506221eebbd664d	source_specimens_1600.jsonl#RAG-fever-100785:B	RIDI-RAG-NATURE-v2-PROSPECTIVE/C2/QWEN3-BM25-K10-RANDOM	0f7babda273f68e2095343f2fb33f2dca3c8720f95ed87ca3a0f47d1b337b063	NO_AUTHORITATIVE_REQUIREMENT_SPECIFIED	TRUE	Primary registered RAG reference/random pair; exact grade-vector equality verified structurally; endpoints hash-bound without comparing outputs; no authoritative source support-count rule specified.
RAG-fever-100788	2addeaef8db34033402d9071e99e56078c959d9c9f2d81d8d2b7fc695f8132be	0ea6e42275eab5a92603500c91eb5e5f2b294e208f8f00a7ca869b0fb4853d55	25ecf7c5a274ebc08d27d75d4f6fe79215b857daa4b11ee4fc0c894318cf0e1c	source_specimens_1600.jsonl#RAG-fever-100788:A	c39f6f2e1b89dd163f3edeaf5efe76b3b93c7bc3914392f10fe5bf6641c65d28	9e6f8b5c9295433c030182323e3396f13f3efbcc95ab0b5b0e32a4f8bcf4c5c0	source_specimens_1600.jsonl#RAG-fever-100788:B	RIDI-RAG-NATURE-v2-PROSPECTIVE/C2/QWEN3-BM25-K10-RANDOM	0f7babda273f68e2095343f2fb33f2dca3c8720f95ed87ca3a0f47d1b337b063	NO_AUTHORITATIVE_REQUIREMENT_SPECIFIED	TRUE	Primary registered RAG reference/random pair; exact grade-vector equality verified structurally; endpoints hash-bound without comparing outputs; no authoritative source support-count rule specified.
RAG-fever-100795	8c5c07e2727e09494292efd6de979604e6f8908514b0dca709bffe2da143a043	88121ba7c9b6746efe7a35d46e432b963679036309ac5a6e919bcee0a1687f25	c15b93506faed9d70aa94aa7d0f3fc5d1e413430b3ef6357432a991e92596bb0	source_specimens_1600.jsonl#RAG-fever-100795:A	d597a15147f72b6449acc260c09a5dba667322180659066df0f3d03c9d7a3824	ab28a37cfeab2655f72deefeb35f73558b54b8730c47a303c892bf08026b66f8	source_specimens_1600.jsonl#RAG-fever-100795:B	RIDI-RAG-NATURE-v2-PROSPECTIVE/C2/QWEN3-BM25-K10-RANDOM	0f7babda273f68e2095343f2fb33f2dca3c8720f95ed87ca3a0f47d1b337b063	NO_AUTHORITATIVE_REQUIREMENT_SPECIFIED	TRUE	Primary registered RAG reference/random pair; exact grade-vector equality verified structurally; endpoints hash-bound without comparing outputs; no authoritative source support-count rule specified.
RAG-fever-100852	26172aa178e69df23711d1d8f22b559c02c4ecc71543bfa7d0e9e591ea3ff83c	944fd45ca1aadd883c9f06b38dda8989525c08e3f57ff14bb1239e5e2f9623a4	e04b29de8bd31ef920cefbd30064ee1e830e2a3e81e52f4eeea39f01ca912460	source_specimens_1600.jsonl#RAG-fever-100852:A	111b3e210fae1193b74f605721bc15bb7e1cfb3f09e3189efcff29124b35b61b	f49846f549a9a718d869fa34393d6a90ac1a45da54b3656b089dc685a0214fb7	source_specimens_1600.jsonl#RAG-fever-100852:B	RIDI-RAG-NATURE-v2-PROSPECTIVE/C2/QWEN3-BM25-K10-RANDOM	0f7babda273f68e2095343f2fb33f2dca3c8720f95ed87ca3a0f47d1b337b063	NO_AUTHORITATIVE_REQUIREMENT_SPECIFIED	TRUE	Primary registered RAG reference/random pair; exact grade-vector equality verified structurally; endpoints hash-bound without comparing outputs; no authoritative source support-count rule specified.
RAG-fever-100893	090634ee51f1c721048e0259f88c9707441aaee2a0914e7b74052cbae3142040	d32b0b6f1cb0b08639b0bfe4a566fb7b3c8e8a22836fe649c776d6cb80e3841d	c7600331cb88d2b4e7762fec4ce318687c0c9264b006fc0d2b43a5bc2a6934b4	source_specimens_1600.jsonl#RAG-fever-100893:A	98fea8d858ca7261d99e548d432a401210848ad65f0e64c70138df2cad3f63f1	9f0cbed7762e606429cc779349843009bda0e74b58eb301e17645bc5057ba9ef	source_specimens_1600.jsonl#RAG-fever-100893:B	RIDI-RAG-NATURE-v2-PROSPECTIVE/C2/QWEN3-BM25-K10-RANDOM	0f7babda273f68e2095343f2fb33f2dca3c8720f95ed87ca3a0f47d1b337b063	NO_AUTHORITATIVE_REQUIREMENT_SPECIFIED	TRUE	Primary registered RAG reference/random pair; exact grade-vector equality verified structurally; endpoints hash-bound without comparing outputs; no authoritative source support-count rule specified.
RAG-fever-101008	02a8b503d0dc9a8f773aad629449a947ef6e7ad94102068b955c409b61baa182	8e8449977fb05949c5a317dd68dd1b3383d9bda6a888391b149fe0d9975c3b73	58ca1c8d951f687d1890d1ea4c0a89a2de44e9734c6da49b2a189f0781594a01	source_specimens_1600.jsonl#RAG-fever-101008:A	08aa8f6ee8ae05e65dcd3479d6971cee643b85e6d80ff5dbbc326cc2f2b6d410	2c0e0646d8420181524d99a9bd114ff3f231f990a3fbe30a43aa79099f1c1bc9	source_specimens_1600.jsonl#RAG-fever-101008:B	RIDI-RAG-NATURE-v2-PROSPECTIVE/C2/QWEN3-BM25-K10-RANDOM	0f7babda273f68e2095343f2fb33f2dca3c8720f95ed87ca3a0f47d1b337b063	NO_AUTHORITATIVE_REQUIREMENT_SPECIFIED	TRUE	Primary registered RAG reference/random pair; exact grade-vector equality verified structurally; endpoints hash-bound without comparing outputs; no authoritative source support-count rule specified.
RAG-fever-101014	00138ce214436742ac130d91bb3ec3a49438ca3444df50325a65244c70d8bfce	e386416de2a45392f505c6a213e5d09b14d46b44c1bb88625b5709a3340a3c84	b0e52d50dca90915f0371542d50485fe8519a352ae8dd0da6bb75045be39b287	source_specimens_1600.jsonl#RAG-fever-101014:A	e31d126dcba19f7100a9c0bab99b884f1b787102488f8a6e01088540bceaa2d8	7da4d2c686b5eace414bc4cc83a347b7b38eab30b886774a4a3e062650c7617b	source_specimens_1600.jsonl#RAG-fever-101014:B	RIDI-RAG-NATURE-v2-PROSPECTIVE/C2/QWEN3-BM25-K10-RANDOM	0f7babda273f68e2095343f2fb33f2dca3c8720f95ed87ca3a0f47d1b337b063	NO_AUTHORITATIVE_REQUIREMENT_SPECIFIED	TRUE	Primary registered RAG reference/random pair; exact grade-vector equality verified structurally; endpoints hash-bound without comparing outputs; no authoritative source support-count rule specified.
RAG-fever-101017	ff8536425ad0bdf9ab96acfb9d5f6c915f71bcee5af5dbf7adb3eadc7600bfe9	8f98bb320d2dfe8b6d7bd1be8991b741307dee74d8e27979fcc0aa6b0f0ca897	fbf21802e470853da2de87d8b4f959b8018e0d4f380a93266d484b242495cc49	source_specimens_1600.jsonl#RAG-fever-101017:A	81c1f344e13a641dafd4e53008d2cb19568aa1623a5a5b9347f9d50a139cdab2	d0b68695fd031676374293cbfab8980e1a6797371beea9bd53281171acc7236b	source_specimens_1600.jsonl#RAG-fever-101017:B	RIDI-RAG-NATURE-v2-PROSPECTIVE/C2/QWEN3-BM25-K10-RANDOM	0f7babda273f68e2095343f2fb33f2dca3c8720f95ed87ca3a0f47d1b337b063	NO_AUTHORITATIVE_REQUIREMENT_SPECIFIED	TRUE	Primary registered RAG reference/random pair; exact grade-vector equality verified structurally; endpoints hash-bound without comparing outputs; no authoritative source support-count rule specified.
RAG-fever-101027	61235e1ffcbb9cfc34eb851eb8acc3a6ebfa60a6fdf256de7f63a8dad2017405	6b24274cf29aa6e7e5318a67711689cd4c73e56d05f16e94f68c3865ec1aee24	136fd5fe1de6cb2e3962e2487909324de757fa4ec0524dddd2bd6bd1275106ec	source_specimens_1600.jsonl#RAG-fever-101027:A	ced1825519c8b7a5c61b063e4dca7c463598d9886122e6e608c0c4a2711824ac	aef1cefa5982b7bd280fc1fa2849985818f5ca0816160f62fabfa75a1901ebff	source_specimens_1600.jsonl#RAG-fever-101027:B	RIDI-RAG-NATURE-v2-PROSPECTIVE/C2/QWEN3-BM25-K10-RANDOM	0f7babda273f68e2095343f2fb33f2dca3c8720f95ed87ca3a0f47d1b337b063	NO_AUTHORITATIVE_REQUIREMENT_SPECIFIED	TRUE	Primary registered RAG reference/random pair; exact grade-vector equality verified structurally; endpoints hash-bound without comparing outputs; no authoritative source support-count rule specified.
RAG-fever-101062	ce43da1ec62ac2be3ab2823cdf1ff1592e90b9b536a5c3e7049f125d749708b9	64052b8540ea0a8479c8d144b0540bdc8efe4445ad99b6c5b7313c6401d319d7	07a0794c71781e138080d38b920a69840eaaa36bccea88ec76521a862b0cdb6a	source_specimens_1600.jsonl#RAG-fever-101062:A	6ec15da72e1713bbc5b97296a33d981783f0d96134aa53e6d18cfe958b4a5256	45e567edaa2a47a09b1420696574c09452edc1e28eb5d2f76c4dd642963c5ffe	source_specimens_1600.jsonl#RAG-fever-101062:B	RIDI-RAG-NATURE-v2-PROSPECTIVE/C2/QWEN3-BM25-K10-RANDOM	0f7babda273f68e2095343f2fb33f2dca3c8720f95ed87ca3a0f47d1b337b063	NO_AUTHORITATIVE_REQUIREMENT_SPECIFIED	TRUE	Primary registered RAG reference/random pair; exact grade-vector equality verified structurally; endpoints hash-bound without comparing outputs; no authoritative source support-count rule specified.
RAG-fever-101111	d07fd13966e61f0cee6eecb2acd3a8e2aee8a1b4edd611eec5ca97ba88863950	08afb30ac40b27ff01b94a00d9171aef9adf7101ffdf029eb589134c0617842c	a798f74f94406a66d04bac1c8a894ef1e9127771ac83a86740f8a41983506157	source_specimens_1600.jsonl#RAG-fever-101111:A	9ae358b36aa0d6cc983402bd7a83b72c44821eda267d45391742b6fe330a657c	7166b3d264d310d2ab2cee1f1ba9761db755aacb0789522f59860768a873a3bd	source_specimens_1600.jsonl#RAG-fever-101111:B	RIDI-RAG-NATURE-v2-PROSPECTIVE/C2/QWEN3-BM25-K10-RANDOM	0f7babda273f68e2095343f2fb33f2dca3c8720f95ed87ca3a0f47d1b337b063	NO_AUTHORITATIVE_REQUIREMENT_SPECIFIED	TRUE	Primary registered RAG reference/random pair; exact grade-vector equality verified structurally; endpoints hash-bound without comparing outputs; no authoritative source support-count rule specified.
RAG-fever-101118	936ef2b8f8907d0db19f659aa4cb3cfc0abbb3c80f94f82d4a56dcb51e81feb7	ad440962cf7fdb6dfb1ea9b125083d79846ba229c941387f025bc9301dcbf856	1f9e6eedc0d39437d9fddb9cf0b6069022e2e2f4de1d88ec3a11688644c4a11c	source_specimens_1600.jsonl#RAG-fever-101118:A	ab28ac0cb83546db0d69a59f34731f7be591cc07d6f0b9f3e25ce21e85ec42d1	69c0aa8fe1930f066f7fb1133933eb067fc172e78cb34f8564daa4ac894c8a72	source_specimens_1600.jsonl#RAG-fever-101118:B	RIDI-RAG-NATURE-v2-PROSPECTIVE/C2/QWEN3-BM25-K10-RANDOM	0f7babda273f68e2095343f2fb33f2dca3c8720f95ed87ca3a0f47d1b337b063	NO_AUTHORITATIVE_REQUIREMENT_SPECIFIED	TRUE	Primary registered RAG reference/random pair; exact grade-vector equality verified structurally; endpoints hash-bound without comparing outputs; no authoritative source support-count rule specified.
RAG-fever-101125	f51d91e351031be70cafede5110b96a1b33bfe45d2bc6e851a14228f4730366c	fa269f21bdc21f3a284b6080d22ab2d01c31b9704fb8331d5eaf68d773d0d3e5	0883668cca781604a30acf39c0cde9263dbe3047767e4a75726b13280303ca52	source_specimens_1600.jsonl#RAG-fever-101125:A	2428abe6e9643d3692d55ce762428e55142c7216e4971261a6e7f644b7d3c602	94e1f2be5c8fc416f84d2c026358ffe882da5f7cab0ad8e2d1d2a4bd5300af14	source_specimens_1600.jsonl#RAG-fever-101125:B	RIDI-RAG-NATURE-v2-PROSPECTIVE/C2/QWEN3-BM25-K10-RANDOM	0f7babda273f68e2095343f2fb33f2dca3c8720f95ed87ca3a0f47d1b337b063	NO_AUTHORITATIVE_REQUIREMENT_SPECIFIED	TRUE	Primary registered RAG reference/random pair; exact grade-vector equality verified structurally; endpoints hash-bound without comparing outputs; no authoritative source support-count rule specified.
RAG-fever-101142	6272bb7185b42bdab2995fbf4675591c6e204a63e6bad3c1e3de2bcf88d1197e	7b4323c7a00630f0e0659b7bcaddd4408c3ae711fac54de61cf3ed0dca69cd15	204442f19ec80ec66eec60484c9f417d5d6ebcbbe73849a278a7205b7f5fe24a	source_specimens_1600.jsonl#RAG-fever-101142:A	687d9c513937247543d6dea0d70d9e4e30d32a1091f23fb4ded0fecd840b37c0	1520790354b351dc0239da57a149282bf00567ed1c39cb3fe525d1a3621517fa	source_specimens_1600.jsonl#RAG-fever-101142:B	RIDI-RAG-NATURE-v2-PROSPECTIVE/C2/QWEN3-BM25-K10-RANDOM	0f7babda273f68e2095343f2fb33f2dca3c8720f95ed87ca3a0f47d1b337b063	NO_AUTHORITATIVE_REQUIREMENT_SPECIFIED	TRUE	Primary registered RAG reference/random pair; exact grade-vector equality verified structurally; endpoints hash-bound without comparing outputs; no authoritative source support-count rule specified.
RAG-fever-10117	361aa43689030265ac3ec940284804eaf89fe90583116ab31327fe960eed0129	88d749b2add05bc72d48c81af2b406a14dd9a2126917fa4bee69826523ff469a	e394ebdde142172bb1ef7822e5558b3da641ce11f93e8843034bc25433e0e107	source_specimens_1600.jsonl#RAG-fever-10117:A	076e7780e3bf2f623fb9939ab8ee682461a20faa15ae5e0a9ba1b12a60706a0d	011110aafb39477a9ce46342c0e54ca39196f7bc29217f33b671c521a659e216	source_specimens_1600.jsonl#RAG-fever-10117:B	RIDI-RAG-NATURE-v2-PROSPECTIVE/C2/QWEN3-BM25-K10-RANDOM	0f7babda273f68e2095343f2fb33f2dca3c8720f95ed87ca3a0f47d1b337b063	NO_AUTHORITATIVE_REQUIREMENT_SPECIFIED	TRUE	Primary registered RAG reference/random pair; exact grade-vector equality verified structurally; endpoints hash-bound without comparing outputs; no authoritative source support-count rule specified.
RAG-fever-101176	668f2acbc105bbe51e28161a989a3e4f2f6afdf2853107102b89f35f7847c9f9	d3eafdfc732ecf01a339c30d9d4950d35499a0a695deb4d910618355043394f8	2e6f96d1dc56b0ca3384185f5ed8482984993205ffce2a2e5419385526730e45	source_specimens_1600.jsonl#RAG-fever-101176:A	48716d52f2c99c6c87a40585f3ed8592efdea54003161688b1b0c17e2373ee65	211133e3072f46de2c5109a589b11038f93559511e42ddb1309d99cb42b9b609	source_specimens_1600.jsonl#RAG-fever-101176:B	RIDI-RAG-NATURE-v2-PROSPECTIVE/C2/QWEN3-BM25-K10-RANDOM	0f7babda273f68e2095343f2fb33f2dca3c8720f95ed87ca3a0f47d1b337b063	NO_AUTHORITATIVE_REQUIREMENT_SPECIFIED	TRUE	Primary registered RAG reference/random pair; exact grade-vector equality verified structurally; endpoints hash-bound without comparing outputs; no authoritative source support-count rule specified.
RAG-fever-10118	f3ad49e4ce131181265881115d299090d4199857bacf830ebfa5799f14e6e5a8	791ac268b9fe2628975102bf57292d97ca7c7bc2713e7cbde1b5a00fac9a9f5f	9fce73b016056e35916d189daebfef10252b92905315d19c2097b9b04d5fdd7f	source_specimens_1600.jsonl#RAG-fever-10118:A	8c655415b81f618e194940f551ae6a30a976de831834185b2ec72b88df527740	3e541247ef895281ce24ade07576c89a41f95d2fdc5bb48c67ec5f25e4330178	source_specimens_1600.jsonl#RAG-fever-10118:B	RIDI-RAG-NATURE-v2-PROSPECTIVE/C2/QWEN3-BM25-K10-RANDOM	0f7babda273f68e2095343f2fb33f2dca3c8720f95ed87ca3a0f47d1b337b063	NO_AUTHORITATIVE_REQUIREMENT_SPECIFIED	TRUE	Primary registered RAG reference/random pair; exact grade-vector equality verified structurally; endpoints hash-bound without comparing outputs; no authoritative source support-count rule specified.
RAG-fever-101224	3ac91632a196a4bac63b7d070a1e569efcda96edf67678aded42a78146741568	83be390c67f48b9e8dc3b7064ef99477de8f8b4d0c72ef811dd1f60287f622fc	344892b7bd9c057b9d1a4981a0d701c639f514891a83cb52924709d0f0d820f2	source_specimens_1600.jsonl#RAG-fever-101224:A	d64c95231dd806822507fd656d027f280494ec7339ba5d27ae7d35f9764b1fe7	3d0bda0e72b2eeb7c947965ab34d80fd83b55f2c319a8fec1168c3f9d6dfa4e8	source_specimens_1600.jsonl#RAG-fever-101224:B	RIDI-RAG-NATURE-v2-PROSPECTIVE/C2/QWEN3-BM25-K10-RANDOM	0f7babda273f68e2095343f2fb33f2dca3c8720f95ed87ca3a0f47d1b337b063	NO_AUTHORITATIVE_REQUIREMENT_SPECIFIED	TRUE	Primary registered RAG reference/random pair; exact grade-vector equality verified structurally; endpoints hash-bound without comparing outputs; no authoritative source support-count rule specified.
RAG-fever-101300	96a76d0ec55f92dc69a25f9a93679a5281f2e0168bec281e5e46f205e2cd8851	fc04b527753340b9426b02a8bf7e233ea9a3e2ba84ba769897f716ca8a6d5343	46489e7fd09ba98d9e42ce5101431ad7c9b719f4831173519d75c3a8b344a402	source_specimens_1600.jsonl#RAG-fever-101300:A	489f11a4c9d46eca2fbf72bdae75404db9c851739e54338ed01732d1e31610d5	b0920fee510c648e4a8056b27b158428e4c6ab1f40ac6f25b7080c35574114cc	source_specimens_1600.jsonl#RAG-fever-101300:B	RIDI-RAG-NATURE-v2-PROSPECTIVE/C2/QWEN3-BM25-K10-RANDOM	0f7babda273f68e2095343f2fb33f2dca3c8720f95ed87ca3a0f47d1b337b063	NO_AUTHORITATIVE_REQUIREMENT_SPECIFIED	TRUE	Primary registered RAG reference/random pair; exact grade-vector equality verified structurally; endpoints hash-bound without comparing outputs; no authoritative source support-count rule specified.
RAG-fever-101462	cbe96448bd8153722805d7e138fdb4f88422bf5f9e640870b61616801847886d	a8d5eb4e1b0c8d349081302fe2edc598cee214ec7c62a28e8cfa0b027c2fea03	339823c15e5a31035cac71dff9282c5df02f964bf41aed96623b1f1a4790f1f2	source_specimens_1600.jsonl#RAG-fever-101462:A	d72bbb42ab5b4b7ffbd19a184eaa2653374c504c7462de1a08313db72cf36118	ea7bd6988c288e0dd231e7b31a78dee9abb0dde5cc95ce2b48c79a20f3631ddd	source_specimens_1600.jsonl#RAG-fever-101462:B	RIDI-RAG-NATURE-v2-PROSPECTIVE/C2/QWEN3-BM25-K10-RANDOM	0f7babda273f68e2095343f2fb33f2dca3c8720f95ed87ca3a0f47d1b337b063	NO_AUTHORITATIVE_REQUIREMENT_SPECIFIED	TRUE	Primary registered RAG reference/random pair; exact grade-vector equality verified structurally; endpoints hash-bound without comparing outputs; no authoritative source support-count rule specified.
RAG-fever-101473	da1af70359914764dff97a72ca165760926bfb1bdd01f660415e84576affb868	48d2b2cde8281fdd6e10b440bc7913632910545e84bd9958d3d9b52819797074	3372413ee07ae58828f56bf828dbc91e12e4b0bb72f34b5a423f1c2db9a0d68d	source_specimens_1600.jsonl#RAG-fever-101473:A	8760c53eb01f69566ffa3225de16bf3114f33f4891e669faebdfb49a48a6ece0	e2f72f5c29f078b3099c00a57378554e4026a501300a8026a7c9aa046023e8ad	source_specimens_1600.jsonl#RAG-fever-101473:B	RIDI-RAG-NATURE-v2-PROSPECTIVE/C2/QWEN3-BM25-K10-RANDOM	0f7babda273f68e2095343f2fb33f2dca3c8720f95ed87ca3a0f47d1b337b063	NO_AUTHORITATIVE_REQUIREMENT_SPECIFIED	TRUE	Primary registered RAG reference/random pair; exact grade-vector equality verified structurally; endpoints hash-bound without comparing outputs; no authoritative source support-count rule specified.
RAG-fever-10151	0709c4ccb09c8fbde6e572817b7dc78fc23e4f1d0fa9ca8ec1b891b79bf7c54f	1804fbbcbcf6476c67e795a7357b95f30e800a452771aab5dce52e48f3052731	bdf59a52287548f00cc8d3bb8af34e397456dd49e515673788a2b78769992f3e	source_specimens_1600.jsonl#RAG-fever-10151:A	d1334db284ce8d1bc7732d02468230d5b36d50cddf70c0086d83c333f640e49c	ccb1432641cfaa26bfe80d9368667a4a183f3e924d976c55222dd7eb8ffae9ec	source_specimens_1600.jsonl#RAG-fever-10151:B	RIDI-RAG-NATURE-v2-PROSPECTIVE/C2/QWEN3-BM25-K10-RANDOM	0f7babda273f68e2095343f2fb33f2dca3c8720f95ed87ca3a0f47d1b337b063	NO_AUTHORITATIVE_REQUIREMENT_SPECIFIED	TRUE	Primary registered RAG reference/random pair; exact grade-vector equality verified structurally; endpoints hash-bound without comparing outputs; no authoritative source support-count rule specified.
RAG-fever-101528	07abf074f57f83727780f245ee62624ce55edf09372a38b0d8f761bc28151675	d656b84cf989c7b310a4bc5cdd197b3566bc738dc410f6b87410df20330527c9	0c1d31601e74f885320e0b3aa3496cb459a6834c88fb94dd627229e9bf46871b	source_specimens_1600.jsonl#RAG-fever-101528:A	e13be7ef9d15838189cbe075260e5e29ade0a2d87445aff906ddd12041ffdeff	836bdebb9c5daf13ec58fa802046d9552cbaaf65820605a908c6bc8ad0737da2	source_specimens_1600.jsonl#RAG-fever-101528:B	RIDI-RAG-NATURE-v2-PROSPECTIVE/C2/QWEN3-BM25-K10-RANDOM	0f7babda273f68e2095343f2fb33f2dca3c8720f95ed87ca3a0f47d1b337b063	NO_AUTHORITATIVE_REQUIREMENT_SPECIFIED	TRUE	Primary registered RAG reference/random pair; exact grade-vector equality verified structurally; endpoints hash-bound without comparing outputs; no authoritative source support-count rule specified.
RAG-fever-101552	4ca5ff367cdcf93c1e8bb7c34c7ede9945839c53acbf08f8ed1960719beb0de1	8bc331ac4bad29b5c6724d34ed3d850316f54fa51d8c250ea576f91c1561a95b	872a59d953136e9cca9104be05c055f0eb73e7667ed2a69f46d59570890690b3	source_specimens_1600.jsonl#RAG-fever-101552:A	e06849e6316757a5d956e4ec0d8596ae63a3c05bea42f977a64abfd17db411ca	1429687f5fff10c6ed55ab0b8c762afaf7c5e988fb07c778c5c87c68ae9b4f77	source_specimens_1600.jsonl#RAG-fever-101552:B	RIDI-RAG-NATURE-v2-PROSPECTIVE/C2/QWEN3-BM25-K10-RANDOM	0f7babda273f68e2095343f2fb33f2dca3c8720f95ed87ca3a0f47d1b337b063	NO_AUTHORITATIVE_REQUIREMENT_SPECIFIED	TRUE	Primary registered RAG reference/random pair; exact grade-vector equality verified structurally; endpoints hash-bound without comparing outputs; no authoritative source support-count rule specified.
RAG-fever-101553	44c77e8dbc5126418213fbb95493ec20360c44f740f3f11d5abb1bff3a3ff0de	4f263c00fdfb970996c63795d47bc95916bc89f9cb1644e16ac2b1730c4fe9ef	09c9dac8d2db36335dbe28add2981ae5d017adedd5e8d111fed5d0a290cff43f	source_specimens_1600.jsonl#RAG-fever-101553:A	1f6f133f08b5cc751fb3b32d91c9d7236a411a760bc2bd7c0fc195da2f4a09dc	95d2e40b7597f4f39a6edcfd243c69796e98bedc0324d9eb13442d235f1388b1	source_specimens_1600.jsonl#RAG-fever-101553:B	RIDI-RAG-NATURE-v2-PROSPECTIVE/C2/QWEN3-BM25-K10-RANDOM	0f7babda273f68e2095343f2fb33f2dca3c8720f95ed87ca3a0f47d1b337b063	NO_AUTHORITATIVE_REQUIREMENT_SPECIFIED	TRUE	Primary registered RAG reference/random pair; exact grade-vector equality verified structurally; endpoints hash-bound without comparing outputs; no authoritative source support-count rule specified.
RAG-fever-101565	a40681ce854e30e6b3125b0f7744873e2af5d8e6a24d7f07c3f03ea5800b4336	09ff2d380fa5b1e3df82a176fb4838a40f46ff0bdd9097e874bebb2b62ecfe48	ff30fb9ce1f6857d9c8ab8f600581a4c0c16b20eecfead88b87456f81d07924d	source_specimens_1600.jsonl#RAG-fever-101565:A	3175c8147aadea626959563bc5e3fe16d714e5283dcc5075271bbf4a2ca0b6c7	7294b5436ffd05483f0ec58f116a8075fb61b6a4c21753a46fb1ae4ec29f0511	source_specimens_1600.jsonl#RAG-fever-101565:B	RIDI-RAG-NATURE-v2-PROSPECTIVE/C2/QWEN3-BM25-K10-RANDOM	0f7babda273f68e2095343f2fb33f2dca3c8720f95ed87ca3a0f47d1b337b063	NO_AUTHORITATIVE_REQUIREMENT_SPECIFIED	TRUE	Primary registered RAG reference/random pair; exact grade-vector equality verified structurally; endpoints hash-bound without comparing outputs; no authoritative source support-count rule specified.
RAG-fever-101619	e79bbe234f0803a1ed88e51a686cc605dc04bb9d242c2c2e5c565cdadb7e2b91	8e590eb1a2b1e80fe1ebd068f5097a264d6291464fe162335209c3a56800b16e	7c97bf533ca185db6f04b66992c94cdf57113b32fac8ddb55186a5b0b446e3b2	source_specimens_1600.jsonl#RAG-fever-101619:A	fa9f53abd497426a8480a43911f38764586196e5b234a0c7361a16a656c5105c	e1054ab94308f6ec6ff6aad717f9d1651e7ab3eb3286ceef02baa24547ec3d52	source_specimens_1600.jsonl#RAG-fever-101619:B	RIDI-RAG-NATURE-v2-PROSPECTIVE/C2/QWEN3-BM25-K10-RANDOM	0f7babda273f68e2095343f2fb33f2dca3c8720f95ed87ca3a0f47d1b337b063	NO_AUTHORITATIVE_REQUIREMENT_SPECIFIED	TRUE	Primary registered RAG reference/random pair; exact grade-vector equality verified structurally; endpoints hash-bound without comparing outputs; no authoritative source support-count rule specified.
RAG-fever-101638	6b821f460dc80b6122f041c81ecd0715aa331a59f6492d2701c5b7e162eb6868	b6e345274e3ba26ef11c811d9d13233ce22896116e4bf48f8dc31d0449cb8f06	43daa0b9c0876778b62ecb07f107d2177e121f3318142eba23412971d825f18e	source_specimens_1600.jsonl#RAG-fever-101638:A	4b8e292f33815fdfa869ff0cc200bd4b1e912cde10c96f878c2f720223fd8e76	3d6e2f5be6208b2805e4ee6d27e159a7b6ecbb018be7a4a53d0c4fcb6e1e90fa	source_specimens_1600.jsonl#RAG-fever-101638:B	RIDI-RAG-NATURE-v2-PROSPECTIVE/C2/QWEN3-BM25-K10-RANDOM	0f7babda273f68e2095343f2fb33f2dca3c8720f95ed87ca3a0f47d1b337b063	NO_AUTHORITATIVE_REQUIREMENT_SPECIFIED	TRUE	Primary registered RAG reference/random pair; exact grade-vector equality verified structurally; endpoints hash-bound without comparing outputs; no authoritative source support-count rule specified.
RAG-fever-101656	3d8a972fc413312d974f6c32fede530c74c63cee4a70d568c733d4d68aa2f1f7	64474e04a43b8f7f86a5a7426664519c63072c81e4a377f5fd344d3fb7c2b740	38147b71f789c6172682d9f5b231c448a231cc7c5d752f9c2b60c0680ebe229a	source_specimens_1600.jsonl#RAG-fever-101656:A	73c144de9d830f7401a36adc7658e0ef8f5bacb7f532042c6349034317cbacb4	1656fd95974444776727b67a4be8d1daf928af760e4fa7734e9a917f8dbc379d	source_specimens_1600.jsonl#RAG-fever-101656:B	RIDI-RAG-NATURE-v2-PROSPECTIVE/C2/QWEN3-BM25-K10-RANDOM	0f7babda273f68e2095343f2fb33f2dca3c8720f95ed87ca3a0f47d1b337b063	NO_AUTHORITATIVE_REQUIREMENT_SPECIFIED	TRUE	Primary registered RAG reference/random pair; exact grade-vector equality verified structurally; endpoints hash-bound without comparing outputs; no authoritative source support-count rule specified.
RAG-fever-101668	6f6d479fcd4da2ccf3616acae4a27e5526dc5858c7498c56bf6825923b09c26a	12570d6430964a0048df031f1ed8457e6312d349ca5d94f2b4813de78bd96696	def97dfa920d1f91897f6409641f9971875148775cfecfe21c93120e83d0df2b	source_specimens_1600.jsonl#RAG-fever-101668:A	64c81f3d8d37e0554341e6aca3c22523c0d040923b47607a72624487e1f4a35c	ea7e1064602fe18c28ffaf6ec488681b95ec932aadce16be58db4fe2c9d44627	source_specimens_1600.jsonl#RAG-fever-101668:B	RIDI-RAG-NATURE-v2-PROSPECTIVE/C2/QWEN3-BM25-K10-RANDOM	0f7babda273f68e2095343f2fb33f2dca3c8720f95ed87ca3a0f47d1b337b063	NO_AUTHORITATIVE_REQUIREMENT_SPECIFIED	TRUE	Primary registered RAG reference/random pair; exact grade-vector equality verified structurally; endpoints hash-bound without comparing outputs; no authoritative source support-count rule specified.
RAG-fever-101680	2b153fd77fa61372fe4cf9e105b3251c33d7f325c69d0299cfaadff1669faa8b	72de2291a6baf1b039b55bdc57ae0d825998d57f013b0b27f618a27bac64a18d	de2a6d5547364a3ed72a0ae7fd4c75e9d3392518a65a49a11487947158738c7c	source_specimens_1600.jsonl#RAG-fever-101680:A	aa7fc0803d85917ff281c0c1103e742741867074eacfc74f8a14953dd6feb4e4	d6d4fdf2199833fca6ea4952a89e0b06dfda219aaf2bc85814184b9affad9096	source_specimens_1600.jsonl#RAG-fever-101680:B	RIDI-RAG-NATURE-v2-PROSPECTIVE/C2/QWEN3-BM25-K10-RANDOM	0f7babda273f68e2095343f2fb33f2dca3c8720f95ed87ca3a0f47d1b337b063	NO_AUTHORITATIVE_REQUIREMENT_SPECIFIED	TRUE	Primary registered RAG reference/random pair; exact grade-vector equality verified structurally; endpoints hash-bound without comparing outputs; no authoritative source support-count rule specified.
RAG-fever-101702	e77cebb84adca04f28633483633c85b12724a8a3e050aad62e9a8875308e18dd	14531b268e5126a03bd570f5a4245db718da984e71bbc13fda6bc238d04fc7b7	af06eb93a7c211d110615b46ed5913728f540b6cef2484607680792c4eccdfb7	source_specimens_1600.jsonl#RAG-fever-101702:A	7eb7e2f31f7915f2d85580797c171e8a2c2b70a5742df13de70a00cfb98a3a8b	cb48cab06c9da6926ddc65ea2688fc37ab248f2f91c2d6ed740ab4eaef631846	source_specimens_1600.jsonl#RAG-fever-101702:B	RIDI-RAG-NATURE-v2-PROSPECTIVE/C2/QWEN3-BM25-K10-RANDOM	0f7babda273f68e2095343f2fb33f2dca3c8720f95ed87ca3a0f47d1b337b063	NO_AUTHORITATIVE_REQUIREMENT_SPECIFIED	TRUE	Primary registered RAG reference/random pair; exact grade-vector equality verified structurally; endpoints hash-bound without comparing outputs; no authoritative source support-count rule specified.
RAG-fever-101795	b7cce2977639bb39fe628214a53a2b6b4bf1c0c60b6a5dd14bd2c094b42c0492	718703cafc86d2b033c5c2268b22863d595ee3f33d9c9c560577204fed947df3	9d73e3c88bb1b58d3360f933b775e2ba5d15e3dee2f9246394a0e4810fd91184	source_specimens_1600.jsonl#RAG-fever-101795:A	8d0e17eb518c1d80ce29d07c086ae0918a9a00ee81b803dc60223c102e43566c	285b902a820ce579bc7656058030267336b8cb818cb06279d4574bb52938487a	source_specimens_1600.jsonl#RAG-fever-101795:B	RIDI-RAG-NATURE-v2-PROSPECTIVE/C2/QWEN3-BM25-K10-RANDOM	0f7babda273f68e2095343f2fb33f2dca3c8720f95ed87ca3a0f47d1b337b063	NO_AUTHORITATIVE_REQUIREMENT_SPECIFIED	TRUE	Primary registered RAG reference/random pair; exact grade-vector equality verified structurally; endpoints hash-bound without comparing outputs; no authoritative source support-count rule specified.
RAG-fever-101808	8ec88063ad361ded5b9278e94765472217b4d654246afe0c8e9b61c14790bd15	d5e8306cd7f4946bed86962de382d9ca2dc7d3a1fe20cf17787a3d8266bc5b6a	c6827ed62aff2f1f514f1cd29b7e6b5fd65a2cfc88fdf44e9385ffe51f2ee554	source_specimens_1600.jsonl#RAG-fever-101808:A	6f5f1eb1e722f857a2136898aa03412e4a39d8e5fd98ed36e9460c40533826ed	a00ce28d5fd39b9b80f14d6195cd0621efb47a3bbcf2899202caa730a2f12515	source_specimens_1600.jsonl#RAG-fever-101808:B	RIDI-RAG-NATURE-v2-PROSPECTIVE/C2/QWEN3-BM25-K10-RANDOM	0f7babda273f68e2095343f2fb33f2dca3c8720f95ed87ca3a0f47d1b337b063	NO_AUTHORITATIVE_REQUIREMENT_SPECIFIED	TRUE	Primary registered RAG reference/random pair; exact grade-vector equality verified structurally; endpoints hash-bound without comparing outputs; no authoritative source support-count rule specified.
RAG-fever-101821	de3cc3d77c60cce0ebf15e41da9a3ce389885b3fa4cf4fbea5a8ad921fac171f	eb64a23c8b1cf79affb050436fe8b50fa6d2980a3a9a633e2d039f2719c51c87	d1c8d7e3dd014e3d4a4d875ec470fd356c90932dd9ff0548e0ceeb28b6abb73a	source_specimens_1600.jsonl#RAG-fever-101821:A	934b1efafbeea2f653eb34c5db9185c1a90b198c21e25e4b8537e93d9de7487f	0139aa12befbc993b37ef78e2a61ffc8fd44f9d999621c9dccee883442673b2d	source_specimens_1600.jsonl#RAG-fever-101821:B	RIDI-RAG-NATURE-v2-PROSPECTIVE/C2/QWEN3-BM25-K10-RANDOM	0f7babda273f68e2095343f2fb33f2dca3c8720f95ed87ca3a0f47d1b337b063	NO_AUTHORITATIVE_REQUIREMENT_SPECIFIED	TRUE	Primary registered RAG reference/random pair; exact grade-vector equality verified structurally; endpoints hash-bound without comparing outputs; no authoritative source support-count rule specified.
RAG-fever-101845	d80c62773e6b8d084f3a90ef87d7b24d9e9a8ca1c8883da961119b5c35b8bd45	68e2456e6d079161dc9961aa70da76bc5c1b5876321af8aadb84b1c7cf2fe6f8	8f27a81a22c90edd0e2dea90cc32b2287e5242f769045d20bb8643cde0288616	source_specimens_1600.jsonl#RAG-fever-101845:A	e152cc938748234998da646f8818fddd2f990dfa3e250e2f93d2faf9e888c68c	f7ab3317bcaddb9993548e972f0894861edb3f71149c9789e57d34f4ebcc7349	source_specimens_1600.jsonl#RAG-fever-101845:B	RIDI-RAG-NATURE-v2-PROSPECTIVE/C2/QWEN3-BM25-K10-RANDOM	0f7babda273f68e2095343f2fb33f2dca3c8720f95ed87ca3a0f47d1b337b063	NO_AUTHORITATIVE_REQUIREMENT_SPECIFIED	TRUE	Primary registered RAG reference/random pair; exact grade-vector equality verified structurally; endpoints hash-bound without comparing outputs; no authoritative source support-count rule specified.
RAG-fever-101883	ebd216c4f703a3d695e7cd067bedc22f4b810835a2dcfe599ad7ddcf8a4e9cea	ad737932c6a070369ee0e4235512b449eab10d6e50e4d793a6db6689429dc7ff	6da987153dabd112b636bdb017f2e67d81bd15018809c7e8a701387b42eb6e53	source_specimens_1600.jsonl#RAG-fever-101883:A	a1d5fb1dd16afeefed8cef07d3c941347797601706008e3c9e9ca66fdeb26c82	a8bcc59aff00bdca11534514f9c518766e2837b1f8e7f03949a050dce49ac68d	source_specimens_1600.jsonl#RAG-fever-101883:B	RIDI-RAG-NATURE-v2-PROSPECTIVE/C2/QWEN3-BM25-K10-RANDOM	0f7babda273f68e2095343f2fb33f2dca3c8720f95ed87ca3a0f47d1b337b063	NO_AUTHORITATIVE_REQUIREMENT_SPECIFIED	TRUE	Primary registered RAG reference/random pair; exact grade-vector equality verified structurally; endpoints hash-bound without comparing outputs; no authoritative source support-count rule specified.
RAG-fever-101906	2cb006eff576276affc3e4ea954a2e88124041ccfec64a4af7b2f72f8637b85a	a07d931a0581915f365f8b2317842f26a7100b905cc3a9d026db2280fa4b77d3	5f29bbf7594360122dfc99d869d91d9de07465543bfd7572ef98c94c46bab7a2	source_specimens_1600.jsonl#RAG-fever-101906:A	869f6fc076b86dbd24e05722c42d71c15c523017f1f22d367a55c8d7ce8d3594	92e784160afc054c463e661673a488a63fb478b56fa3a1ad3fe15c950885dbbe	source_specimens_1600.jsonl#RAG-fever-101906:B	RIDI-RAG-NATURE-v2-PROSPECTIVE/C2/QWEN3-BM25-K10-RANDOM	0f7babda273f68e2095343f2fb33f2dca3c8720f95ed87ca3a0f47d1b337b063	NO_AUTHORITATIVE_REQUIREMENT_SPECIFIED	TRUE	Primary registered RAG reference/random pair; exact grade-vector equality verified structurally; endpoints hash-bound without comparing outputs; no authoritative source support-count rule specified.
RAG-fever-101932	3a92e014e550529628b1aba422cfc45cda7b9ceb1f95e7de00ed0a41f05ad4f8	9c199ac5b10367bb4af801d096eb7d2171da5806c6ad5263f8b7885a2d9c640f	b7cda10bc3133a74784a39b65ed3adef247ffde637383eb589e96d333de85dff	source_specimens_1600.jsonl#RAG-fever-101932:A	dc992e45e088f24a1954739a43b02562c9d2f949378fb1a307f028eac855aec4	ad6a574c78b0e793389364cac29b5da96623b0491652f8c8c8f4c9a9dd5a1090	source_specimens_1600.jsonl#RAG-fever-101932:B	RIDI-RAG-NATURE-v2-PROSPECTIVE/C2/QWEN3-BM25-K10-RANDOM	0f7babda273f68e2095343f2fb33f2dca3c8720f95ed87ca3a0f47d1b337b063	NO_AUTHORITATIVE_REQUIREMENT_SPECIFIED	TRUE	Primary registered RAG reference/random pair; exact grade-vector equality verified structurally; endpoints hash-bound without comparing outputs; no authoritative source support-count rule specified.
RAG-fever-101985	199f3202632e22d55141f412059373c246bdce226e803a5ef1fc4a64bfc71e6b	e613b6a36adc57c52901c0aa096f5ed68f06987863c041e6dc2c70aac009b163	0dd883b198a2f1a45a67e7b0b443a8e714f45e66198926c374f3930d06259b64	source_specimens_1600.jsonl#RAG-fever-101985:A	f91a81d7f9ef5346fe6594acf1453ce5c72068197dbf5a9ded07604fa9fa6d97	df85ea82697edf449771e243773f924b8ff2f506db0b3089d69eeccd6f82c37d	source_specimens_1600.jsonl#RAG-fever-101985:B	RIDI-RAG-NATURE-v2-PROSPECTIVE/C2/QWEN3-BM25-K10-RANDOM	0f7babda273f68e2095343f2fb33f2dca3c8720f95ed87ca3a0f47d1b337b063	NO_AUTHORITATIVE_REQUIREMENT_SPECIFIED	TRUE	Primary registered RAG reference/random pair; exact grade-vector equality verified structurally; endpoints hash-bound without comparing outputs; no authoritative source support-count rule specified.
RAG-fever-102003	f07f25338137f5b82c304f624f60e904ce63a1ed7af96abeb4fb37323a53847e	f7c0158ae104285d54bb933ed92f57ba9fbefde307bb9346d764f614cb4a4b26	c3f7e17e171bc94fc5b639035e81e0cf1e659be246faeffc1cc2079db98cce67	source_specimens_1600.jsonl#RAG-fever-102003:A	06b702aadfb3a03531167e20d87028ef73349c40a55b04fff2ba6d0b789ec9db	c4b9c5808b964f21ad5e5ee705a53412df29f2909b9c0eb84ad590caf4b1a1ba	source_specimens_1600.jsonl#RAG-fever-102003:B	RIDI-RAG-NATURE-v2-PROSPECTIVE/C2/QWEN3-BM25-K10-RANDOM	0f7babda273f68e2095343f2fb33f2dca3c8720f95ed87ca3a0f47d1b337b063	NO_AUTHORITATIVE_REQUIREMENT_SPECIFIED	TRUE	Primary registered RAG reference/random pair; exact grade-vector equality verified structurally; endpoints hash-bound without comparing outputs; no authoritative source support-count rule specified.
RAG-fever-102019	cb5a38e7a6bee8e91e7fc6caef5c60223e71a0cf0acff1163d1547abbf7883d5	bfc0dd5ad0ba990273b4d734f1fc577c625c5218e2b4da7aadbf93293dfb42e8	37860cf5fa2df2e98ddcb76d525b81a62fa847ec4a4b76a86971897e30b54569	source_specimens_1600.jsonl#RAG-fever-102019:A	a901fc4fc96f8594fe3821041396c696ba4737324b9bf0c88826bc1f0b9a5049	45cab85a5c9bcc683e5d6ada3eb0a0c59aff60e07faae78635336152873dee34	source_specimens_1600.jsonl#RAG-fever-102019:B	RIDI-RAG-NATURE-v2-PROSPECTIVE/C2/QWEN3-BM25-K10-RANDOM	0f7babda273f68e2095343f2fb33f2dca3c8720f95ed87ca3a0f47d1b337b063	NO_AUTHORITATIVE_REQUIREMENT_SPECIFIED	TRUE	Primary registered RAG reference/random pair; exact grade-vector equality verified structurally; endpoints hash-bound without comparing outputs; no authoritative source support-count rule specified.
RAG-fever-102020	34fc8422476e7f30559019651c3733031dd1bcf5cb07705a19470676870adadb	c8b9747a89c65af5a9f317fca417c5c87bf71ef9a44866ee20f3aab62c9322b6	eb39be4654ed081d3919692102df9f77f158b79ddc6bf1b58723432c8afe2e7a	source_specimens_1600.jsonl#RAG-fever-102020:A	bcc09cd41a7dd1c78abafe8d99b99b2b911fc29fec9bd0299a2df9d1a59e0988	a84d1f4218cfa1ee5683dd3b88437ce4f204365cf2516f7b83eed98d012a59f7	source_specimens_1600.jsonl#RAG-fever-102020:B	RIDI-RAG-NATURE-v2-PROSPECTIVE/C2/QWEN3-BM25-K10-RANDOM	0f7babda273f68e2095343f2fb33f2dca3c8720f95ed87ca3a0f47d1b337b063	NO_AUTHORITATIVE_REQUIREMENT_SPECIFIED	TRUE	Primary registered RAG reference/random pair; exact grade-vector equality verified structurally; endpoints hash-bound without comparing outputs; no authoritative source support-count rule specified.
RAG-fever-102038	ea61b3c7b7112d177e02bbe6fb5cb536e24fc66998abb7c4170370856ca7bdc5	9b29dc901615a8635219202b6f6d01eaebc9e0c696444e5351add80125730ba3	a6dcb963ec9964e6cb99dc08986e23800193596c9c7e0c40c6c55ade56627b39	source_specimens_1600.jsonl#RAG-fever-102038:A	7e5846ef5cd9faa1730247c8a273551ab8391dbc16b62b54284061bcf2f56f57	86db12dd8742c03287e6aae909cc8d8fa75f334e203e5eda59a0c44db6af2a17	source_specimens_1600.jsonl#RAG-fever-102038:B	RIDI-RAG-NATURE-v2-PROSPECTIVE/C2/QWEN3-BM25-K10-RANDOM	0f7babda273f68e2095343f2fb33f2dca3c8720f95ed87ca3a0f47d1b337b063	NO_AUTHORITATIVE_REQUIREMENT_SPECIFIED	TRUE	Primary registered RAG reference/random pair; exact grade-vector equality verified structurally; endpoints hash-bound without comparing outputs; no authoritative source support-count rule specified.
RAG-fever-102079	8aa543d8e1fad3d55ae10956d8e243e425708b161da7094b0bbf901e895a575f	e6ec3c034aeb0a9644014c45bc01c948c7ee7cddedce437ce64c67e8f8e713a2	c82716fb93f5dc6c9868e20ebf2e1b0e807079de16768a9c98b00f4cbea7599e	source_specimens_1600.jsonl#RAG-fever-102079:A	b2be7d96224272f9aee2ea4f6a5473d29d70562ecef1f7f5430e3017af9ad1e2	f8659623a494a4118799f9e3a2ceb0c838a1795788ea00eaec9ee9be0d003413	source_specimens_1600.jsonl#RAG-fever-102079:B	RIDI-RAG-NATURE-v2-PROSPECTIVE/C2/QWEN3-BM25-K10-RANDOM	0f7babda273f68e2095343f2fb33f2dca3c8720f95ed87ca3a0f47d1b337b063	NO_AUTHORITATIVE_REQUIREMENT_SPECIFIED	TRUE	Primary registered RAG reference/random pair; exact grade-vector equality verified structurally; endpoints hash-bound without comparing outputs; no authoritative source support-count rule specified.
RAG-fever-102120	f2650faafe401fcc29e2ef6d28f4544eaf412a276b5c4c2e697d483aa30747fd	fb447a35066de23552faf538112737ff42b5f4d68ff03146b590508051fda76e	d8678dacb6a79d9ea3a99c8b76e00b6d70e1003a5a223a3d3d474eae4dbfc5d4	source_specimens_1600.jsonl#RAG-fever-102120:A	ce0e0694549b544d994aa48e1570e35751beffb58c6271eabba783949b44df5e	2c96f377b173148c7adbf1c3c80ea658ee9a05aa7a6f394e8c897a48be5072eb	source_specimens_1600.jsonl#RAG-fever-102120:B	RIDI-RAG-NATURE-v2-PROSPECTIVE/C2/QWEN3-BM25-K10-RANDOM	0f7babda273f68e2095343f2fb33f2dca3c8720f95ed87ca3a0f47d1b337b063	NO_AUTHORITATIVE_REQUIREMENT_SPECIFIED	TRUE	Primary registered RAG reference/random pair; exact grade-vector equality verified structurally; endpoints hash-bound without comparing outputs; no authoritative source support-count rule specified.
RAG-fever-102161	f7b6d9b4503f4e0f0571e2fd52a934c92d8c8ccde39b83d025b6bf33f78877fd	59cb2005067465b6e0a38cee5cb71a0b46d2158ea1661fdbf573547a150da1cf	6e20d7dff673c4c9f993bffa6098b31c451b0140d427aa35184635bbf52c5109	source_specimens_1600.jsonl#RAG-fever-102161:A	9d157465a02659545bbcb7098ed81f3979dccf9a5ef74b7b9a6d0ff5f3a60e06	1b43be1e3edd4e86726e0f652ad429e387796e788241aeceb2c8ccd0d26f6e3d	source_specimens_1600.jsonl#RAG-fever-102161:B	RIDI-RAG-NATURE-v2-PROSPECTIVE/C2/QWEN3-BM25-K10-RANDOM	0f7babda273f68e2095343f2fb33f2dca3c8720f95ed87ca3a0f47d1b337b063	NO_AUTHORITATIVE_REQUIREMENT_SPECIFIED	TRUE	Primary registered RAG reference/random pair; exact grade-vector equality verified structurally; endpoints hash-bound without comparing outputs; no authoritative source support-count rule specified.
RAG-fever-102173	aa68e9246757f48b4bb717f64503b25e27d98cc765ee7c9bdef19470ff4994f7	e09fd14a5e633ec955282f74c87173f9f848be8674f52e5985a1450e4e1a6210	94a8adb4e4f58e5429b7e8ee03c9a508b80f19f7eda2e0fd683388a406dac477	source_specimens_1600.jsonl#RAG-fever-102173:A	3c9a64ee424156ebbe79443b125408af2ebc9929b73a2973cac112c71a66750e	2e828b20cfa78dd33ea0c210009ee2167df384e1b8468dad5b608e9398b19203	source_specimens_1600.jsonl#RAG-fever-102173:B	RIDI-RAG-NATURE-v2-PROSPECTIVE/C2/QWEN3-BM25-K10-RANDOM	0f7babda273f68e2095343f2fb33f2dca3c8720f95ed87ca3a0f47d1b337b063	NO_AUTHORITATIVE_REQUIREMENT_SPECIFIED	TRUE	Primary registered RAG reference/random pair; exact grade-vector equality verified structurally; endpoints hash-bound without comparing outputs; no authoritative source support-count rule specified.
RAG-fever-102297	1df305c0d4986314ca7dfaa28bf07dcb15462820daf5a781daa9acb8ebdead6e	3b8574766b28b9a8fdadf422a55e5ac612573150a5390199bdb29d9995b854d4	8e2235060719daee8765e16f9f202a20e3ccc27be5b8043d723440fcd72650bc	source_specimens_1600.jsonl#RAG-fever-102297:A	769bb81011c006e2bd262f6219ffba05b4cda51f4725ff256e1fd8a62ef4a362	2917e075256d4d0e5c1d9df161d62f688dcdbdbc1b7a4f3bacc2953b42ad5123	source_specimens_1600.jsonl#RAG-fever-102297:B	RIDI-RAG-NATURE-v2-PROSPECTIVE/C2/QWEN3-BM25-K10-RANDOM	0f7babda273f68e2095343f2fb33f2dca3c8720f95ed87ca3a0f47d1b337b063	NO_AUTHORITATIVE_REQUIREMENT_SPECIFIED	TRUE	Primary registered RAG reference/random pair; exact grade-vector equality verified structurally; endpoints hash-bound without comparing outputs; no authoritative source support-count rule specified.
RAG-fever-102303	7528f3292c94e94c3416cac53abbc70b3506aff4c66c0765008a53a82be5ae0d	ff4641146995d4fc354c13d5f8aba4708acb0dde9343415564610020891ba626	7346284bcda848d9f31b0d867f75c89217aa27aa849e70a8a75cf161761dd92a	source_specimens_1600.jsonl#RAG-fever-102303:A	8194046b29a58f548f40b5ecfbff0fb77639296078d5b0d1f0410c258f36fd2d	42a653af4560bea7736d8d045bf5dfc789f27568aab47fe2bb3d293f358e7742	source_specimens_1600.jsonl#RAG-fever-102303:B	RIDI-RAG-NATURE-v2-PROSPECTIVE/C2/QWEN3-BM25-K10-RANDOM	0f7babda273f68e2095343f2fb33f2dca3c8720f95ed87ca3a0f47d1b337b063	NO_AUTHORITATIVE_REQUIREMENT_SPECIFIED	TRUE	Primary registered RAG reference/random pair; exact grade-vector equality verified structurally; endpoints hash-bound without comparing outputs; no authoritative source support-count rule specified.
RAG-fever-102417	35e4708298efc41e22c97406b77656357707875e9365c5a461add4c97a54c4b7	d155c1fe71c94e5b7dd291ac18463d87ba82fa9416ad651dc39d658449824ba5	680f15433aa9145322281f0c2127b57b73bf64fc794f84ea5547f0135122a484	source_specimens_1600.jsonl#RAG-fever-102417:A	5d2f185132f4fb089e5d738be7a46178b9b4758f28a5ffd54cf7644be6472063	fbae9d730c4979b2cfc7da12458508186ccc2097ef7ebf42e90014acc797beb7	source_specimens_1600.jsonl#RAG-fever-102417:B	RIDI-RAG-NATURE-v2-PROSPECTIVE/C2/QWEN3-BM25-K10-RANDOM	0f7babda273f68e2095343f2fb33f2dca3c8720f95ed87ca3a0f47d1b337b063	NO_AUTHORITATIVE_REQUIREMENT_SPECIFIED	TRUE	Primary registered RAG reference/random pair; exact grade-vector equality verified structurally; endpoints hash-bound without comparing outputs; no authoritative source support-count rule specified.
RAG-fever-102418	de9f52f9cf00a6d6b735ab598f09d4e6de0974f89511a0853fc5302a67174244	6a971a99ea379203460ac8988ee257c86f73cf3559f2fc01ff87965965662535	8b72f5ca6aee0404857675b7ac8b8596dc4aa9011eacab0733844dc86e32fdb9	source_specimens_1600.jsonl#RAG-fever-102418:A	d5c1fda88f6b05e8688f401109124f3c57dba3373696e011010d6a23f286eec6	04259f7431d9d89eecf4377b531ba1d6980e2cb7044c372484357771674a14f4	source_specimens_1600.jsonl#RAG-fever-102418:B	RIDI-RAG-NATURE-v2-PROSPECTIVE/C2/QWEN3-BM25-K10-RANDOM	0f7babda273f68e2095343f2fb33f2dca3c8720f95ed87ca3a0f47d1b337b063	NO_AUTHORITATIVE_REQUIREMENT_SPECIFIED	TRUE	Primary registered RAG reference/random pair; exact grade-vector equality verified structurally; endpoints hash-bound without comparing outputs; no authoritative source support-count rule specified.
RAG-fever-102523	5a0842d40309316c618d29c8e9154d8b6ce3e3cb48a3572ba4289278c61b65f3	116daf4556bef7fed94e6f9978fa7d5f172f0c7c50be6e77bcdc193e44c511d5	d27c7ddd1042166bb483b90d2005dc30359e087c71145dd91f8eba0d7f45233c	source_specimens_1600.jsonl#RAG-fever-102523:A	617c321f72093b5becdc870a2dc284db208b12929ac80fd2e0432068c7595cca	fa25af16ac6c45683ef44a9cd77327bd17005332a90943c91b13d4aa50974c20	source_specimens_1600.jsonl#RAG-fever-102523:B	RIDI-RAG-NATURE-v2-PROSPECTIVE/C2/QWEN3-BM25-K10-RANDOM	0f7babda273f68e2095343f2fb33f2dca3c8720f95ed87ca3a0f47d1b337b063	NO_AUTHORITATIVE_REQUIREMENT_SPECIFIED	TRUE	Primary registered RAG reference/random pair; exact grade-vector equality verified structurally; endpoints hash-bound without comparing outputs; no authoritative source support-count rule specified.
RAG-fever-102528	2c285b85516190830e032207e75b164e06efeda3322c6500d635261c76e1f2c1	b73628d1af414e8947cf35b4a1ae4378d5dbf065100c14bc3f604eebe4144a12	56b24776c266592f89eb58946acb04f8465544101c48686cf418058c4dc71a5e	source_specimens_1600.jsonl#RAG-fever-102528:A	a354294bc2c533107638290a9bb99ad3bd78c68342e606ea9e2da1af8b3df467	5d26e7cda4116a301bd695f9d247c55305c4d06027fe388f2da01351df25e5e0	source_specimens_1600.jsonl#RAG-fever-102528:B	RIDI-RAG-NATURE-v2-PROSPECTIVE/C2/QWEN3-BM25-K10-RANDOM	0f7babda273f68e2095343f2fb33f2dca3c8720f95ed87ca3a0f47d1b337b063	NO_AUTHORITATIVE_REQUIREMENT_SPECIFIED	TRUE	Primary registered RAG reference/random pair; exact grade-vector equality verified structurally; endpoints hash-bound without comparing outputs; no authoritative source support-count rule specified.
RAG-fever-102540	57763fa486236bd2a8254b768cc346e429f94155835b5863ef216e6b3532f1e0	d4201610c513caac2773260bfc94d41454b8db279695788c98db23e42299e4b7	8f542192421f301e9a32bfc0e53f7d76885bce91b1d0c7374dbbc5388798b655	source_specimens_1600.jsonl#RAG-fever-102540:A	c54a5f1961e0579a225b086714059bafbc6ad1041a20654b669854d09c16cb9b	74ef78a74214191455bc9f2820b6d3fda82c48b8d0e9874bb1797544010b7212	source_specimens_1600.jsonl#RAG-fever-102540:B	RIDI-RAG-NATURE-v2-PROSPECTIVE/C2/QWEN3-BM25-K10-RANDOM	0f7babda273f68e2095343f2fb33f2dca3c8720f95ed87ca3a0f47d1b337b063	NO_AUTHORITATIVE_REQUIREMENT_SPECIFIED	TRUE	Primary registered RAG reference/random pair; exact grade-vector equality verified structurally; endpoints hash-bound without comparing outputs; no authoritative source support-count rule specified.
RAG-fever-102583	b312701f3ea7791aa005f715774de4a0c846b7b47ea70df1dde6d9eeb98759d1	0b81f2c4d21fe7f8f464212c2c6f5b375166443aa42e66f5439f15338db38730	dedaf399b0aae582e4eedd4650933441e4345d806bffd8335932497a1d9efe89	source_specimens_1600.jsonl#RAG-fever-102583:A	aebfdce7571a74d7a4fa169463bc0b1d8d29b642239e8065d4174eeda3e4613b	5e8ef806a4bab8cfc4c54a1ea199209a883a920bb654c6ff2131ac1b87dd65e7	source_specimens_1600.jsonl#RAG-fever-102583:B	RIDI-RAG-NATURE-v2-PROSPECTIVE/C2/QWEN3-BM25-K10-RANDOM	0f7babda273f68e2095343f2fb33f2dca3c8720f95ed87ca3a0f47d1b337b063	NO_AUTHORITATIVE_REQUIREMENT_SPECIFIED	TRUE	Primary registered RAG reference/random pair; exact grade-vector equality verified structurally; endpoints hash-bound without comparing outputs; no authoritative source support-count rule specified.
RAG-fever-102594	a5affa2203d686ad6ad48b1da988aea156b366f0bbf3cdecaf559e990bc5b2eb	be71afed6805b682e587eb7d2c6be13c0c920c79b5af3bda9704fe14fca2ab70	b00a862f76c3a4b8e30815f59bd0a141cc0fc1e70e85d3fa4c202c99b2a2f84f	source_specimens_1600.jsonl#RAG-fever-102594:A	cc1b70895ae3942ff2d4df191e3aa52ca039f8509aa3ad83bd48aaf5a5e7ce1a	fb3298521a8609b541cc31c51a88c0062ff5a024e6be94a4d4fbc66b265e1c2c	source_specimens_1600.jsonl#RAG-fever-102594:B	RIDI-RAG-NATURE-v2-PROSPECTIVE/C2/QWEN3-BM25-K10-RANDOM	0f7babda273f68e2095343f2fb33f2dca3c8720f95ed87ca3a0f47d1b337b063	NO_AUTHORITATIVE_REQUIREMENT_SPECIFIED	TRUE	Primary registered RAG reference/random pair; exact grade-vector equality verified structurally; endpoints hash-bound without comparing outputs; no authoritative source support-count rule specified.
RAG-fever-102600	526d2901ecc414f4e6a1c092948d77293076444bdb2049449b13e5665870816d	91ce9d48b5351d020accfc88d9eccddea1e483e4a406a0fa213db34e604df3a3	e46079444fa83ed1601729a48bd34024873e5fae51f1c3384cec83378d4237a9	source_specimens_1600.jsonl#RAG-fever-102600:A	c053f235e1cf8be09da719b58193ec1649acfb221a688dbd2dac1e9505913e92	f4f5de149182dcb36ccc7b2125ea98078749a5f70a393bd0a4013e695af82c71	source_specimens_1600.jsonl#RAG-fever-102600:B	RIDI-RAG-NATURE-v2-PROSPECTIVE/C2/QWEN3-BM25-K10-RANDOM	0f7babda273f68e2095343f2fb33f2dca3c8720f95ed87ca3a0f47d1b337b063	NO_AUTHORITATIVE_REQUIREMENT_SPECIFIED	TRUE	Primary registered RAG reference/random pair; exact grade-vector equality verified structurally; endpoints hash-bound without comparing outputs; no authoritative source support-count rule specified.
RAG-fever-10261	a6077cf08a650bf6bfa014eef3abe189b1643b298b15a2a6674e7c0560387fcf	c17a52cd6bd9b20e29de6fbefc6382b1513b644994ac4651f969fafa3276475b	bf1111397e296c9fca755bf6d71403e18b2213ef741acd4ef565ddc406f7b6ed	source_specimens_1600.jsonl#RAG-fever-10261:A	b12f48cfcd6c50019725d6f38ef884328d6deae21a912432a53572367bdc87b3	74c4ba50a876fa935b69cb971b0bc7012510ef1d7b1a14f1ff091d1a41c36aa5	source_specimens_1600.jsonl#RAG-fever-10261:B	RIDI-RAG-NATURE-v2-PROSPECTIVE/C2/QWEN3-BM25-K10-RANDOM	0f7babda273f68e2095343f2fb33f2dca3c8720f95ed87ca3a0f47d1b337b063	NO_AUTHORITATIVE_REQUIREMENT_SPECIFIED	TRUE	Primary registered RAG reference/random pair; exact grade-vector equality verified structurally; endpoints hash-bound without comparing outputs; no authoritative source support-count rule specified.
RAG-fever-10262	af5f40fdf350d8e331bc8a121ebfc42c7a66afde518bfd5cef7dec681bbef722	52bb72832bdfef4d5cd0a49683326a21a64bc5722b54cc2ede1ef3af2fecb3dd	52ebc99c58b853539ce3cbead14c4e2e355078abe6a949239061ffdf90fe2657	source_specimens_1600.jsonl#RAG-fever-10262:A	d1a15dcdc57f779ba208755877795fc7b05bfed5496fa37b01de6122768a73b2	dc7c45ab2c9f8dbafa40fc039c7903be124b9aa687721231bf69988978e84498	source_specimens_1600.jsonl#RAG-fever-10262:B	RIDI-RAG-NATURE-v2-PROSPECTIVE/C2/QWEN3-BM25-K10-RANDOM	0f7babda273f68e2095343f2fb33f2dca3c8720f95ed87ca3a0f47d1b337b063	NO_AUTHORITATIVE_REQUIREMENT_SPECIFIED	TRUE	Primary registered RAG reference/random pair; exact grade-vector equality verified structurally; endpoints hash-bound without comparing outputs; no authoritative source support-count rule specified.
RAG-fever-102636	144a9065194d45430462dfb2c6ea4f0fda8654620b9ccf9cf5596c25e8d77475	5e4b4934d271b1f3b7466928bcc8c33b6e25da86293c33f272251c76e7823025	7a16ea68af35de9d33ef35bf2ab73868d294aa22a1ea0af122a66539032f49a1	source_specimens_1600.jsonl#RAG-fever-102636:A	caf7610b96303a004b85ab99fc9ca755da74bbfef0aea901acdd91e83e73c94d	425c017921a91c0b6a0911b5e82203c106895a568eb913501034804a786107f9	source_specimens_1600.jsonl#RAG-fever-102636:B	RIDI-RAG-NATURE-v2-PROSPECTIVE/C2/QWEN3-BM25-K10-RANDOM	0f7babda273f68e2095343f2fb33f2dca3c8720f95ed87ca3a0f47d1b337b063	NO_AUTHORITATIVE_REQUIREMENT_SPECIFIED	TRUE	Primary registered RAG reference/random pair; exact grade-vector equality verified structurally; endpoints hash-bound without comparing outputs; no authoritative source support-count rule specified.
RAG-fever-102741	df9f796ac263ccc03a4461ebab5a3d3436f1cb10f9bfa11e1bd5a2e4653afbf2	b21aa013b6f2b6ab13d31f8828a306bb27e785d9fd988df7d5bf6ffcc728e089	cae78345378a1efdd1aebd3a3353445c59694089f8c614be58747b7a330262aa	source_specimens_1600.jsonl#RAG-fever-102741:A	e62fa81c039f884b076eaa65248370f603fbb5176c5168e396ad6183ca0442c0	7f9b4d39f2ce946c816a91a8d99ca2a48215c4a57748ab5906baff77827fcc2a	source_specimens_1600.jsonl#RAG-fever-102741:B	RIDI-RAG-NATURE-v2-PROSPECTIVE/C2/QWEN3-BM25-K10-RANDOM	0f7babda273f68e2095343f2fb33f2dca3c8720f95ed87ca3a0f47d1b337b063	NO_AUTHORITATIVE_REQUIREMENT_SPECIFIED	TRUE	Primary registered RAG reference/random pair; exact grade-vector equality verified structurally; endpoints hash-bound without comparing outputs; no authoritative source support-count rule specified.
RAG-fever-102745	8f6331a4f47af6791f5b1da3f5fd9c8c65bf0ceafbd37076a368a82cc00f0c00	611d5ede5bbcb95882f033d77fcaee35b41005ef7cd7f49f42f4b44f8161324a	7e8e981c6efa5ccc1e91e575c78d0bae630b13c7c5ff3f6ffa24aa1ca349a9ad	source_specimens_1600.jsonl#RAG-fever-102745:A	ed736cb12babc77b645a808da16cbeb837bd8756b0e8750f6a3bc6d67d3a276b	b70ae82a085b1b3be6424cb5253a95ea8523702eec75ce101f19258a63f55ec7	source_specimens_1600.jsonl#RAG-fever-102745:B	RIDI-RAG-NATURE-v2-PROSPECTIVE/C2/QWEN3-BM25-K10-RANDOM	0f7babda273f68e2095343f2fb33f2dca3c8720f95ed87ca3a0f47d1b337b063	NO_AUTHORITATIVE_REQUIREMENT_SPECIFIED	TRUE	Primary registered RAG reference/random pair; exact grade-vector equality verified structurally; endpoints hash-bound without comparing outputs; no authoritative source support-count rule specified.
RAG-fever-102784	68009ba874e120029a89dd0d95726a479e3ff3bb0e2e6f321a1ffb1ce17d17f0	be548632d9895d7a269580e77ce473090f841eda49d465affc63b9ede07dd487	482fcb2fef48dabc5729facef6b767a0a99bee26a5705176e79667ab2e5e9155	source_specimens_1600.jsonl#RAG-fever-102784:A	f00525bdb1c9cc3e5fd5fd1c735c631f93273d2af8b735f45f23194349ae396b	5a734b771b7f72416d440569293d1f8f30ad0b02d540c5e455e30d859b010d18	source_specimens_1600.jsonl#RAG-fever-102784:B	RIDI-RAG-NATURE-v2-PROSPECTIVE/C2/QWEN3-BM25-K10-RANDOM	0f7babda273f68e2095343f2fb33f2dca3c8720f95ed87ca3a0f47d1b337b063	NO_AUTHORITATIVE_REQUIREMENT_SPECIFIED	TRUE	Primary registered RAG reference/random pair; exact grade-vector equality verified structurally; endpoints hash-bound without comparing outputs; no authoritative source support-count rule specified.
RAG-fever-102789	f0a8db5d598814289083ce5064bbd667f5236ff599ed94ac79ae2a12eb2a3590	3fc6963e14588c516d22af704408ef4df7054766d454c38c0307d2d731c58eb8	1045debbd12591f222088eff355d0adaaca92fac8d07e1913c866fb0e2495b11	source_specimens_1600.jsonl#RAG-fever-102789:A	704b6394de73dc9f5da16a86be588f78bee3070b9ae14e24b19a6c1fce646f79	22d86f014f8570f578783bc9469f67ccc5b8d8b6c7bccdc7db79d87e2ed665df	source_specimens_1600.jsonl#RAG-fever-102789:B	RIDI-RAG-NATURE-v2-PROSPECTIVE/C2/QWEN3-BM25-K10-RANDOM	0f7babda273f68e2095343f2fb33f2dca3c8720f95ed87ca3a0f47d1b337b063	NO_AUTHORITATIVE_REQUIREMENT_SPECIFIED	TRUE	Primary registered RAG reference/random pair; exact grade-vector equality verified structurally; endpoints hash-bound without comparing outputs; no authoritative source support-count rule specified.
RAG-fever-102797	a85578f8142c435f15394b9292dfc55b295c829da9e2643270bd07c0968f7307	711873892af0cc5645d73a506d03c253e02cb1c4b6568fb842a2e118b492d999	75cadb799062251d67306e12ca777f2c0e907146357a573bf88f008599ecd419	source_specimens_1600.jsonl#RAG-fever-102797:A	a25e57f8514c4ca10edd49894573bd2069b1652592e5c1cc0114dd428aeadfc9	8c49254ce73da3460b47d48f1b48db52372316d307f72c7c6c9936983d97d6a3	source_specimens_1600.jsonl#RAG-fever-102797:B	RIDI-RAG-NATURE-v2-PROSPECTIVE/C2/QWEN3-BM25-K10-RANDOM	0f7babda273f68e2095343f2fb33f2dca3c8720f95ed87ca3a0f47d1b337b063	NO_AUTHORITATIVE_REQUIREMENT_SPECIFIED	TRUE	Primary registered RAG reference/random pair; exact grade-vector equality verified structurally; endpoints hash-bound without comparing outputs; no authoritative source support-count rule specified.
RAG-fever-102872	6385989270653a90b31f047142b8f7e443d60823f3aa447c8e722e36b1dc5380	4c55582540894a24dd4f30cf6e627a7b1d41f9e5e5f1195dc9021442fdccc91d	9acced3b95583e11ac9da7992cf39cb8a14a35cc06a3e6028eed05c5a21f5ac0	source_specimens_1600.jsonl#RAG-fever-102872:A	f24e25b57067bb39a5e9a3ed5b24743d9fdbf74d6a98b75c569c4bd22ba6e803	33e9e599a92cb608d56959c1b5bd23bd3b7de63731b4b42864c093e228bb7376	source_specimens_1600.jsonl#RAG-fever-102872:B	RIDI-RAG-NATURE-v2-PROSPECTIVE/C2/QWEN3-BM25-K10-RANDOM	0f7babda273f68e2095343f2fb33f2dca3c8720f95ed87ca3a0f47d1b337b063	NO_AUTHORITATIVE_REQUIREMENT_SPECIFIED	TRUE	Primary registered RAG reference/random pair; exact grade-vector equality verified structurally; endpoints hash-bound without comparing outputs; no authoritative source support-count rule specified.
RAG-fever-102876	29cb759f6b90275dcc39e3feabdd03c5740a32c75b04f04f1160c83ab7243a4d	6f4da876df2b56e486de37f8cddc240279f80ab7efdb76fe6851bdbf654d70e6	08f8fb36a1098e543bb6952821534e91771eac9fea2e171e3e1991eb5cf197d4	source_specimens_1600.jsonl#RAG-fever-102876:A	750ddc83c266c1a68cf6c0af624bf97e10674265f812c886940cd56a76533010	f452d7f04f804289501836a7a53fe33d836232f282abd238054420e272e70f6b	source_specimens_1600.jsonl#RAG-fever-102876:B	RIDI-RAG-NATURE-v2-PROSPECTIVE/C2/QWEN3-BM25-K10-RANDOM	0f7babda273f68e2095343f2fb33f2dca3c8720f95ed87ca3a0f47d1b337b063	NO_AUTHORITATIVE_REQUIREMENT_SPECIFIED	TRUE	Primary registered RAG reference/random pair; exact grade-vector equality verified structurally; endpoints hash-bound without comparing outputs; no authoritative source support-count rule specified.
RAG-fever-102884	31616b162628d620b4999496f639046b2a4937299bb06c545f72ddf12bbc8a65	c95c17349a58cf31c23d1e785b363994288829e6610299e33458b1dca5ab26d0	caaebb13270452bb11c2d9db3f9eb48de878e2d0c02357fdde7cb53cb9cb0ae6	source_specimens_1600.jsonl#RAG-fever-102884:A	124b0c2da7739eb928070000985b5b0696a88eef39ccf32a92850f749be5a00a	8fdae3fa401835a4b51622ad3744d11fe9f05dd42cb3446627eb90035af3cb15	source_specimens_1600.jsonl#RAG-fever-102884:B	RIDI-RAG-NATURE-v2-PROSPECTIVE/C2/QWEN3-BM25-K10-RANDOM	0f7babda273f68e2095343f2fb33f2dca3c8720f95ed87ca3a0f47d1b337b063	NO_AUTHORITATIVE_REQUIREMENT_SPECIFIED	TRUE	Primary registered RAG reference/random pair; exact grade-vector equality verified structurally; endpoints hash-bound without comparing outputs; no authoritative source support-count rule specified.
RAG-fever-102911	570a58d17f701ac7d42d280b8e2d03e6da50086934de0764f83d01ee96232c26	7bc84e85f84a4f3f080b6507d1c85dd0fa174c488a92ae77cb18490cb811c4cd	501a8331893df525a70b0041627e19129324591297d10487e7f2495dbf5e85f4	source_specimens_1600.jsonl#RAG-fever-102911:A	77e079288a35d7ee4c15208080f2f6447e1747fc3e3065d81480caa7edb72623	360f9f62a512e37f157064b8db858699ad97542457623a9fce46f64847c95741	source_specimens_1600.jsonl#RAG-fever-102911:B	RIDI-RAG-NATURE-v2-PROSPECTIVE/C2/QWEN3-BM25-K10-RANDOM	0f7babda273f68e2095343f2fb33f2dca3c8720f95ed87ca3a0f47d1b337b063	NO_AUTHORITATIVE_REQUIREMENT_SPECIFIED	TRUE	Primary registered RAG reference/random pair; exact grade-vector equality verified structurally; endpoints hash-bound without comparing outputs; no authoritative source support-count rule specified.
RAG-fever-102986	623cf77d654241e6c1f3e2fde6ad1ba70e3dbade3b292f9c4b00e94bdab3e65b	6937417714bfa9ab92ddbf8b6da578bbdd06545924be5e2cd588a644e03db664	2e66e4cd133aea693d13a872903480b1f60c724a6d687a49be75146ea6e3fbf2	source_specimens_1600.jsonl#RAG-fever-102986:A	213970c3036665cf81136132b0f9bd2f0497df59169936cc8d58d4a145f26259	b632e5b9e08853eb551153254ede5de3cd6f9c8e11ab8c75bc29dc0568f72dff	source_specimens_1600.jsonl#RAG-fever-102986:B	RIDI-RAG-NATURE-v2-PROSPECTIVE/C2/QWEN3-BM25-K10-RANDOM	0f7babda273f68e2095343f2fb33f2dca3c8720f95ed87ca3a0f47d1b337b063	NO_AUTHORITATIVE_REQUIREMENT_SPECIFIED	TRUE	Primary registered RAG reference/random pair; exact grade-vector equality verified structurally; endpoints hash-bound without comparing outputs; no authoritative source support-count rule specified.
RAG-fever-102990	dd3c832f990c4278c183dfc3cf4a8efdb5f7a8050caa0b259c42db358848b286	6045104799ba806da3c93f490e3eed09c1ba39f6b04a04141d901626335e4ece	12afa207be0718811135dd3f60e2d42e2029def8f17fa57c1fde38d7dc008c29	source_specimens_1600.jsonl#RAG-fever-102990:A	e331324507383f6dd781845a41129d34f73b01d999631c0eae2c61d4ed80db6b	ca9acadc717d0258d26aabc8c70f3182a4a778b7f5e990f81d1aab0292a48d1d	source_specimens_1600.jsonl#RAG-fever-102990:B	RIDI-RAG-NATURE-v2-PROSPECTIVE/C2/QWEN3-BM25-K10-RANDOM	0f7babda273f68e2095343f2fb33f2dca3c8720f95ed87ca3a0f47d1b337b063	NO_AUTHORITATIVE_REQUIREMENT_SPECIFIED	TRUE	Primary registered RAG reference/random pair; exact grade-vector equality verified structurally; endpoints hash-bound without comparing outputs; no authoritative source support-count rule specified.
RAG-fever-10300	564454cbbfbec63f272f10d3e05eeb41779f26c0e179aa76ba3e75eb52fe5090	d96286d2523c8dc6e91407090c02f2f694fd26073bddb15870fb73216071bebc	281d8514e2b9867e727930319fd211389dff50fb18ff6961bf79075e03da6414	source_specimens_1600.jsonl#RAG-fever-10300:A	1032c33bbc0ac8765a79487b473cdd23c1402e048fae60bdcbc37e70c331e89a	32f2861f7feb5ec7cd60e92200498cb4e56f1fd0ba9b97339251dd3a694d7eaf	source_specimens_1600.jsonl#RAG-fever-10300:B	RIDI-RAG-NATURE-v2-PROSPECTIVE/C2/QWEN3-BM25-K10-RANDOM	0f7babda273f68e2095343f2fb33f2dca3c8720f95ed87ca3a0f47d1b337b063	NO_AUTHORITATIVE_REQUIREMENT_SPECIFIED	TRUE	Primary registered RAG reference/random pair; exact grade-vector equality verified structurally; endpoints hash-bound without comparing outputs; no authoritative source support-count rule specified.
RAG-fever-103003	b2b842915adc85cbc13b4b5f26c8b92405aa31a620062fc364f760f3aa0ec7c5	2c500a2c8406d92af5dc853c88edc679c4f929f7aef666443a3906140ca05b48	b550dde80a5eb37de5c9b13ebb6de608e4589a7be830afda838f67130a35762f	source_specimens_1600.jsonl#RAG-fever-103003:A	933e39f1dc0d361b08e36940475e6a929c5ed080d159201a7d97166fcb7a077c	8be56e4fa0728c14637dc45eb9472903a09c2c2507c0a07273544b085c46a9de	source_specimens_1600.jsonl#RAG-fever-103003:B	RIDI-RAG-NATURE-v2-PROSPECTIVE/C2/QWEN3-BM25-K10-RANDOM	0f7babda273f68e2095343f2fb33f2dca3c8720f95ed87ca3a0f47d1b337b063	NO_AUTHORITATIVE_REQUIREMENT_SPECIFIED	TRUE	Primary registered RAG reference/random pair; exact grade-vector equality verified structurally; endpoints hash-bound without comparing outputs; no authoritative source support-count rule specified.
RAG-fever-103040	6e0d1ad2da7ef6cf3930cedcfc0296fd241d426640c696ef3417a1175719d428	a14c2965a6daa25be94bb6504f70418a9de75b640c7787408c6da45f39f996e5	346713922b9ae742d2d4134e65cd8f3ecc952f22a37dfb177e9344e8e4717a83	source_specimens_1600.jsonl#RAG-fever-103040:A	5144304951e10ebf96208b2cd65754f0b3f3a5ea60471826eeee2e052af35106	59b99d491189dd5f9c095ef1c68bb6adae6477ca18a3b08ca5460b8c6b921938	source_specimens_1600.jsonl#RAG-fever-103040:B	RIDI-RAG-NATURE-v2-PROSPECTIVE/C2/QWEN3-BM25-K10-RANDOM	0f7babda273f68e2095343f2fb33f2dca3c8720f95ed87ca3a0f47d1b337b063	NO_AUTHORITATIVE_REQUIREMENT_SPECIFIED	TRUE	Primary registered RAG reference/random pair; exact grade-vector equality verified structurally; endpoints hash-bound without comparing outputs; no authoritative source support-count rule specified.
RAG-fever-103050	49ad69ca7fcbd347f9e7b64e04a3a45ea433d82ae6a25a4eef7186ae8802880c	dbf4ca2fed8cc91f3225622f939741e673e987912a152fdc4f9fe1526bf8c69b	1613c47df417dca7449f3a9c053e6e7a8677e408073cee95d5a16d2bfcb6b54d	source_specimens_1600.jsonl#RAG-fever-103050:A	c429e194b1e65d6be93eb58765379c83d96d63d54f76755824521a99ebc8677b	2f49e5e38dec07309e6534b2270db343576ae269409523711b08b5dc13f07f47	source_specimens_1600.jsonl#RAG-fever-103050:B	RIDI-RAG-NATURE-v2-PROSPECTIVE/C2/QWEN3-BM25-K10-RANDOM	0f7babda273f68e2095343f2fb33f2dca3c8720f95ed87ca3a0f47d1b337b063	NO_AUTHORITATIVE_REQUIREMENT_SPECIFIED	TRUE	Primary registered RAG reference/random pair; exact grade-vector equality verified structurally; endpoints hash-bound without comparing outputs; no authoritative source support-count rule specified.
RAG-fever-103051	e609c1446d853d3798824181612e1618a7d153c90136d479f3dc17f21817752d	1510ff5d3c82d01cfd91c13bb8477758bcd212e1cc50553dc7c230fda5c01199	d6763fc16d549007bf7f25a92584675ce759fa671b45a89e7467216374d8373a	source_specimens_1600.jsonl#RAG-fever-103051:A	d4bd807efac36b7e83f5c18a3897ea9c0787c2dd3b1450c5fdc8a7c6a57705d6	08d6cf2672ebbd3c201af6a34f45c340f5a71b60feff70f013bb6495ca5ab6f6	source_specimens_1600.jsonl#RAG-fever-103051:B	RIDI-RAG-NATURE-v2-PROSPECTIVE/C2/QWEN3-BM25-K10-RANDOM	0f7babda273f68e2095343f2fb33f2dca3c8720f95ed87ca3a0f47d1b337b063	NO_AUTHORITATIVE_REQUIREMENT_SPECIFIED	TRUE	Primary registered RAG reference/random pair; exact grade-vector equality verified structurally; endpoints hash-bound without comparing outputs; no authoritative source support-count rule specified.
RAG-fever-103063	b2b321607ec31f5569d4bc4f7bf91801fef2f1bb5642dc174828c889708886d2	4ace23a726548698eaa7045189cfe4b36d5707fed393fc33832cfc739cab2b73	6505bc3ad95ed4dda22ccb632eca20795869581b51c5244e2776eea025eabfe6	source_specimens_1600.jsonl#RAG-fever-103063:A	7e7b509fdf82f89d845d7a5543d28935a2d04a6b6fc7fd40ebae8116dfd0097d	8c68ea041fad259406e7226f1a37e078764c83560140e50434fe701b590cb3df	source_specimens_1600.jsonl#RAG-fever-103063:B	RIDI-RAG-NATURE-v2-PROSPECTIVE/C2/QWEN3-BM25-K10-RANDOM	0f7babda273f68e2095343f2fb33f2dca3c8720f95ed87ca3a0f47d1b337b063	NO_AUTHORITATIVE_REQUIREMENT_SPECIFIED	TRUE	Primary registered RAG reference/random pair; exact grade-vector equality verified structurally; endpoints hash-bound without comparing outputs; no authoritative source support-count rule specified.
RAG-fever-103084	b7dd6dbae00444085ba379e8683cf14022e88b97fa6e8275cc06c9be5196b36e	3c692c0222ae57fcf6dd3a8cbfa55f91962e3cc5bc2311d63f3d3a3711c06631	d04d58d07e68e48163fa91cdf57072abfc4d5ddfd809a9584db7e4f95ec1fd9f	source_specimens_1600.jsonl#RAG-fever-103084:A	e883d29ef13813d003ed6c8c0a9c5ee04d604eca379aea9cc19be19fb031af4b	bfa80a3c9c3f607db198f215166dcaf22054bf6d08477ff7ed696a0dcda200b0	source_specimens_1600.jsonl#RAG-fever-103084:B	RIDI-RAG-NATURE-v2-PROSPECTIVE/C2/QWEN3-BM25-K10-RANDOM	0f7babda273f68e2095343f2fb33f2dca3c8720f95ed87ca3a0f47d1b337b063	NO_AUTHORITATIVE_REQUIREMENT_SPECIFIED	TRUE	Primary registered RAG reference/random pair; exact grade-vector equality verified structurally; endpoints hash-bound without comparing outputs; no authoritative source support-count rule specified.
RAG-fever-103116	55dfb88d14ec2d9f3b9ba8760cc3bace3b3dd7d41eb7bc6ec2cfc94bad6458e9	6b389ff69ed5783550b527f4224347a4c740c1389ebd15bbc451eb9e8afb392f	c874874f5069835df469298ee75d9c81a4e64d8c3cfdc7ff84a2b5bafd96403d	source_specimens_1600.jsonl#RAG-fever-103116:A	321720ddce313e375c82116a3ea6e8a6e6d8cf367aa2905c992a8b7e2e90e5a6	100666cfcf9fc67031809450741960ab0122e9a539b5226682640116ccac2ead	source_specimens_1600.jsonl#RAG-fever-103116:B	RIDI-RAG-NATURE-v2-PROSPECTIVE/C2/QWEN3-BM25-K10-RANDOM	0f7babda273f68e2095343f2fb33f2dca3c8720f95ed87ca3a0f47d1b337b063	NO_AUTHORITATIVE_REQUIREMENT_SPECIFIED	TRUE	Primary registered RAG reference/random pair; exact grade-vector equality verified structurally; endpoints hash-bound without comparing outputs; no authoritative source support-count rule specified.
RAG-fever-103154	c1738ecf5f21f1b53a6af59c42f05cadec352f74e4bebf5f0eb8b7422f946782	a7c9fd42430e11f94373ee8db3ba1663866b04a0b1c7464a6509a4e44caaae24	8fcae02dc98631468efde319df903219691afedb59eaad7af29fdb5595f5df80	source_specimens_1600.jsonl#RAG-fever-103154:A	241ada2f8d6996383b5fd4804b03247fb339c9a11f8b2a4d403e6c100da673c1	d976f4170c14d99c9c8af6d8385c29c310d89928432401894fadf9d3db4c89ab	source_specimens_1600.jsonl#RAG-fever-103154:B	RIDI-RAG-NATURE-v2-PROSPECTIVE/C2/QWEN3-BM25-K10-RANDOM	0f7babda273f68e2095343f2fb33f2dca3c8720f95ed87ca3a0f47d1b337b063	NO_AUTHORITATIVE_REQUIREMENT_SPECIFIED	TRUE	Primary registered RAG reference/random pair; exact grade-vector equality verified structurally; endpoints hash-bound without comparing outputs; no authoritative source support-count rule specified.
RAG-fever-103167	a5195c62b47122c60177564fa9b6d4d0b3a84e6954799a5f29c23e371ebf9940	96db8de1132a496af9d9e38b2272acf764bc4939e4ff485b8976c8471fee48ba	2533d0c3225fd22e62ad06b5aa4e17bea02beb70e00f6c98c5283bb67eeb9c0f	source_specimens_1600.jsonl#RAG-fever-103167:A	021677e6a7a26e3a1289314332d9949188b941cee0fb49f4a6e1ece73dabf3b2	d0f200aaa527b342c840a38a54362ca3ac9aad91aa0bd3795ae10a12099285cf	source_specimens_1600.jsonl#RAG-fever-103167:B	RIDI-RAG-NATURE-v2-PROSPECTIVE/C2/QWEN3-BM25-K10-RANDOM	0f7babda273f68e2095343f2fb33f2dca3c8720f95ed87ca3a0f47d1b337b063	NO_AUTHORITATIVE_REQUIREMENT_SPECIFIED	TRUE	Primary registered RAG reference/random pair; exact grade-vector equality verified structurally; endpoints hash-bound without comparing outputs; no authoritative source support-count rule specified.
RAG-fever-1032	f1cb7d900553dfa278cf6e765f3b819dacb755ce3a053d667aaffdc77ed5f8ec	82f061c59964164a5758a879bb94d8caba8f73883ea51d622e612180ebb34b82	b9faf4d44c1d59d6c191b8fa217159d077641444cca13cf5653ec8d1e4ee8696	source_specimens_1600.jsonl#RAG-fever-1032:A	4e0ec044c45d0b1ea174e713a35a85cfae78875d5aa2eeee918ca36c4be45625	eda68202fd7ecb651c06d05e0c47fe62622366443ee7d9d98b2787066e567277	source_specimens_1600.jsonl#RAG-fever-1032:B	RIDI-RAG-NATURE-v2-PROSPECTIVE/C2/QWEN3-BM25-K10-RANDOM	0f7babda273f68e2095343f2fb33f2dca3c8720f95ed87ca3a0f47d1b337b063	NO_AUTHORITATIVE_REQUIREMENT_SPECIFIED	TRUE	Primary registered RAG reference/random pair; exact grade-vector equality verified structurally; endpoints hash-bound without comparing outputs; no authoritative source support-count rule specified.
RAG-fever-103221	81c165bb3066b50c9eea6f456d9ee5795be80e5c6b1174d265efdd6f9cda8963	65370860b4be70314bf3b4aa1af96c889e70a2d6638ef90d5388b335e0671b29	90f39d9f628b36b56964eb598300e523d512c3b5219dddc62736cd631924be51	source_specimens_1600.jsonl#RAG-fever-103221:A	0066c2634f379c8b3198044c4a6cedfd531a5287f19a030a4262e4ca7762d5b6	02e5081d0e1bd8e27b9217045b4c4edb1a132346ac511becb8e194259c1b2675	source_specimens_1600.jsonl#RAG-fever-103221:B	RIDI-RAG-NATURE-v2-PROSPECTIVE/C2/QWEN3-BM25-K10-RANDOM	0f7babda273f68e2095343f2fb33f2dca3c8720f95ed87ca3a0f47d1b337b063	NO_AUTHORITATIVE_REQUIREMENT_SPECIFIED	TRUE	Primary registered RAG reference/random pair; exact grade-vector equality verified structurally; endpoints hash-bound without comparing outputs; no authoritative source support-count rule specified.
RAG-fever-103234	449e3b87698b58f4c2115faf3c351480fb20043165ee0d826ae36121b8bae5d3	0706d124cf3e345e3160ba6edca32146ae25be218e38e4e2970b157a065d953e	63e49253fab34ce3b1bbf8f4beca0a3114121cfeb2dbc7c0296366833352d6be	source_specimens_1600.jsonl#RAG-fever-103234:A	fcd0e2e48bff092298cb9e78c69009a943d3b0ca0dcf80bf3f115cac29ffe4cd	c5b5b45117349f9f03f30a11399ec6d382a8897d30387fe0c3fb21d69869a9ce	source_specimens_1600.jsonl#RAG-fever-103234:B	RIDI-RAG-NATURE-v2-PROSPECTIVE/C2/QWEN3-BM25-K10-RANDOM	0f7babda273f68e2095343f2fb33f2dca3c8720f95ed87ca3a0f47d1b337b063	NO_AUTHORITATIVE_REQUIREMENT_SPECIFIED	TRUE	Primary registered RAG reference/random pair; exact grade-vector equality verified structurally; endpoints hash-bound without comparing outputs; no authoritative source support-count rule specified.
RAG-fever-10324	3c82e52a791204821332e0229640cb03d8fea829f066663c454ccda957c3cecc	4fe7da95de89e6d976820f43c697466dd584454aab988002d2fdda2cce2e1deb	c81c31e12f408852b4997d0e5dd22757f080ecafce7df55cc264ee5ac96f80ba	source_specimens_1600.jsonl#RAG-fever-10324:A	529cb2e3c1c6a77b3f3c3d1529177507fc3b8a7e10211d26f91e797f6579fac6	7210515c7b46ea90c00a5d963964632ba03629be9349a50b7ce254f3356f0e23	source_specimens_1600.jsonl#RAG-fever-10324:B	RIDI-RAG-NATURE-v2-PROSPECTIVE/C2/QWEN3-BM25-K10-RANDOM	0f7babda273f68e2095343f2fb33f2dca3c8720f95ed87ca3a0f47d1b337b063	NO_AUTHORITATIVE_REQUIREMENT_SPECIFIED	TRUE	Primary registered RAG reference/random pair; exact grade-vector equality verified structurally; endpoints hash-bound without comparing outputs; no authoritative source support-count rule specified.
RAG-fever-103298	c0a87f4bbbee718b9fb18a7c0718d9c51b4dc43577877b503a1995c9b4a6a310	a26a3516f5dc24d698d3d1fa377c0dcad6ccf0623d83745463f49a8731a17a78	1e8a8889cea0c03ceccb6136fccf32dad5f0faeeb258b819a14849a48fa40899	source_specimens_1600.jsonl#RAG-fever-103298:A	1c31879940feabf851d3f6ff16eb12c62c1f3bfa05a9821e95c7d446d27bb4c5	77dd1baf29d444dcfc4f2b43b7b85b6d5756cde281f6fcf764469f037ff09d77	source_specimens_1600.jsonl#RAG-fever-103298:B	RIDI-RAG-NATURE-v2-PROSPECTIVE/C2/QWEN3-BM25-K10-RANDOM	0f7babda273f68e2095343f2fb33f2dca3c8720f95ed87ca3a0f47d1b337b063	NO_AUTHORITATIVE_REQUIREMENT_SPECIFIED	TRUE	Primary registered RAG reference/random pair; exact grade-vector equality verified structurally; endpoints hash-bound without comparing outputs; no authoritative source support-count rule specified.
RAG-fever-103307	3316d5cebb6d11a30f8a5677f270f2ba2717cc6459d9e7e58fdfe3fa7f7d4d45	8b8bcf12c9283ce8a2301c2ddf115c544e9967b43bb50caa958633ed1bbd447c	0d43ca0659131110369e97577f12b4660d3839f891a1004d566af4d560b3c3bd	source_specimens_1600.jsonl#RAG-fever-103307:A	20c52f2b4a774f616c9adc35f776bc19f67b0d177ff54f4aaca20d3304ddd942	d82c0531329e12f94d07b8e9b736d390505a274f378eaf571875082ad01ea29c	source_specimens_1600.jsonl#RAG-fever-103307:B	RIDI-RAG-NATURE-v2-PROSPECTIVE/C2/QWEN3-BM25-K10-RANDOM	0f7babda273f68e2095343f2fb33f2dca3c8720f95ed87ca3a0f47d1b337b063	NO_AUTHORITATIVE_REQUIREMENT_SPECIFIED	TRUE	Primary registered RAG reference/random pair; exact grade-vector equality verified structurally; endpoints hash-bound without comparing outputs; no authoritative source support-count rule specified.
RAG-fever-103325	2f766a6676bc9e7aea7ef96595b0d47f9819acda07a4a8d6b749e6c16b7b7b42	1a2e8587735a60c445706599c8a66e7ed74117f48f43f91bb1824197d88aaf87	9ee5aea34f9c9845aafb53034d103e47c457e9e47acc0eb66b7b7d7e868e95a5	source_specimens_1600.jsonl#RAG-fever-103325:A	2830f1faf8e4aa14023ec8c199ccb47a74355bb17e4aa7428dc5709f8f78947c	cbbe347f452f946e95fdfd06e71cb849ada92eafe8c90b19425ef9465a5ce846	source_specimens_1600.jsonl#RAG-fever-103325:B	RIDI-RAG-NATURE-v2-PROSPECTIVE/C2/QWEN3-BM25-K10-RANDOM	0f7babda273f68e2095343f2fb33f2dca3c8720f95ed87ca3a0f47d1b337b063	NO_AUTHORITATIVE_REQUIREMENT_SPECIFIED	TRUE	Primary registered RAG reference/random pair; exact grade-vector equality verified structurally; endpoints hash-bound without comparing outputs; no authoritative source support-count rule specified.
RAG-fever-103375	975fe6ea4409fffe1f99c37b713d9605d28f481984d12d377f262e5eef7ec953	72f2dbeb7db1ff45a26c0752bab7156bbb481005fbb50a2e6e82a556bce0f0ee	ab484bfb2440b2074f30f48a5dcd95c7c825b6e75d7209fa9d556075a9c7bc92	source_specimens_1600.jsonl#RAG-fever-103375:A	f92ebf9e514a367b2feba47b9b9f803be494c50565f39c6d7c60da8c3e685f15	b902307e6f43b1e17e66eae5351e5ec4565dc6ec1cfa774176d722350a1998b9	source_specimens_1600.jsonl#RAG-fever-103375:B	RIDI-RAG-NATURE-v2-PROSPECTIVE/C2/QWEN3-BM25-K10-RANDOM	0f7babda273f68e2095343f2fb33f2dca3c8720f95ed87ca3a0f47d1b337b063	NO_AUTHORITATIVE_REQUIREMENT_SPECIFIED	TRUE	Primary registered RAG reference/random pair; exact grade-vector equality verified structurally; endpoints hash-bound without comparing outputs; no authoritative source support-count rule specified.
RAG-fever-103398	014d8d5e106eb86d03612e660d12ea34261e638d013ab55294720a3270415075	7a3582b776171e266ddb8232102eee71b10c1004e99fec352680904517c4ae95	8f8570bd6a65f0dc64205a05935146b363f79ec4549de2af4f748a28e1797250	source_specimens_1600.jsonl#RAG-fever-103398:A	4891953a585ae05e4ade38e74773665634cacc6b9873c4372561909a06cc8caa	adea2e72a389e48ff6152f6f978d33b38631644c36043b91f8ff25599c2adcfe	source_specimens_1600.jsonl#RAG-fever-103398:B	RIDI-RAG-NATURE-v2-PROSPECTIVE/C2/QWEN3-BM25-K10-RANDOM	0f7babda273f68e2095343f2fb33f2dca3c8720f95ed87ca3a0f47d1b337b063	NO_AUTHORITATIVE_REQUIREMENT_SPECIFIED	TRUE	Primary registered RAG reference/random pair; exact grade-vector equality verified structurally; endpoints hash-bound without comparing outputs; no authoritative source support-count rule specified.
RAG-fever-103456	628aec3078b374f038774199791221134a573284b6c341be49c1efce79577791	bacdfe74c0fe825c7acb1d1efaace4f2e8e827527822aa37cdbd62f4e82831fb	a32eac9f56923bf139df963becb6cdd4b109221b635663a0ee30cfe6db9c401f	source_specimens_1600.jsonl#RAG-fever-103456:A	7ace1ce0ced844a3ff70f60bd3c1642e0d2b2e79edbb461fa61707b909d503ad	a9e23a2feca8e4e1730d3a62d257635219f4a484ad38289e28409182b98769cb	source_specimens_1600.jsonl#RAG-fever-103456:B	RIDI-RAG-NATURE-v2-PROSPECTIVE/C2/QWEN3-BM25-K10-RANDOM	0f7babda273f68e2095343f2fb33f2dca3c8720f95ed87ca3a0f47d1b337b063	NO_AUTHORITATIVE_REQUIREMENT_SPECIFIED	TRUE	Primary registered RAG reference/random pair; exact grade-vector equality verified structurally; endpoints hash-bound without comparing outputs; no authoritative source support-count rule specified.
RAG-fever-103503	c331796302b3450fc28c764be99d86c728f9c7aaab470862b8f95acbe3effb06	a41997b3c0f7588cd068acb5aef54e64ee90bf8b3185b07b745d85204798b5c8	7a41defec75086fba4a6ac2c29285052e13a93615f804f9c84aece9f5c5fd9cf	source_specimens_1600.jsonl#RAG-fever-103503:A	8d87a06dbe3754ae54b798f97de4d44185a6a1f0f12b61e4ceeac178e0b6e294	424edcbccedb71635b276904c2e50c47b926d7286854635ff53d5fe1dbfd85c8	source_specimens_1600.jsonl#RAG-fever-103503:B	RIDI-RAG-NATURE-v2-PROSPECTIVE/C2/QWEN3-BM25-K10-RANDOM	0f7babda273f68e2095343f2fb33f2dca3c8720f95ed87ca3a0f47d1b337b063	NO_AUTHORITATIVE_REQUIREMENT_SPECIFIED	TRUE	Primary registered RAG reference/random pair; exact grade-vector equality verified structurally; endpoints hash-bound without comparing outputs; no authoritative source support-count rule specified.
RAG-fever-103509	3bad3376f5321850445ebbbb2a6cd65d237dbed389cbe0a80264cfe1c369f8c4	3e8908784c2dc5139e2565252a23f348c890925d01c2dedea0a08833aa761732	f1316c2a374c95a0ece3e5419ecd5a532456471828d33d9169c807321e290a8f	source_specimens_1600.jsonl#RAG-fever-103509:A	6cd36d3c0399ef59105304c32df664a935763c805a35d44aa3adf7e9e432a272	862b701d268bf517c49d6b09da0459ef63dd4488fc6b4d2056ae0b0ca4f5cc54	source_specimens_1600.jsonl#RAG-fever-103509:B	RIDI-RAG-NATURE-v2-PROSPECTIVE/C2/QWEN3-BM25-K10-RANDOM	0f7babda273f68e2095343f2fb33f2dca3c8720f95ed87ca3a0f47d1b337b063	NO_AUTHORITATIVE_REQUIREMENT_SPECIFIED	TRUE	Primary registered RAG reference/random pair; exact grade-vector equality verified structurally; endpoints hash-bound without comparing outputs; no authoritative source support-count rule specified.
RAG-fever-103535	bb7863c31109ef9445e23a62cc6a582253e3784bd3988706137725b559780634	73bc335c7bfe1a97fd932bf43c1454f89182bcda74d8bb28baf1c0b6c15b823f	11ac34ab04d43d0dec1b213127926617772c7d69085b1ce747d50943112c18bb	source_specimens_1600.jsonl#RAG-fever-103535:A	7938a3c43483e045af1fde5adcb582165617128d69c5259b5019d3fba534dda8	dcdcf19e1af86fa05b1b175c709242fb6b67d0941c8cb0a1369526299cf13167	source_specimens_1600.jsonl#RAG-fever-103535:B	RIDI-RAG-NATURE-v2-PROSPECTIVE/C2/QWEN3-BM25-K10-RANDOM	0f7babda273f68e2095343f2fb33f2dca3c8720f95ed87ca3a0f47d1b337b063	NO_AUTHORITATIVE_REQUIREMENT_SPECIFIED	TRUE	Primary registered RAG reference/random pair; exact grade-vector equality verified structurally; endpoints hash-bound without comparing outputs; no authoritative source support-count rule specified.
RAG-fever-103545	e6469a65bc0b964e57a140299ae953d2b7eb23d966a30cc2e4d2a04465614016	b7e0fba5d903184eda2b4a108039857fcbecaee358dcbd7c6000dd45096542f3	884dee306b88621e42b9cdbd78efc2f7c1bae8ddcb48cb6f3ce40da63fa29bec	source_specimens_1600.jsonl#RAG-fever-103545:A	498b02e266f2c7d03b21b10987aab8af6948edb62d376375de7e8006b47e8b2c	2fcd2351895ecdef1f0303b3739fc1001f42d69c5889e02283584a99b1e3fce1	source_specimens_1600.jsonl#RAG-fever-103545:B	RIDI-RAG-NATURE-v2-PROSPECTIVE/C2/QWEN3-BM25-K10-RANDOM	0f7babda273f68e2095343f2fb33f2dca3c8720f95ed87ca3a0f47d1b337b063	NO_AUTHORITATIVE_REQUIREMENT_SPECIFIED	TRUE	Primary registered RAG reference/random pair; exact grade-vector equality verified structurally; endpoints hash-bound without comparing outputs; no authoritative source support-count rule specified.
RAG-fever-103583	c1a0d1ccda9bc2594ef65958b79b9ff34d088ea007a177a3df98ed7abe9c4c4e	71697e9640682bc1b0624204854732c01d338af34261a804ec06646dea2597a8	eada137c74fdb3e5769a8c52d9ca73702936e326c40ac6b59d2c0d7a641560d6	source_specimens_1600.jsonl#RAG-fever-103583:A	de75ddbc49ec70c6c9cad94d2153c8f2196c145879e1e4ea08430a4ac934985e	e78ff0c82d570bf6b1705330d250e08091f53347b5524f581f5e26dbf10ae13a	source_specimens_1600.jsonl#RAG-fever-103583:B	RIDI-RAG-NATURE-v2-PROSPECTIVE/C2/QWEN3-BM25-K10-RANDOM	0f7babda273f68e2095343f2fb33f2dca3c8720f95ed87ca3a0f47d1b337b063	NO_AUTHORITATIVE_REQUIREMENT_SPECIFIED	TRUE	Primary registered RAG reference/random pair; exact grade-vector equality verified structurally; endpoints hash-bound without comparing outputs; no authoritative source support-count rule specified.
RAG-fever-103665	2f66fdf7a0464509a94ab76b68825972b11bbf0e827cc2e3e01a0e9e5d4b7ccd	1e3081e86f629ed1a5b7363df9963fa908d5abf4eb89c0ff9f04bf3df721e484	a7a8b59d0b4fc3fc7198d043293f7ff8fa294c1f6a410d46123a7634be10df8a	source_specimens_1600.jsonl#RAG-fever-103665:A	cd626cb861fdeb0e6d9b36c5b7fa85aacbbc207decc3ba9f3a5a377d70a964bb	83f977821bae041e7edc7b46b6f8b5487ed0d8620f0d221dceb8d58655314bd4	source_specimens_1600.jsonl#RAG-fever-103665:B	RIDI-RAG-NATURE-v2-PROSPECTIVE/C2/QWEN3-BM25-K10-RANDOM	0f7babda273f68e2095343f2fb33f2dca3c8720f95ed87ca3a0f47d1b337b063	NO_AUTHORITATIVE_REQUIREMENT_SPECIFIED	TRUE	Primary registered RAG reference/random pair; exact grade-vector equality verified structurally; endpoints hash-bound without comparing outputs; no authoritative source support-count rule specified.
RAG-fever-103709	2b4bb2a0feae772e420df4da31e1b71b18d8677c5553c314785c730fd978f517	29560346510b68327486bd3e9d8bec82764f160c496dd3475ca9e32b1ec4a4b1	3633fe7b3d9ea0521b6e3db00a4a2538c4163db54acc4afb07a16e2d0044b4c7	source_specimens_1600.jsonl#RAG-fever-103709:A	0c02dc23ab1fcce45334f6647960a4bc06dacf3deed39de5c27db0f1e68ef876	fcf079eced8231b9cc2ddfb3e4b2f9d066ad85b69a713c98a231bff7948ac23a	source_specimens_1600.jsonl#RAG-fever-103709:B	RIDI-RAG-NATURE-v2-PROSPECTIVE/C2/QWEN3-BM25-K10-RANDOM	0f7babda273f68e2095343f2fb33f2dca3c8720f95ed87ca3a0f47d1b337b063	NO_AUTHORITATIVE_REQUIREMENT_SPECIFIED	TRUE	Primary registered RAG reference/random pair; exact grade-vector equality verified structurally; endpoints hash-bound without comparing outputs; no authoritative source support-count rule specified.
RAG-fever-103742	63cffe222453021ef0bff043104a2122de589d82cd302cdec33ada0194d76de4	22ac9339ba9f711353200d705c09a3eff907840fcb76cd402af742c0c910906d	b0b5bfce25c3eeb7ca153a03d8e9eebca393f02380104c2fa3d1df66830cc9ff	source_specimens_1600.jsonl#RAG-fever-103742:A	6dec2deee39187085259466523a6bb0f8ca1ebda5fc4fb816c42d7c7a23030ab	e93c32170e4cbafece0c5283b6d5b64a98284ee2eafd9e9f50399e237c22990a	source_specimens_1600.jsonl#RAG-fever-103742:B	RIDI-RAG-NATURE-v2-PROSPECTIVE/C2/QWEN3-BM25-K10-RANDOM	0f7babda273f68e2095343f2fb33f2dca3c8720f95ed87ca3a0f47d1b337b063	NO_AUTHORITATIVE_REQUIREMENT_SPECIFIED	TRUE	Primary registered RAG reference/random pair; exact grade-vector equality verified structurally; endpoints hash-bound without comparing outputs; no authoritative source support-count rule specified.
RAG-fever-103757	00c37a2efb580918bbc5fff73331ec942fccfa74805a8b39d84f0df2602564b0	e91132e4ae5a6169adee93892bce3148cf8204ca222128f77cc673188601cb8c	efc8a38abed815a863534eeba2f73229044911d7f59fa48d04d3ff57e641228f	source_specimens_1600.jsonl#RAG-fever-103757:A	26679ae672f13a6779f41bca01e6732014fd484f6a7c7cab44fdb545b5a79d4a	8ecbb9350b4c0a5c94d91b2c473b6925d39d8bc3b468309aec2fe0707ed66c5b	source_specimens_1600.jsonl#RAG-fever-103757:B	RIDI-RAG-NATURE-v2-PROSPECTIVE/C2/QWEN3-BM25-K10-RANDOM	0f7babda273f68e2095343f2fb33f2dca3c8720f95ed87ca3a0f47d1b337b063	NO_AUTHORITATIVE_REQUIREMENT_SPECIFIED	TRUE	Primary registered RAG reference/random pair; exact grade-vector equality verified structurally; endpoints hash-bound without comparing outputs; no authoritative source support-count rule specified.
RAG-fever-103758	d228fe9d9ab80721772fc65a4f8d8f30eb5f4088e5ab077b1e8b943aacaca79e	6a7d61c9726d8298ab315fc96cc20a4a721627d3219e02baadc24bc06cbf794c	cfc6c915facadffed7de8a0070bd24feb1fc2e16176fadd32aa3ac85033f60ff	source_specimens_1600.jsonl#RAG-fever-103758:A	cf1d82cd756e6af3995fd00c82be76aadd77dcf757f0dcc8f423876f13803886	bc71c025ebdf8fa9c2d9e65f5c2193f9c4e8f5a74c9a524edcbbfe6890d07338	source_specimens_1600.jsonl#RAG-fever-103758:B	RIDI-RAG-NATURE-v2-PROSPECTIVE/C2/QWEN3-BM25-K10-RANDOM	0f7babda273f68e2095343f2fb33f2dca3c8720f95ed87ca3a0f47d1b337b063	NO_AUTHORITATIVE_REQUIREMENT_SPECIFIED	TRUE	Primary registered RAG reference/random pair; exact grade-vector equality verified structurally; endpoints hash-bound without comparing outputs; no authoritative source support-count rule specified.
RAG-fever-103767	4af37dfa9384aa8d4efb42d3bb145e687dc4742ba8be40f33e6ce8006d2d9872	91bfc68d94085e8f0839a6a1a26d962557031a5b8ca200b91c6b04f308f30579	0c8ea3ab2d652611f168a7fdddda7086fb55d5ff435b5e1ce4a72f589ab5d6f2	source_specimens_1600.jsonl#RAG-fever-103767:A	704dbf45e1e84fc7e897e78b45262261c427bf8edd7cd72aed1dbaa1376f646e	78c9ff484cf08dcdc6bb5af06ff8ec9ed7c45f080749d973265d837636f7957f	source_specimens_1600.jsonl#RAG-fever-103767:B	RIDI-RAG-NATURE-v2-PROSPECTIVE/C2/QWEN3-BM25-K10-RANDOM	0f7babda273f68e2095343f2fb33f2dca3c8720f95ed87ca3a0f47d1b337b063	NO_AUTHORITATIVE_REQUIREMENT_SPECIFIED	TRUE	Primary registered RAG reference/random pair; exact grade-vector equality verified structurally; endpoints hash-bound without comparing outputs; no authoritative source support-count rule specified.
RAG-fever-103816	3297f7c8bc736ff38998c611a363c214f011458e46afb084be6f10fd6aea4eaa	6f4bf12b42b011161ffa89598b75718d7423efa775f61e41188cb772ab56acfa	0a5c463d0fd8d4860f6cbb9db8a4476b5c1289676ed9a18d3a68361a271fd5ae	source_specimens_1600.jsonl#RAG-fever-103816:A	be9bb0f9d21e3161b4f2ba915645bb7b3562455a934df02e47179b90203716e3	e09ce1c08a7064a84588cc0ea202d9bda6e59b33a242341185558e2024f61f01	source_specimens_1600.jsonl#RAG-fever-103816:B	RIDI-RAG-NATURE-v2-PROSPECTIVE/C2/QWEN3-BM25-K10-RANDOM	0f7babda273f68e2095343f2fb33f2dca3c8720f95ed87ca3a0f47d1b337b063	NO_AUTHORITATIVE_REQUIREMENT_SPECIFIED	TRUE	Primary registered RAG reference/random pair; exact grade-vector equality verified structurally; endpoints hash-bound without comparing outputs; no authoritative source support-count rule specified.
RAG-fever-103840	38e830e04b9cd9ab44266a82fedd636b243d69bca20cfea59f87fe7a513837ce	e5ad113c52c08d5a026aec50abac70b3654e3f9b742a2e0db47281704727e698	605649772bd2864a242c8beea9c2faf67ea342fcd1c0a85ed046a6d64bfbcb97	source_specimens_1600.jsonl#RAG-fever-103840:A	fb8e8313bb4b99cfaeee546de35c606cda36d21801bab10b30f2b7d0d5ffcb34	5b069264b451c4cc7723e052f38fa6fd82bcad8328d2c220ae877e671653af46	source_specimens_1600.jsonl#RAG-fever-103840:B	RIDI-RAG-NATURE-v2-PROSPECTIVE/C2/QWEN3-BM25-K10-RANDOM	0f7babda273f68e2095343f2fb33f2dca3c8720f95ed87ca3a0f47d1b337b063	NO_AUTHORITATIVE_REQUIREMENT_SPECIFIED	TRUE	Primary registered RAG reference/random pair; exact grade-vector equality verified structurally; endpoints hash-bound without comparing outputs; no authoritative source support-count rule specified.
RAG-fever-103934	c413e9e55d937b5a2507246f92912c13aef05290f8553a39007397a3e51500ba	6282a1f238349a93fc10f071606891b870b2f4929922eb0961e08736d33f1215	9480123defc785075084579ac50b68c4320fa3b7a11a4cfd8082ab5c7b603792	source_specimens_1600.jsonl#RAG-fever-103934:A	f7cebc179e10e13ad9b18e0ab914b4dbed093a47c1c73a984eda1f8b779f3bc2	1d17953ff213f7ff335ad80660fa1091b9b4f1bea2e4e8b6e2a33d2b5e317b9f	source_specimens_1600.jsonl#RAG-fever-103934:B	RIDI-RAG-NATURE-v2-PROSPECTIVE/C2/QWEN3-BM25-K10-RANDOM	0f7babda273f68e2095343f2fb33f2dca3c8720f95ed87ca3a0f47d1b337b063	NO_AUTHORITATIVE_REQUIREMENT_SPECIFIED	TRUE	Primary registered RAG reference/random pair; exact grade-vector equality verified structurally; endpoints hash-bound without comparing outputs; no authoritative source support-count rule specified.
RAG-fever-103941	0f24a56e93a46fd04d415e0cc925c01bc71b536b494c9e330fdba2a048b9112c	d2764f32fc566a9aebb085f581c40205f81b3e03994b6a6c0edda2411dd33070	11cba80b10d3d0b232c7f76ed60e5225637c45d342daddcfcf1d807dbb26eb5c	source_specimens_1600.jsonl#RAG-fever-103941:A	d008ca29584e39c613407a0f1203cf702a81c8aa044e2b953dcd93c52fd96d98	5aa3bbef0cd83043dcdd4be94d935d44a98097cf68fd0dd8a6f1acd8aca281a7	source_specimens_1600.jsonl#RAG-fever-103941:B	RIDI-RAG-NATURE-v2-PROSPECTIVE/C2/QWEN3-BM25-K10-RANDOM	0f7babda273f68e2095343f2fb33f2dca3c8720f95ed87ca3a0f47d1b337b063	NO_AUTHORITATIVE_REQUIREMENT_SPECIFIED	TRUE	Primary registered RAG reference/random pair; exact grade-vector equality verified structurally; endpoints hash-bound without comparing outputs; no authoritative source support-count rule specified.
RAG-fever-103964	4ca395853992e7441b803d729af5c815d18b0d04bed75adcb8a8432d694533bf	96c97f2e722e9455d14e177265a49454229df42c63136dbb5e304a619b820b32	828781bdef7db39e6b9fa3a65493d142a14f65e50a3d1a9bfd6f36c1f578b526	source_specimens_1600.jsonl#RAG-fever-103964:A	49952c29559d9f1159efede79ed3df2166e94197135fe5543073199c97353b9a	248d03c3bec476fca455d3eaee811ff9d99035c6179186d21db40fb346decddf	source_specimens_1600.jsonl#RAG-fever-103964:B	RIDI-RAG-NATURE-v2-PROSPECTIVE/C2/QWEN3-BM25-K10-RANDOM	0f7babda273f68e2095343f2fb33f2dca3c8720f95ed87ca3a0f47d1b337b063	NO_AUTHORITATIVE_REQUIREMENT_SPECIFIED	TRUE	Primary registered RAG reference/random pair; exact grade-vector equality verified structurally; endpoints hash-bound without comparing outputs; no authoritative source support-count rule specified.
RAG-fever-104017	678b8e611a44affe875bb68ff9b51697c7729099583b8d52f6c9fca2ade58453	c79f0adad4e648400904eeef6abefc65651b487cb35e641751b976dff2726c65	15f23e97f949b37e7c6fac85a462c6e35bde1cdc8cc33b5bf02c9251e88e5917	source_specimens_1600.jsonl#RAG-fever-104017:A	2b12665ca08ca617bdcfd7cb42bf12a032c5e938f1bbde0adb4243f4860fdc56	4e0bd9338b524a79fcad15045773ffba7140908d0f049f13ccc7ab81cbc6fdcc	source_specimens_1600.jsonl#RAG-fever-104017:B	RIDI-RAG-NATURE-v2-PROSPECTIVE/C2/QWEN3-BM25-K10-RANDOM	0f7babda273f68e2095343f2fb33f2dca3c8720f95ed87ca3a0f47d1b337b063	NO_AUTHORITATIVE_REQUIREMENT_SPECIFIED	TRUE	Primary registered RAG reference/random pair; exact grade-vector equality verified structurally; endpoints hash-bound without comparing outputs; no authoritative source support-count rule specified.
RAG-fever-104031	84bfb96efef993757290b998779a95b2ff17879d838c02e8c2cb128fa5679e02	79645691cee3ba06719ab14698a2526cf4a6002390cac57783365b57515291de	ca6bc31c425e9e3df46a83790031e7d9c517f2440c2e0fe3bf25b719b115b7e3	source_specimens_1600.jsonl#RAG-fever-104031:A	420150aeacb4c051ba084eb04e112797b6434a4ca702072efdee2ee213468c01	1376c778e84e4739ed4ed46f45706bef0fa4d040d42b6b955c4e044f43572940	source_specimens_1600.jsonl#RAG-fever-104031:B	RIDI-RAG-NATURE-v2-PROSPECTIVE/C2/QWEN3-BM25-K10-RANDOM	0f7babda273f68e2095343f2fb33f2dca3c8720f95ed87ca3a0f47d1b337b063	NO_AUTHORITATIVE_REQUIREMENT_SPECIFIED	TRUE	Primary registered RAG reference/random pair; exact grade-vector equality verified structurally; endpoints hash-bound without comparing outputs; no authoritative source support-count rule specified.
RAG-fever-104036	f97987e08cfe04055ac28306017bd06e600e0efaee73ed71e9d50829ae63fdde	1f8f78831b16e03dc119db47b0aa3a798b2bcade526ef4501e700cbb19232585	69b3fb649fac2865f0db5b86ed2c96f853a1584c676ed21f3852c714771de906	source_specimens_1600.jsonl#RAG-fever-104036:A	1481957dad3529ff0afd94b6bf94b6ce3ffc209e52276ad52e92eda76b43b9b9	e20b065cdc4f96d7d2bb37ca6abd7163ceed6297271a1de5cf24c4208c290907	source_specimens_1600.jsonl#RAG-fever-104036:B	RIDI-RAG-NATURE-v2-PROSPECTIVE/C2/QWEN3-BM25-K10-RANDOM	0f7babda273f68e2095343f2fb33f2dca3c8720f95ed87ca3a0f47d1b337b063	NO_AUTHORITATIVE_REQUIREMENT_SPECIFIED	TRUE	Primary registered RAG reference/random pair; exact grade-vector equality verified structurally; endpoints hash-bound without comparing outputs; no authoritative source support-count rule specified.
RAG-fever-104135	c094ff8a4ecc2d981c1463d66299b5c16ec31200a0c27dc59c90b3a802aed589	1b06d66b77afb499e0e1f4ae7a33eaee36da2544a55f9c0979bc4f33ae21153f	6b7eece8f2c87f58f56394ae9594df4f0669b780919f2a40c59ca7e174501be2	source_specimens_1600.jsonl#RAG-fever-104135:A	c39e5b7a77cee107b16787d2480a09c47a6eefebe35baef63de535df400035fc	af1a966aec000e65b23957db9b170050bc06f22f30a6c3abeeeff86f6bf27ba5	source_specimens_1600.jsonl#RAG-fever-104135:B	RIDI-RAG-NATURE-v2-PROSPECTIVE/C2/QWEN3-BM25-K10-RANDOM	0f7babda273f68e2095343f2fb33f2dca3c8720f95ed87ca3a0f47d1b337b063	NO_AUTHORITATIVE_REQUIREMENT_SPECIFIED	TRUE	Primary registered RAG reference/random pair; exact grade-vector equality verified structurally; endpoints hash-bound without comparing outputs; no authoritative source support-count rule specified.
RAG-fever-104178	86a4e1838221371b829dc8774c5ca59538aa201a887f6404ee61613c78704491	e55e1ff47bd8f0afa34b93174b53e496eca1431aeb46fe71ab496859dd9fd928	72ef4d96be9450389b82eca2b3b133a5972b9fdf19e2408b432550d579aa4ca9	source_specimens_1600.jsonl#RAG-fever-104178:A	3763f30f7275fe8c02a13c8dc0eef9e716c63ec9f0ca8c8ca68fac65c6e144ab	4a39e5505c89e912fd8fbf0ac5e6b4db371c364adc022f605c9cdb9fa498d564	source_specimens_1600.jsonl#RAG-fever-104178:B	RIDI-RAG-NATURE-v2-PROSPECTIVE/C2/QWEN3-BM25-K10-RANDOM	0f7babda273f68e2095343f2fb33f2dca3c8720f95ed87ca3a0f47d1b337b063	NO_AUTHORITATIVE_REQUIREMENT_SPECIFIED	TRUE	Primary registered RAG reference/random pair; exact grade-vector equality verified structurally; endpoints hash-bound without comparing outputs; no authoritative source support-count rule specified.
RAG-fever-104205	5d1ed25cfcc4dc3fc70e30be919458b9e82aae580ea7836dd9977336dacb3039	e1c06af6ee91c99edc3150d1637dc32a69d5db7e9ffd1cb69a8607d49f4fef59	484cb7863ae63ff4c07389a431552b016ee3efc2706a3a6fe06e643fa13b408f	source_specimens_1600.jsonl#RAG-fever-104205:A	0216fc87ba032043e348484dcb9f6d59aafa64ebf2bc00f07db8fdbdc67df162	09c7cfe47bec1be4fa2c3965690aba93e3a802cbd28358210d290732aab73f97	source_specimens_1600.jsonl#RAG-fever-104205:B	RIDI-RAG-NATURE-v2-PROSPECTIVE/C2/QWEN3-BM25-K10-RANDOM	0f7babda273f68e2095343f2fb33f2dca3c8720f95ed87ca3a0f47d1b337b063	NO_AUTHORITATIVE_REQUIREMENT_SPECIFIED	TRUE	Primary registered RAG reference/random pair; exact grade-vector equality verified structurally; endpoints hash-bound without comparing outputs; no authoritative source support-count rule specified.
RAG-fever-104206	6c7aeb9c7cebfc7b873fcdd04256605502e3e3f4247d3b98960bfae2e08e8b51	3bfb620c6a10d1c3da627ed17093989d7ac540e36501f9b8ca922b282ebb46cd	deb5a3a3fa0fce8c6a56ae046207525c3d917cfec8b552f8e9ebd417f81387d9	source_specimens_1600.jsonl#RAG-fever-104206:A	c8acfbb6e977880873148c6b6d52f5fa7b379f8794de1c245492391f54ca6afe	f472d1992c40e0559575c4b441c8418120c2576da3f994bdaad612fff4034a77	source_specimens_1600.jsonl#RAG-fever-104206:B	RIDI-RAG-NATURE-v2-PROSPECTIVE/C2/QWEN3-BM25-K10-RANDOM	0f7babda273f68e2095343f2fb33f2dca3c8720f95ed87ca3a0f47d1b337b063	NO_AUTHORITATIVE_REQUIREMENT_SPECIFIED	TRUE	Primary registered RAG reference/random pair; exact grade-vector equality verified structurally; endpoints hash-bound without comparing outputs; no authoritative source support-count rule specified.
RAG-fever-104221	c699ccda579c9177f706295c3c08b95de795faeca445dc936b2ed70337559c9b	074bee32612a75f2c56c70fd8ae920f7c48101ba3523912a21ebfe2b4cbee5ae	50a778788aae65b56a9611113cb96c00573de12c6652a829ef8a277b6ccc4872	source_specimens_1600.jsonl#RAG-fever-104221:A	8b03a2a33074f638f20f9c4643b5f4b7483625fe37e3bc560266971e11dbf8d5	8a9cf259111cbf469621ac22a9808a5cef652eea0f128a680bd398370e44caf1	source_specimens_1600.jsonl#RAG-fever-104221:B	RIDI-RAG-NATURE-v2-PROSPECTIVE/C2/QWEN3-BM25-K10-RANDOM	0f7babda273f68e2095343f2fb33f2dca3c8720f95ed87ca3a0f47d1b337b063	NO_AUTHORITATIVE_REQUIREMENT_SPECIFIED	TRUE	Primary registered RAG reference/random pair; exact grade-vector equality verified structurally; endpoints hash-bound without comparing outputs; no authoritative source support-count rule specified.
RAG-fever-104249	8bd6b598dd098b67913fae8b4145c851ab0361cbddb854d1a95778f4c14ba014	dc04474dfab4c2f6cc4e2ad3f3bdc5768ad30feb5387008618ecc50c481f8af5	bf58206161a4cda0e6a94a8397d637a49b0f4642a5717a7e9571a7287133fd0c	source_specimens_1600.jsonl#RAG-fever-104249:A	1dd7ea2892a38123a0e849e20273ffea896b1f28de6f4112a23ec73be6703836	9c61a58303700ec96bf75fce590c991b36480cc248faa70c0e0fb7dd3f05d03b	source_specimens_1600.jsonl#RAG-fever-104249:B	RIDI-RAG-NATURE-v2-PROSPECTIVE/C2/QWEN3-BM25-K10-RANDOM	0f7babda273f68e2095343f2fb33f2dca3c8720f95ed87ca3a0f47d1b337b063	NO_AUTHORITATIVE_REQUIREMENT_SPECIFIED	TRUE	Primary registered RAG reference/random pair; exact grade-vector equality verified structurally; endpoints hash-bound without comparing outputs; no authoritative source support-count rule specified.
RAG-fever-104298	3794f8581a61515509991d9544b78c38b330fdf35fc7d70c9ef9559691095c31	c3e0cc590ff22b1340e63707b39da65c249ea94b8e3b34f475a6c20fa2a94773	f2ebe707e86ef0d37e9d5eb3ebc16fd42aa5d65fdfa6e9a4786d13d028f5a661	source_specimens_1600.jsonl#RAG-fever-104298:A	93be422e415a949c83c2e4e85f79028b836e63336b88df71402fb5288a511a50	683b448b25023487cc0012222255b538760ccff8f04c8b8aa18e09f41df8a631	source_specimens_1600.jsonl#RAG-fever-104298:B	RIDI-RAG-NATURE-v2-PROSPECTIVE/C2/QWEN3-BM25-K10-RANDOM	0f7babda273f68e2095343f2fb33f2dca3c8720f95ed87ca3a0f47d1b337b063	NO_AUTHORITATIVE_REQUIREMENT_SPECIFIED	TRUE	Primary registered RAG reference/random pair; exact grade-vector equality verified structurally; endpoints hash-bound without comparing outputs; no authoritative source support-count rule specified.
RAG-fever-104332	029e6038c9be63da2d5127e1f1d17103e481704b8b29f2ed8560202f369a6e4e	5f0be8fcd1c7d28ebc6652d29f74050c4dd84d08136aa72a5317fe5d84c75e94	98d1c418298f9d25b8114d4d64a52af750091dfb67df15cbac218ea1dd7293fa	source_specimens_1600.jsonl#RAG-fever-104332:A	99c2dc4a7d89b8270b08bea4bfd412d8e6f6cab1005d0196f042d61a7204aa4f	cf5ad77268f2234c894142c9c705b629b2597b3feada6643fe514f99de7f10b8	source_specimens_1600.jsonl#RAG-fever-104332:B	RIDI-RAG-NATURE-v2-PROSPECTIVE/C2/QWEN3-BM25-K10-RANDOM	0f7babda273f68e2095343f2fb33f2dca3c8720f95ed87ca3a0f47d1b337b063	NO_AUTHORITATIVE_REQUIREMENT_SPECIFIED	TRUE	Primary registered RAG reference/random pair; exact grade-vector equality verified structurally; endpoints hash-bound without comparing outputs; no authoritative source support-count rule specified.
RAG-fever-104365	e60a02f0aba4881fe6edd9f29c7e83fb1265e54ddc6fffcf0e75d7c8820bdce3	b5334852dea91b9ddbc36410ee4b6fceb2654ca0b7a949b3b2e4234732b77166	b2d7b06ef500d7561d853b5cf6fb044524ebfb4700844d94fcf40432078a52d1	source_specimens_1600.jsonl#RAG-fever-104365:A	db7a0141c02b09da220c6f13e1e3226c48eb535728fa1ddd60bf217bc109202f	8be369ed30a7f37fcb1c510977ab1773458e1bd0927f9ce8ca849984ec1b1164	source_specimens_1600.jsonl#RAG-fever-104365:B	RIDI-RAG-NATURE-v2-PROSPECTIVE/C2/QWEN3-BM25-K10-RANDOM	0f7babda273f68e2095343f2fb33f2dca3c8720f95ed87ca3a0f47d1b337b063	NO_AUTHORITATIVE_REQUIREMENT_SPECIFIED	TRUE	Primary registered RAG reference/random pair; exact grade-vector equality verified structurally; endpoints hash-bound without comparing outputs; no authoritative source support-count rule specified.
RAG-fever-104380	feadb379330dbd0e917a1a86034f0ef2ea907f62c07b481e643a64f1dce189b4	134b5b8813bdc2877949c8eda5a1b36d368dd2ea912fe334808753f29771fb36	b7c21ded7de52373fb03e71f23f731a00763cbffe2049a6bf41770b7fbe56b17	source_specimens_1600.jsonl#RAG-fever-104380:A	06ae5b348a4db0808090f9c5253b131d040e909517c4adbb9f87dff5ac6a9ca3	666d47cf33ca1231ab1cfbea8e842cf4c74ca27e77cbb6e89366414ad4eb9991	source_specimens_1600.jsonl#RAG-fever-104380:B	RIDI-RAG-NATURE-v2-PROSPECTIVE/C2/QWEN3-BM25-K10-RANDOM	0f7babda273f68e2095343f2fb33f2dca3c8720f95ed87ca3a0f47d1b337b063	NO_AUTHORITATIVE_REQUIREMENT_SPECIFIED	TRUE	Primary registered RAG reference/random pair; exact grade-vector equality verified structurally; endpoints hash-bound without comparing outputs; no authoritative source support-count rule specified.
RAG-fever-104423	863a4715e486119d59d6e5b9010a08f437f00245330f0095a4c8d3c9db562b45	e4ca7deedcc9fa2c21af86f05482560af9ea6f3ff2592acd10e537b92c2a41bc	a105fe3147696bcbff9fbf63e186ab2ee9180294f7f75ddf2c4005b52360aab3	source_specimens_1600.jsonl#RAG-fever-104423:A	cee44687ea5f40c07d79465987dcfede379340aba42902debd3f7724275fae5b	f0740c17d0c2c9113eeb43341dc15b28c2da36e56e5c13545d035d94f9cbe4a4	source_specimens_1600.jsonl#RAG-fever-104423:B	RIDI-RAG-NATURE-v2-PROSPECTIVE/C2/QWEN3-BM25-K10-RANDOM	0f7babda273f68e2095343f2fb33f2dca3c8720f95ed87ca3a0f47d1b337b063	NO_AUTHORITATIVE_REQUIREMENT_SPECIFIED	TRUE	Primary registered RAG reference/random pair; exact grade-vector equality verified structurally; endpoints hash-bound without comparing outputs; no authoritative source support-count rule specified.
RAG-fever-104426	a3ed5520e756305f2261bf7a997dd9b72bb8ff1505fe6c586f389d84e484603b	7c65c479055f5850b5e79ac25adba12e375e6a323a21a9c9f42ef2825e26bc0f	b237b9be73dd2178876c77ee92964650f61739d95c511c4916b8384fc29f810d	source_specimens_1600.jsonl#RAG-fever-104426:A	f86dce4549e482c80f79698de4b546a533a5d3ba7a99ac51b8665dcd8d112524	81da6fdf29d47e6a6ad09719e463fbc6a3022c6139dd99836da34ea873c46bec	source_specimens_1600.jsonl#RAG-fever-104426:B	RIDI-RAG-NATURE-v2-PROSPECTIVE/C2/QWEN3-BM25-K10-RANDOM	0f7babda273f68e2095343f2fb33f2dca3c8720f95ed87ca3a0f47d1b337b063	NO_AUTHORITATIVE_REQUIREMENT_SPECIFIED	TRUE	Primary registered RAG reference/random pair; exact grade-vector equality verified structurally; endpoints hash-bound without comparing outputs; no authoritative source support-count rule specified.
RAG-fever-104427	1fb48b5e274943127b8e9ce7148c250e90d6d767f0963213305f655e0cd1561f	e450f462dfc6240cac84717ff9ad2dc91ef39d06187ffda69213ff68806bc533	342685fcd1098618d358cd1d86fb3c13e42d20679b5341a488de19095446bc04	source_specimens_1600.jsonl#RAG-fever-104427:A	955fa1a89cca539194926f49580b3be375e0aa40026da9d76907056e261d721d	277c49c3b7b05babb32eaea14b4f75a6cc71210822fe5e9a26a91fe2a84fec32	source_specimens_1600.jsonl#RAG-fever-104427:B	RIDI-RAG-NATURE-v2-PROSPECTIVE/C2/QWEN3-BM25-K10-RANDOM	0f7babda273f68e2095343f2fb33f2dca3c8720f95ed87ca3a0f47d1b337b063	NO_AUTHORITATIVE_REQUIREMENT_SPECIFIED	TRUE	Primary registered RAG reference/random pair; exact grade-vector equality verified structurally; endpoints hash-bound without comparing outputs; no authoritative source support-count rule specified.
RAG-fever-10450	a7463f4da205d2cecbf51c189d9ffe79177e11f6f9241c17cfbaf750bd94541b	87939db6867be70e6177c0664b8e413f2c212a371b9cfb479a700c5712d3b602	48135bd39027f4e5149448a035d7897750c577dd130cea4f4d2c137b357198cf	source_specimens_1600.jsonl#RAG-fever-10450:A	f78e40a12eb7352f99f148633fe117e9793b7f09a3d54f77c5f22f2847b7753a	888f239a8e22641281582796fb5a764a1c868bced2b93f1848e8717424cd02c3	source_specimens_1600.jsonl#RAG-fever-10450:B	RIDI-RAG-NATURE-v2-PROSPECTIVE/C2/QWEN3-BM25-K10-RANDOM	0f7babda273f68e2095343f2fb33f2dca3c8720f95ed87ca3a0f47d1b337b063	NO_AUTHORITATIVE_REQUIREMENT_SPECIFIED	TRUE	Primary registered RAG reference/random pair; exact grade-vector equality verified structurally; endpoints hash-bound without comparing outputs; no authoritative source support-count rule specified.
RAG-fever-10451	7d20c8880f68ad9c7319730822effe9e161ffe087bb51f0148739c8d19758a3b	ef6acb9969bce4a6a1c5b074fd52b14eac92e216b40b2ad0f4036812dbcbeba5	1262696a3cb85aaaa74143dbf50670a670b5830ebb5277fe64517131ad56e298	source_specimens_1600.jsonl#RAG-fever-10451:A	61b20afa14f3af6475dd9b35822b03cbf06d699bb8ef880dab6c7eb6c2ed228f	deea12f7f43f909b7401c7cc1f985ef59f097d2fed488b6493f33f5eb51b8b4c	source_specimens_1600.jsonl#RAG-fever-10451:B	RIDI-RAG-NATURE-v2-PROSPECTIVE/C2/QWEN3-BM25-K10-RANDOM	0f7babda273f68e2095343f2fb33f2dca3c8720f95ed87ca3a0f47d1b337b063	NO_AUTHORITATIVE_REQUIREMENT_SPECIFIED	TRUE	Primary registered RAG reference/random pair; exact grade-vector equality verified structurally; endpoints hash-bound without comparing outputs; no authoritative source support-count rule specified.
RAG-fever-104530	bed8d75081ae461fc1dad141b7d0fee334b6fcfc3280bf55bc06dc6332057ab2	ce1aad059b5823166bdb02f05d4e6a659a863aa96a5097358cf209edee554ca9	e66a2b0f9a75c01497a7c3fe669d141524978280dae51ec3d3f53f64979df85b	source_specimens_1600.jsonl#RAG-fever-104530:A	3696eb5e0a1524a361d26982a65f638b543cbd547894e19600e3e348bd0ef16c	701cbe834c5a2c13d922977d6422e8c4eaa305b70978767efa956105c7244ab5	source_specimens_1600.jsonl#RAG-fever-104530:B	RIDI-RAG-NATURE-v2-PROSPECTIVE/C2/QWEN3-BM25-K10-RANDOM	0f7babda273f68e2095343f2fb33f2dca3c8720f95ed87ca3a0f47d1b337b063	NO_AUTHORITATIVE_REQUIREMENT_SPECIFIED	TRUE	Primary registered RAG reference/random pair; exact grade-vector equality verified structurally; endpoints hash-bound without comparing outputs; no authoritative source support-count rule specified.
RAG-fever-104547	ae4c0e114f9f50a26ad69dea00ee1f3df8bade6e11764d08bca021a972bafbc4	91a9262c062dc75e81e617bafe58a64e2ba21a29e7d22f20f0aa70860873d489	a5ccba6212cea4dadebcb284833b16795049c383f588d83fa7c4d487dd25fdc6	source_specimens_1600.jsonl#RAG-fever-104547:A	ebf5012ecfc391a42db40a9c6e2a007f10da76214a1741f0cc4dcfb20e862efd	9cb031d0ef5eee4b369bb650972d61a0c7d2475b78bac91fc552635758995446	source_specimens_1600.jsonl#RAG-fever-104547:B	RIDI-RAG-NATURE-v2-PROSPECTIVE/C2/QWEN3-BM25-K10-RANDOM	0f7babda273f68e2095343f2fb33f2dca3c8720f95ed87ca3a0f47d1b337b063	NO_AUTHORITATIVE_REQUIREMENT_SPECIFIED	TRUE	Primary registered RAG reference/random pair; exact grade-vector equality verified structurally; endpoints hash-bound without comparing outputs; no authoritative source support-count rule specified.
RAG-fever-10455	00f7f97cf19d78ba12e8f16627b001d3ff9fc65de4a09ff644c4e2e3f5beacd3	deae7f635bf4792c259f4d17ba239dfa1b4546a0da7086914abacb241255b89d	6d5f6b0f10f3cb2590864782f601c80c251e9f472902283ad442c983a6ab9864	source_specimens_1600.jsonl#RAG-fever-10455:A	7c2bc57571cee0864358985c2df3cafa3a21a5f7428f1150b2412d7f908b5c1c	831004b06f7c8ea0461a22281dc525f3bbcbc8293ccff0ca4ec805b9c94de0c3	source_specimens_1600.jsonl#RAG-fever-10455:B	RIDI-RAG-NATURE-v2-PROSPECTIVE/C2/QWEN3-BM25-K10-RANDOM	0f7babda273f68e2095343f2fb33f2dca3c8720f95ed87ca3a0f47d1b337b063	NO_AUTHORITATIVE_REQUIREMENT_SPECIFIED	TRUE	Primary registered RAG reference/random pair; exact grade-vector equality verified structurally; endpoints hash-bound without comparing outputs; no authoritative source support-count rule specified.
RAG-fever-104677	8c8846c2e2527f895efcd0b06f2ec4099f3fe8ba21b8a71c1a9729f0e840cccd	6de84b57dc9c018c2eba01fb5b6fa1c8da81f34c0a673e44c0324bf9561ca685	e928ad38c7fbee71ae2a8fbeac949e90b0d9f9803b98ce9d146262795fd26f56	source_specimens_1600.jsonl#RAG-fever-104677:A	0e092030b943bd23c17663095fddb1b77be0d762d9d59116512a04e0d73c2d84	0fd027ee5bb67547cab6da08b3b8f2b6158936161f991680dc16001336cc719d	source_specimens_1600.jsonl#RAG-fever-104677:B	RIDI-RAG-NATURE-v2-PROSPECTIVE/C2/QWEN3-BM25-K10-RANDOM	0f7babda273f68e2095343f2fb33f2dca3c8720f95ed87ca3a0f47d1b337b063	NO_AUTHORITATIVE_REQUIREMENT_SPECIFIED	TRUE	Primary registered RAG reference/random pair; exact grade-vector equality verified structurally; endpoints hash-bound without comparing outputs; no authoritative source support-count rule specified.
RAG-fever-104697	a03157b906ddc12bdb22f6e47ec0a1ba4f53d06df87f054192b234a01782166d	ea806a52becad72f9ae2b990f72389729d3ed85e65142de269614f04e7d8f3d0	7156bc17a88ca78a997e58af7997ab9ff0942e157687d5d1d8a667a97abd0482	source_specimens_1600.jsonl#RAG-fever-104697:A	1b1ae9b395640ecb06bfff52c032a286fba4de78bbf0e001f45d0ad99e8253cb	8201368f181ec2a3d97d71ee6393a3309cec49c0eb311116d63ee99aa74e5d25	source_specimens_1600.jsonl#RAG-fever-104697:B	RIDI-RAG-NATURE-v2-PROSPECTIVE/C2/QWEN3-BM25-K10-RANDOM	0f7babda273f68e2095343f2fb33f2dca3c8720f95ed87ca3a0f47d1b337b063	NO_AUTHORITATIVE_REQUIREMENT_SPECIFIED	TRUE	Primary registered RAG reference/random pair; exact grade-vector equality verified structurally; endpoints hash-bound without comparing outputs; no authoritative source support-count rule specified.
RAG-fever-104703	39e22bbc585dc5617af695f2b832c72dfb3be7933cd66c6c8f8fe4886b11a563	05496444b6c8e283297d98961407311325a5f55126e8d7c1ae9e73810b34a116	3c51ec9b4aa2fa7e1d38dfe1e5f0e2949cfa4aa6723fbde4f8741eecc1e25efe	source_specimens_1600.jsonl#RAG-fever-104703:A	edafef9acb90d0c78fb340f57b1251f5aabcbc84ac045ae984db0bfb0090968a	9f1a28a814294ed797314bc3e9b6be36ebe3df3ac7abf089d4d2a29745bc3429	source_specimens_1600.jsonl#RAG-fever-104703:B	RIDI-RAG-NATURE-v2-PROSPECTIVE/C2/QWEN3-BM25-K10-RANDOM	0f7babda273f68e2095343f2fb33f2dca3c8720f95ed87ca3a0f47d1b337b063	NO_AUTHORITATIVE_REQUIREMENT_SPECIFIED	TRUE	Primary registered RAG reference/random pair; exact grade-vector equality verified structurally; endpoints hash-bound without comparing outputs; no authoritative source support-count rule specified.
RAG-fever-104747	65c2d8efa29997e637e3bd4507a8a691dcafda6c6b5bf17cb07dfd1931b48033	2ec5d420ccb68bc37e610df0bb72bcc9bac67519365d4868e38360540b06d872	05b944ce5bf6d9b13ea4f1f8ab30c2e661d95074af9bba305f1d3a6259197b36	source_specimens_1600.jsonl#RAG-fever-104747:A	5e7448f85da431ced54f16a0b5629567e6d58571bcd5f6b9053839ab413e3640	a7d5cb6759d9b61d7175a0a9e6ea7e38a2bc6fb7b903d971469a923181fdc457	source_specimens_1600.jsonl#RAG-fever-104747:B	RIDI-RAG-NATURE-v2-PROSPECTIVE/C2/QWEN3-BM25-K10-RANDOM	0f7babda273f68e2095343f2fb33f2dca3c8720f95ed87ca3a0f47d1b337b063	NO_AUTHORITATIVE_REQUIREMENT_SPECIFIED	TRUE	Primary registered RAG reference/random pair; exact grade-vector equality verified structurally; endpoints hash-bound without comparing outputs; no authoritative source support-count rule specified.
RAG-hotpotqa-5a70eee85542994082a3e3f0	d68a1e7ebdf1abb0025f9422df65ac0ec4aae7e5e841f4dfccb76711fb75ca4b	7d5c01fd4d421c6da409c99ba3788a42225f490b6c1befe59b559c45654af8c4	f4088a78f36f655a1ffc178feef077b255396faae1bc9540d55aa845f2b37ab1	source_specimens_1600.jsonl#RAG-hotpotqa-5a70eee85542994082a3e3f0:A	9a930c22d4c3f4952c25d919d7ffc1a5d9bb92882e9614b95adcd49984ff760a	ad90c9ad49d3ed9b322294ffb811a8963e6598a0eb186809b12fe6ae83903d3c	source_specimens_1600.jsonl#RAG-hotpotqa-5a70eee85542994082a3e3f0:B	RIDI-RAG-NATURE-v2-PROSPECTIVE/C2/QWEN3-BM25-K10-RANDOM	0f7babda273f68e2095343f2fb33f2dca3c8720f95ed87ca3a0f47d1b337b063	NO_AUTHORITATIVE_REQUIREMENT_SPECIFIED	TRUE	Primary registered RAG reference/random pair; exact grade-vector equality verified structurally; endpoints hash-bound without comparing outputs; no authoritative source support-count rule specified.
RAG-hotpotqa-5a70f0a75542994082a3e403	6417653a238bf3ab03305d7dec9a308437417fdded7cc4a9a3be8548df287861	6642099d913ae3dc3e08bcb865237912d550cafe17f7e7209ebdc20e04f14aaa	2e15c5243e356d6541cfcde8017c8c3e0fc702aca862719c09396be61bccdf23	source_specimens_1600.jsonl#RAG-hotpotqa-5a70f0a75542994082a3e403:A	8b5d1ddb570a77ccfcd2e3d905b848d8e51f501f88d75abf1c88033edf3f6f81	fab24863cab005c03c5ad34cf738df41da33df8e711d1df87e827a18e08f34c5	source_specimens_1600.jsonl#RAG-hotpotqa-5a70f0a75542994082a3e403:B	RIDI-RAG-NATURE-v2-PROSPECTIVE/C2/QWEN3-BM25-K10-RANDOM	0f7babda273f68e2095343f2fb33f2dca3c8720f95ed87ca3a0f47d1b337b063	NO_AUTHORITATIVE_REQUIREMENT_SPECIFIED	TRUE	Primary registered RAG reference/random pair; exact grade-vector equality verified structurally; endpoints hash-bound without comparing outputs; no authoritative source support-count rule specified.
RAG-hotpotqa-5a70f0e75542994082a3e408	c7d1f546e8d1dbb40df6004cbd4b213abf38e00bf3c90f836687374f35989cb5	f6c95d51e9850528a232fa8cefaa803e5eaa518416afd12531798ff7bc7c3c35	bc49b065b184b6d7b6c0d2b2ad141150383e3bde2ab3f63bf7e6a4b24a49679c	source_specimens_1600.jsonl#RAG-hotpotqa-5a70f0e75542994082a3e408:A	3aafcfe287f52541ba94f315fbfac7fe131cb77aa73425e27901927e8eb6124e	f5f8af022d85f94ff01b1b2fce5321705d411e849d0b0d525b09d79b9e11f1fa	source_specimens_1600.jsonl#RAG-hotpotqa-5a70f0e75542994082a3e408:B	RIDI-RAG-NATURE-v2-PROSPECTIVE/C2/QWEN3-BM25-K10-RANDOM	0f7babda273f68e2095343f2fb33f2dca3c8720f95ed87ca3a0f47d1b337b063	NO_AUTHORITATIVE_REQUIREMENT_SPECIFIED	TRUE	Primary registered RAG reference/random pair; exact grade-vector equality verified structurally; endpoints hash-bound without comparing outputs; no authoritative source support-count rule specified.
RAG-hotpotqa-5a70f11a5542994082a3e40b	86bbc1aae978fa9c29eddb38545ead1581ffcdc0845714f498ae9685af5809ce	d7aa73fb5bdd831b9ff6d98c11b649cae2a4f3c86dfc13a05388f67da34142fa	51fb38da27c8cb3acdc4b982dbe984a2053e896d0b65fef0e3501eafefb95d2d	source_specimens_1600.jsonl#RAG-hotpotqa-5a70f11a5542994082a3e40b:A	419ac3539b740c7d548bb59b5d53df5dc819da86ee2d7283568d3a91b863529c	22bc53adfa7b8e17eb9047e43baf40f00fd2eb81d84a95457d17305954b7617b	source_specimens_1600.jsonl#RAG-hotpotqa-5a70f11a5542994082a3e40b:B	RIDI-RAG-NATURE-v2-PROSPECTIVE/C2/QWEN3-BM25-K10-RANDOM	0f7babda273f68e2095343f2fb33f2dca3c8720f95ed87ca3a0f47d1b337b063	NO_AUTHORITATIVE_REQUIREMENT_SPECIFIED	TRUE	Primary registered RAG reference/random pair; exact grade-vector equality verified structurally; endpoints hash-bound without comparing outputs; no authoritative source support-count rule specified.
RAG-hotpotqa-5a70f1685542994082a3e40f	e7d631399b25e38ed147727334214814430dd8a24d4617e9ccd267d556e4ea37	e764bb4942146c29d05047e359758537c2a7320d72b6db01c54fe40ac0b5cffd	50eb9c1b821d10ed0190e3cd3f341d2097461d9b833b93adbf026295c2d87bb1	source_specimens_1600.jsonl#RAG-hotpotqa-5a70f1685542994082a3e40f:A	31def940b1a313adbe1129259b8ca5a2838e9c131dfb0a04f701828a5ad5e46e	d2340e529b85ec055a7b9dc9816888e35faa761a88f21ee53a8f829cd431709a	source_specimens_1600.jsonl#RAG-hotpotqa-5a70f1685542994082a3e40f:B	RIDI-RAG-NATURE-v2-PROSPECTIVE/C2/QWEN3-BM25-K10-RANDOM	0f7babda273f68e2095343f2fb33f2dca3c8720f95ed87ca3a0f47d1b337b063	NO_AUTHORITATIVE_REQUIREMENT_SPECIFIED	TRUE	Primary registered RAG reference/random pair; exact grade-vector equality verified structurally; endpoints hash-bound without comparing outputs; no authoritative source support-count rule specified.
RAG-hotpotqa-5a70f39c5542994082a3e429	b8536d545ea29533486b8b343f2dae1b9747eef99bda35e34ac6f5b67f61c6c5	fc2625073b2d9ca699dd982d2e52f478388e723e3d15d428a526e9985f8f4858	c7248537a9ca07a39a38d27deceea9410a2c22eef5c359948979f526567f137f	source_specimens_1600.jsonl#RAG-hotpotqa-5a70f39c5542994082a3e429:A	ad4231767c99d21bb4f75560705d99941da1d3397178ec8659119696cae3f0b5	2a81ff06527253c32ce5513310702a55fe22c253454e629bfc42cde61713d34f	source_specimens_1600.jsonl#RAG-hotpotqa-5a70f39c5542994082a3e429:B	RIDI-RAG-NATURE-v2-PROSPECTIVE/C2/QWEN3-BM25-K10-RANDOM	0f7babda273f68e2095343f2fb33f2dca3c8720f95ed87ca3a0f47d1b337b063	NO_AUTHORITATIVE_REQUIREMENT_SPECIFIED	TRUE	Primary registered RAG reference/random pair; exact grade-vector equality verified structurally; endpoints hash-bound without comparing outputs; no authoritative source support-count rule specified.
RAG-hotpotqa-5a70f4695542994082a3e435	bcbff197cf5e2355fda38ea6fce5c41e0bad85ce137e17fadb49c090b68c8395	38689cae0e0d087ddee10d0c618fadc9c7b8ce755d2c4df9fae59e696f2336b5	2fc92b76c70c96afe430ba939ad10cf4360f264f359f21f4b59e8a44b1782109	source_specimens_1600.jsonl#RAG-hotpotqa-5a70f4695542994082a3e435:A	24bb4b1317556f0c76cfd915da8fed200f5e9fc01b2de487cf108fb1eee1842a	12838551667112a21fc06a79bfe1343e47c6497a185b5280cec297c4331ddf06	source_specimens_1600.jsonl#RAG-hotpotqa-5a70f4695542994082a3e435:B	RIDI-RAG-NATURE-v2-PROSPECTIVE/C2/QWEN3-BM25-K10-RANDOM	0f7babda273f68e2095343f2fb33f2dca3c8720f95ed87ca3a0f47d1b337b063	NO_AUTHORITATIVE_REQUIREMENT_SPECIFIED	TRUE	Primary registered RAG reference/random pair; exact grade-vector equality verified structurally; endpoints hash-bound without comparing outputs; no authoritative source support-count rule specified.
RAG-hotpotqa-5a70f4c45542994082a3e437	e057b5769e9d4a37166884a171f71f502908ae5a6469880379996f08b5940f08	dbfab9da5308d9fbe527b3c591548b2a65e7a25ce45ded263e9d7ed3bc9771e8	b56f33f28b8719344c0ab60dde8b849d0bbfd83d5ab65dc0c26838b7e91f4b6b	source_specimens_1600.jsonl#RAG-hotpotqa-5a70f4c45542994082a3e437:A	e6a1825a03fb8c027e4ee140bdc83210057a50dab918322e7767972007d7caf1	cad9e1046add91483c05d8b2f0661051010497607801501e3ec7e99353ffa8f3	source_specimens_1600.jsonl#RAG-hotpotqa-5a70f4c45542994082a3e437:B	RIDI-RAG-NATURE-v2-PROSPECTIVE/C2/QWEN3-BM25-K10-RANDOM	0f7babda273f68e2095343f2fb33f2dca3c8720f95ed87ca3a0f47d1b337b063	NO_AUTHORITATIVE_REQUIREMENT_SPECIFIED	TRUE	Primary registered RAG reference/random pair; exact grade-vector equality verified structurally; endpoints hash-bound without comparing outputs; no authoritative source support-count rule specified.
RAG-hotpotqa-5a70f6425542994082a3e44c	61103f6a65143fa90e35355561df152bdab073c686a3547bfe05fe25a50c97fe	ed4ac1688550303e0a0dd0decde5fdcdf949bcd206a2e85fc14947fa9784c99f	6595e9314510b780cd62ed977620d5e9ca396a4046fe3d911c50bb0c9895c0a6	source_specimens_1600.jsonl#RAG-hotpotqa-5a70f6425542994082a3e44c:A	cc360314a6272c51b7d50f2bef3480972828b7ed457edf83e09b104f3aa209f6	918461f7a2fc95fe66be7a619a36d0c47dace9644e03ee9d79820706f4138c21	source_specimens_1600.jsonl#RAG-hotpotqa-5a70f6425542994082a3e44c:B	RIDI-RAG-NATURE-v2-PROSPECTIVE/C2/QWEN3-BM25-K10-RANDOM	0f7babda273f68e2095343f2fb33f2dca3c8720f95ed87ca3a0f47d1b337b063	NO_AUTHORITATIVE_REQUIREMENT_SPECIFIED	TRUE	Primary registered RAG reference/random pair; exact grade-vector equality verified structurally; endpoints hash-bound without comparing outputs; no authoritative source support-count rule specified.
RAG-hotpotqa-5a70f9335542994082a3e46a	2f2a9793358a89adca0d11cdb173f47277ab7c4393c0675c362b12c8130c92d3	93fa695e4d164823b94888235c019700021be5b70f6d76376ac96645922a1a4d	e0545bc3010103d97428388ed2cb968cd63052a650948e584ae3ccd1672e51a8	source_specimens_1600.jsonl#RAG-hotpotqa-5a70f9335542994082a3e46a:A	09c44e7e68ba0cd93fe50ef641b90b3cdbfd235a14fde5fb4ca7d899a23fdf7c	c1cbc68a9c584b20510c5e480f438f0f119d12316c85b1fc5f05a595b34767cc	source_specimens_1600.jsonl#RAG-hotpotqa-5a70f9335542994082a3e46a:B	RIDI-RAG-NATURE-v2-PROSPECTIVE/C2/QWEN3-BM25-K10-RANDOM	0f7babda273f68e2095343f2fb33f2dca3c8720f95ed87ca3a0f47d1b337b063	NO_AUTHORITATIVE_REQUIREMENT_SPECIFIED	TRUE	Primary registered RAG reference/random pair; exact grade-vector equality verified structurally; endpoints hash-bound without comparing outputs; no authoritative source support-count rule specified.
RAG-hotpotqa-5a70ff335542994082a3e49c	de35f9f384a647f4b07bd88cec6a39aeac5c6ba8a4578061fa0e6bebd6d9fd4d	d49116cf75bf34394638ddc02f90ccef61868038cb91b4fac3e99c38382e5f01	63da7a8465858f8056df01869c259fdd14a6e6f96594765ae284568b749c61cd	source_specimens_1600.jsonl#RAG-hotpotqa-5a70ff335542994082a3e49c:A	fa849058b5adcd8f6ff1b2f499543f0dc5f41b19e76e93df2cd6b3a393c01c5c	64ac5304a3a50390efba5b1a69e7a81ab76b88078b2b2e7e21672c1790971762	source_specimens_1600.jsonl#RAG-hotpotqa-5a70ff335542994082a3e49c:B	RIDI-RAG-NATURE-v2-PROSPECTIVE/C2/QWEN3-BM25-K10-RANDOM	0f7babda273f68e2095343f2fb33f2dca3c8720f95ed87ca3a0f47d1b337b063	NO_AUTHORITATIVE_REQUIREMENT_SPECIFIED	TRUE	Primary registered RAG reference/random pair; exact grade-vector equality verified structurally; endpoints hash-bound without comparing outputs; no authoritative source support-count rule specified.
RAG-hotpotqa-5a7100435542994082a3e4a3	cbb94acf0fc19011e9bfcead5628bf1793e4c4c00bc06cbee934a07f6476a9d6	c406db2c02ca3f80ace693cf1e417775b98871b19cc0de07de62f9877dc429aa	217b571f0cc5b456b289c542496ea29487972bcc3ffcf86cf7c84501ff1937b0	source_specimens_1600.jsonl#RAG-hotpotqa-5a7100435542994082a3e4a3:A	673197870a318e88453294ca863359c3ed5c7557f2dc8a7fe7bb911d1c6d04b4	88653b2db37e53e2f53041c2f75546c07f3910aca9152d44251bce233aaebd47	source_specimens_1600.jsonl#RAG-hotpotqa-5a7100435542994082a3e4a3:B	RIDI-RAG-NATURE-v2-PROSPECTIVE/C2/QWEN3-BM25-K10-RANDOM	0f7babda273f68e2095343f2fb33f2dca3c8720f95ed87ca3a0f47d1b337b063	NO_AUTHORITATIVE_REQUIREMENT_SPECIFIED	TRUE	Primary registered RAG reference/random pair; exact grade-vector equality verified structurally; endpoints hash-bound without comparing outputs; no authoritative source support-count rule specified.
RAG-hotpotqa-5a7103b35542994082a3e4c0	4a5b35ebca6a71e9537f61bfc7732f98b1601a018e1ac0520da79fa6a77d8310	d3f02a45076182d24e00d73ae65e19c65c9f2458b710e6600c833c38f97c9255	e7f383b73ac6cebaea03b0312201fd999abca6a3dba7934889b79e842bee9e83	source_specimens_1600.jsonl#RAG-hotpotqa-5a7103b35542994082a3e4c0:A	30e414c48770cc18d0eb0b22a0041f04b8082015229e6d54c00f3901f41e89bf	debd118236aa9ee076c78c197187d676ffa3c1e82c94949626577416805d7d6f	source_specimens_1600.jsonl#RAG-hotpotqa-5a7103b35542994082a3e4c0:B	RIDI-RAG-NATURE-v2-PROSPECTIVE/C2/QWEN3-BM25-K10-RANDOM	0f7babda273f68e2095343f2fb33f2dca3c8720f95ed87ca3a0f47d1b337b063	NO_AUTHORITATIVE_REQUIREMENT_SPECIFIED	TRUE	Primary registered RAG reference/random pair; exact grade-vector equality verified structurally; endpoints hash-bound without comparing outputs; no authoritative source support-count rule specified.
RAG-hotpotqa-5a7108fa5542994082a3e4ef	de0f288dbd42820ad4c66b79ece8599b31ba92c5d9be2c648d921f3c04436d16	e14aa421a8176887ac81dbc74012145c811e801763e81e782781706653dd60d3	a7adb210409d3b4b0a74119e04ab92bac01977a712e3e1658401003121992a0d	source_specimens_1600.jsonl#RAG-hotpotqa-5a7108fa5542994082a3e4ef:A	f5d15b9b8083d3271c2ad50ad221378acfa4f40a50fbd39c6372b0af19a0eea8	21aee508c75360f8e06ecac622ef3a8c50e0a785b4b8f98b56788e6887478bd8	source_specimens_1600.jsonl#RAG-hotpotqa-5a7108fa5542994082a3e4ef:B	RIDI-RAG-NATURE-v2-PROSPECTIVE/C2/QWEN3-BM25-K10-RANDOM	0f7babda273f68e2095343f2fb33f2dca3c8720f95ed87ca3a0f47d1b337b063	NO_AUTHORITATIVE_REQUIREMENT_SPECIFIED	TRUE	Primary registered RAG reference/random pair; exact grade-vector equality verified structurally; endpoints hash-bound without comparing outputs; no authoritative source support-count rule specified.
RAG-hotpotqa-5a71095e5542994082a3e4f3	45e7ce26821e553ed077936e92ba1015cbefce55cabc52c6e29607023c03a3d2	0b91f260e6c91003dfcdd8f889ecf1fbe16b8d9865c6babf07351b66fceb884f	8af2d012ad27839b3b85ec998c8335abf463a1b4b07a54a3d3535682a9f28d7a	source_specimens_1600.jsonl#RAG-hotpotqa-5a71095e5542994082a3e4f3:A	d900ffe622da1e970a3b5b7caf01060d0034c7e84657888e6c629ba6bc75499d	77b5d98ac61b9267eb526ba8c8041a5e7ca3e21ea8cbaec313abf7e4a049663c	source_specimens_1600.jsonl#RAG-hotpotqa-5a71095e5542994082a3e4f3:B	RIDI-RAG-NATURE-v2-PROSPECTIVE/C2/QWEN3-BM25-K10-RANDOM	0f7babda273f68e2095343f2fb33f2dca3c8720f95ed87ca3a0f47d1b337b063	NO_AUTHORITATIVE_REQUIREMENT_SPECIFIED	TRUE	Primary registered RAG reference/random pair; exact grade-vector equality verified structurally; endpoints hash-bound without comparing outputs; no authoritative source support-count rule specified.
RAG-hotpotqa-5a7109e95542994082a3e4fa	f6c519a4a5308aedfbf54f8b84b2a7f3bc84b1c9945c641b0cc8637d178a3631	dea314d2ff4a380d3ef8e45a010e251c2e30f1b04876630bd26a93e292c6650f	4f3ae99f2eee963049b7f21f10e729ec8815d7d589a9b1c6dee968c449b6ff6b	source_specimens_1600.jsonl#RAG-hotpotqa-5a7109e95542994082a3e4fa:A	cf21d3e1a79ff09b37914ea8a2b7bf164b1321a246b05eb43d0cb3245ab73dac	9c1d0c0f60dfe031fae5f96cc84227a5d100f900a5301c390ca3a2c894ffcd7a	source_specimens_1600.jsonl#RAG-hotpotqa-5a7109e95542994082a3e4fa:B	RIDI-RAG-NATURE-v2-PROSPECTIVE/C2/QWEN3-BM25-K10-RANDOM	0f7babda273f68e2095343f2fb33f2dca3c8720f95ed87ca3a0f47d1b337b063	NO_AUTHORITATIVE_REQUIREMENT_SPECIFIED	TRUE	Primary registered RAG reference/random pair; exact grade-vector equality verified structurally; endpoints hash-bound without comparing outputs; no authoritative source support-count rule specified.
RAG-hotpotqa-5a710a1e5542994082a3e4fd	6b6b44cf863c7bbbb6807419acc43aa4c4b73842ac11619b0d00776d56b8b9e8	e039c12133216dbdb3f14c8f411cf46012d531b9e9cbf7c4c5d83bac57fcb133	6e2c66e7f0df171a8762dd7f024f1359e6cc6ddd18411d99683aa6cde286640f	source_specimens_1600.jsonl#RAG-hotpotqa-5a710a1e5542994082a3e4fd:A	0bebf9b026fd6a48f3863ec9cffc895864a87e04b5424b9301946c0972204636	a13aa84d7d7ccbcc8a5c85be14e74b069a1edfcbfea4e2b725843800130089fe	source_specimens_1600.jsonl#RAG-hotpotqa-5a710a1e5542994082a3e4fd:B	RIDI-RAG-NATURE-v2-PROSPECTIVE/C2/QWEN3-BM25-K10-RANDOM	0f7babda273f68e2095343f2fb33f2dca3c8720f95ed87ca3a0f47d1b337b063	NO_AUTHORITATIVE_REQUIREMENT_SPECIFIED	TRUE	Primary registered RAG reference/random pair; exact grade-vector equality verified structurally; endpoints hash-bound without comparing outputs; no authoritative source support-count rule specified.
RAG-hotpotqa-5a710a915542994082a3e504	6d039307b5bc4183184d4b798716694b2aa8e7679ebba5b414a14d02f42e2c70	be723ee6abfeed6ef50c9f4d3676051e81ec6541c3bc61358ec68d7d1ded3d0f	5abbcd562a01cef3a900b224c5765cd7e68c2c9a77fa92571ca17057a26ce83f	source_specimens_1600.jsonl#RAG-hotpotqa-5a710a915542994082a3e504:A	f6ab00b372afc14d8b64b027657995f04a4e063f6871309d4b9283d690765e4e	450a96e690a92d8244be8356578c79747ac6842183388bede23da633cfda9fe0	source_specimens_1600.jsonl#RAG-hotpotqa-5a710a915542994082a3e504:B	RIDI-RAG-NATURE-v2-PROSPECTIVE/C2/QWEN3-BM25-K10-RANDOM	0f7babda273f68e2095343f2fb33f2dca3c8720f95ed87ca3a0f47d1b337b063	NO_AUTHORITATIVE_REQUIREMENT_SPECIFIED	TRUE	Primary registered RAG reference/random pair; exact grade-vector equality verified structurally; endpoints hash-bound without comparing outputs; no authoritative source support-count rule specified.
RAG-hotpotqa-5a710bb15542994082a3e50d	3665c08456239be9f39c95f3e99b0ab37386874a6c4092a1a50eaee75907873e	1962624cea4ebbc6e2b6edbf9b78f441fca8bc9ead4bd40a63b5648c31c1f34f	04a3a9d21f08b973d201bbe22bbe8956385c3c56b10ddd3d049cbf780c817d40	source_specimens_1600.jsonl#RAG-hotpotqa-5a710bb15542994082a3e50d:A	f52527e5aaef2b0ceef9f3df101dc826795fb4d3f01dccfecaecb81408a2444f	79ca307217240b4e05551f22667058996b2bb4f2324e02fdcb5e8ef82c833192	source_specimens_1600.jsonl#RAG-hotpotqa-5a710bb15542994082a3e50d:B	RIDI-RAG-NATURE-v2-PROSPECTIVE/C2/QWEN3-BM25-K10-RANDOM	0f7babda273f68e2095343f2fb33f2dca3c8720f95ed87ca3a0f47d1b337b063	NO_AUTHORITATIVE_REQUIREMENT_SPECIFIED	TRUE	Primary registered RAG reference/random pair; exact grade-vector equality verified structurally; endpoints hash-bound without comparing outputs; no authoritative source support-count rule specified.
RAG-hotpotqa-5a710d155542994082a3e520	d483a449a98f5402561ec6b3438e6d4114c53289533724ad0eb8318401b562bc	8c772490c12453aa9bddfcb976297b3207b0ae1f7e80d8191f7e25e20313d820	cb6113e66ba778bf56d7b36706b8e159758aa38da3070c68af806a08ee9ae47a	source_specimens_1600.jsonl#RAG-hotpotqa-5a710d155542994082a3e520:A	d11afb0138c6710eb1c2228262580a16c169b9ffa0a231cfb42c6e8803eacd07	5345e20b24fbc1f2143cc0504dd216d9acf1f83a2493d8a7ea7c1970c62fbc3a	source_specimens_1600.jsonl#RAG-hotpotqa-5a710d155542994082a3e520:B	RIDI-RAG-NATURE-v2-PROSPECTIVE/C2/QWEN3-BM25-K10-RANDOM	0f7babda273f68e2095343f2fb33f2dca3c8720f95ed87ca3a0f47d1b337b063	NO_AUTHORITATIVE_REQUIREMENT_SPECIFIED	TRUE	Primary registered RAG reference/random pair; exact grade-vector equality verified structurally; endpoints hash-bound without comparing outputs; no authoritative source support-count rule specified.
RAG-hotpotqa-5a71148b5542994082a3e567	c931d26d812b12824ec7f31d2429efc7507ca63f37b47b660811fc9a39aa4432	fe69dd743c2882460857b1e49334304c6b24937ae6c177183d9f2f7cd92e3a24	eb723d4ab144c029010aead50f1806bd1be5fba619ccb686f578ebe1c3fb607f	source_specimens_1600.jsonl#RAG-hotpotqa-5a71148b5542994082a3e567:A	9bd4ec381b5d22abdba64db2eb1168ee95bfaee9033bbb237d17f404da643e34	ee7cc308587fe38104d4e4411085048e97e1c8353a8f1b0b167ca9f7768430e5	source_specimens_1600.jsonl#RAG-hotpotqa-5a71148b5542994082a3e567:B	RIDI-RAG-NATURE-v2-PROSPECTIVE/C2/QWEN3-BM25-K10-RANDOM	0f7babda273f68e2095343f2fb33f2dca3c8720f95ed87ca3a0f47d1b337b063	NO_AUTHORITATIVE_REQUIREMENT_SPECIFIED	TRUE	Primary registered RAG reference/random pair; exact grade-vector equality verified structurally; endpoints hash-bound without comparing outputs; no authoritative source support-count rule specified.
RAG-hotpotqa-5a7115475542994082a3e56d	4375f7cc717309f9547d27dc1011a54dd7d51811d1f7b6931ad43daddcc4fcd4	2634528cb222bc2e0579447daaf6073078cf980d78132f1070a509d05bad3399	7dd127a0c778cdda3cc600c7c412fec339cd1aa034b087e94df487de92a1fcfe	source_specimens_1600.jsonl#RAG-hotpotqa-5a7115475542994082a3e56d:A	e3b2d23bf17372f264de536edf1c45e783d75ba72b1fec5da31b8bbd43fa8fd0	200bfe374b50a5e047484e95237474222a7c2b719317e6332bd8e4149b81e2bf	source_specimens_1600.jsonl#RAG-hotpotqa-5a7115475542994082a3e56d:B	RIDI-RAG-NATURE-v2-PROSPECTIVE/C2/QWEN3-BM25-K10-RANDOM	0f7babda273f68e2095343f2fb33f2dca3c8720f95ed87ca3a0f47d1b337b063	NO_AUTHORITATIVE_REQUIREMENT_SPECIFIED	TRUE	Primary registered RAG reference/random pair; exact grade-vector equality verified structurally; endpoints hash-bound without comparing outputs; no authoritative source support-count rule specified.
RAG-hotpotqa-5a71166d5542994082a3e576	b20d8ae3ae7222b9e6c7e7f4d930196a72aaddcfc18ad49af3901e4f8a075297	cc8f76a25c4a739c06489454fba2c1f37baa15fb0303d02598065907ffd6850e	5b0ea134f2107966eb5b9e7af5dd40edb498b03d2de5c0bcde1db15a4acb801b	source_specimens_1600.jsonl#RAG-hotpotqa-5a71166d5542994082a3e576:A	50da0c01ebed6d9ec6c68b434d244b9f12eb0d2535dd52d2188b02147e84ded7	bacf4b0190cfed3605f7945381f90086df65b0e4bcb5f2e42dcf15be7dc83d42	source_specimens_1600.jsonl#RAG-hotpotqa-5a71166d5542994082a3e576:B	RIDI-RAG-NATURE-v2-PROSPECTIVE/C2/QWEN3-BM25-K10-RANDOM	0f7babda273f68e2095343f2fb33f2dca3c8720f95ed87ca3a0f47d1b337b063	NO_AUTHORITATIVE_REQUIREMENT_SPECIFIED	TRUE	Primary registered RAG reference/random pair; exact grade-vector equality verified structurally; endpoints hash-bound without comparing outputs; no authoritative source support-count rule specified.
RAG-hotpotqa-5a7119095542994082a3e589	2df9588fa1570e8e6b1e0fb24f4ae2bb9ae3220c684860923f9363acb5400bac	1ec063bf28244d646248522a6a8ca36ea1907dbec4b0b67a83371cdbb553fa01	67bdb7362c3e2c72a1dcdb77e6d0e1180825ab209c45299f3b8d5ac177521f69	source_specimens_1600.jsonl#RAG-hotpotqa-5a7119095542994082a3e589:A	4a330b470588e2b1b5ebaed486479b50fa2833f789e2185a0f4a73459e48a81d	ca9899c410aaaf7dff055d827f7b362038f96185370fbd7495069f9ffab4a238	source_specimens_1600.jsonl#RAG-hotpotqa-5a7119095542994082a3e589:B	RIDI-RAG-NATURE-v2-PROSPECTIVE/C2/QWEN3-BM25-K10-RANDOM	0f7babda273f68e2095343f2fb33f2dca3c8720f95ed87ca3a0f47d1b337b063	NO_AUTHORITATIVE_REQUIREMENT_SPECIFIED	TRUE	Primary registered RAG reference/random pair; exact grade-vector equality verified structurally; endpoints hash-bound without comparing outputs; no authoritative source support-count rule specified.
RAG-hotpotqa-5a7119f75542994082a3e58e	c107fd9591bd3b8cef57dc3e833b1da4397ddc87ade22a2f1a811476f7683eed	b04a2f632800350c34a2d334bcb590a645af0561e4e62c8b9267960394e008ba	6a9f064c168a63d25638335401d83957caa906405c54be91f7460c5873c1e853	source_specimens_1600.jsonl#RAG-hotpotqa-5a7119f75542994082a3e58e:A	80844a81f0b78c3c9612cca2cb1ae233d598e12ba5acac939a859a78d5e18a79	308bc25c26cc6f09df5c7474b773f9f7ba1550c362851b6991204c5e056672d8	source_specimens_1600.jsonl#RAG-hotpotqa-5a7119f75542994082a3e58e:B	RIDI-RAG-NATURE-v2-PROSPECTIVE/C2/QWEN3-BM25-K10-RANDOM	0f7babda273f68e2095343f2fb33f2dca3c8720f95ed87ca3a0f47d1b337b063	NO_AUTHORITATIVE_REQUIREMENT_SPECIFIED	TRUE	Primary registered RAG reference/random pair; exact grade-vector equality verified structurally; endpoints hash-bound without comparing outputs; no authoritative source support-count rule specified.
RAG-hotpotqa-5a711bb55542994082a3e597	8a54cbd5a771a7ffa901b8b046ffafb585d7ddc39beff3c3b1eaecf000227508	1e894c2873e19cc64e5fc79d20abfe24933eb5f96253a8f6a0646c9069e8b66a	69034e0d369fe85a5b053e342e11b76597e9baef38f642a2f0294012766936dd	source_specimens_1600.jsonl#RAG-hotpotqa-5a711bb55542994082a3e597:A	95a73a6b8ded86246e946e0aaa01ea85d3ac0ca7dd0738274bd2f755725c0be3	1bd6c4ffacc6e893c5f9b9b019e7f0e6427591de8fa92b511200edf1d1f6f706	source_specimens_1600.jsonl#RAG-hotpotqa-5a711bb55542994082a3e597:B	RIDI-RAG-NATURE-v2-PROSPECTIVE/C2/QWEN3-BM25-K10-RANDOM	0f7babda273f68e2095343f2fb33f2dca3c8720f95ed87ca3a0f47d1b337b063	NO_AUTHORITATIVE_REQUIREMENT_SPECIFIED	TRUE	Primary registered RAG reference/random pair; exact grade-vector equality verified structurally; endpoints hash-bound without comparing outputs; no authoritative source support-count rule specified.
RAG-hotpotqa-5a711c535542994082a3e59b	e0b022d0768eaef31149312d16f26e558c16d81fe0ea2591905a388b421532f4	8ca0cb738571edf564ea427506d5ba0f0fe25d00f4d3ad3689d63ca745429df8	1b2f022c63e624dfcd0235e920616e8ad7dbccf93994fb6fe9866cf21d5d3849	source_specimens_1600.jsonl#RAG-hotpotqa-5a711c535542994082a3e59b:A	4d5b5e82bf62a89bb24e92c9d6c12d190fe1c2da5c80eef20737e7a82a843ad1	92c0733c0f065a502299dd6ed6526ecc74c15e0fa73f8542e809a567069d0fd8	source_specimens_1600.jsonl#RAG-hotpotqa-5a711c535542994082a3e59b:B	RIDI-RAG-NATURE-v2-PROSPECTIVE/C2/QWEN3-BM25-K10-RANDOM	0f7babda273f68e2095343f2fb33f2dca3c8720f95ed87ca3a0f47d1b337b063	NO_AUTHORITATIVE_REQUIREMENT_SPECIFIED	TRUE	Primary registered RAG reference/random pair; exact grade-vector equality verified structurally; endpoints hash-bound without comparing outputs; no authoritative source support-count rule specified.
RAG-hotpotqa-5a711cb45542994082a3e59f	7d3f24b545fabf4fd27d006b8a11eb8ae364db0353756ed4fe06d1e1ef703fc6	7edb5e44d7e6a164d0cae6121e9e05de463f9ce4b15ec271786d7e3fff8e01aa	f40a09e8858a2fc2118bfb3dea2f4987ca6597a32e0a2f719f97fd4b0dccc2b8	source_specimens_1600.jsonl#RAG-hotpotqa-5a711cb45542994082a3e59f:A	8dfb72d864c6598bd7219359fb306fe9fe54fcd6799da19edfdbbdccb2957676	37c54db3870163eda5bff8e1d137503f83ea2d09eba410687b39d22f5b5e1a50	source_specimens_1600.jsonl#RAG-hotpotqa-5a711cb45542994082a3e59f:B	RIDI-RAG-NATURE-v2-PROSPECTIVE/C2/QWEN3-BM25-K10-RANDOM	0f7babda273f68e2095343f2fb33f2dca3c8720f95ed87ca3a0f47d1b337b063	NO_AUTHORITATIVE_REQUIREMENT_SPECIFIED	TRUE	Primary registered RAG reference/random pair; exact grade-vector equality verified structurally; endpoints hash-bound without comparing outputs; no authoritative source support-count rule specified.
RAG-hotpotqa-5a711ef85542994082a3e5ac	ef5ff19f5335baf31f30eae3e03c69ed11df43940a8f73cf5959e00d9b3e98dd	2a0a8389f7e0b457a1e35ea6a1d64ce636168085544ce68b6e96df3a34178371	1230d08bacec0f49cd6d84dfd992514f475b63109f7eb0a0e3591a4401f9733f	source_specimens_1600.jsonl#RAG-hotpotqa-5a711ef85542994082a3e5ac:A	89346ac01b22cf669f68b0efe7ee74556c92fccf276aa4a1dae3e43219eb3ea7	024dde8ee6f3e1bce07b976f420285ff422efb4a06a735bbfe95ef561d664c9b	source_specimens_1600.jsonl#RAG-hotpotqa-5a711ef85542994082a3e5ac:B	RIDI-RAG-NATURE-v2-PROSPECTIVE/C2/QWEN3-BM25-K10-RANDOM	0f7babda273f68e2095343f2fb33f2dca3c8720f95ed87ca3a0f47d1b337b063	NO_AUTHORITATIVE_REQUIREMENT_SPECIFIED	TRUE	Primary registered RAG reference/random pair; exact grade-vector equality verified structurally; endpoints hash-bound without comparing outputs; no authoritative source support-count rule specified.
RAG-hotpotqa-5a71214d5542994082a3e5b9	b67cc4bf65f79e25affebf630a899955353a67dd01f168ef7c8e52d16abda116	243b50e7d83bff44a07004dc2b4b05472564bcf4a7f5aaed7549c4432637e5de	60d2a54ae6f14bed836131b27b4246233ea9d5284463187c47c237192ce56931	source_specimens_1600.jsonl#RAG-hotpotqa-5a71214d5542994082a3e5b9:A	fa322cc772203a6a2a58989b72a8c88187db4e503b7739a51cecd3e1b1a77343	ec1f7505eab0c65388f07bf89f622e15f430f1d36e9d8a4d6b55316d4e13814c	source_specimens_1600.jsonl#RAG-hotpotqa-5a71214d5542994082a3e5b9:B	RIDI-RAG-NATURE-v2-PROSPECTIVE/C2/QWEN3-BM25-K10-RANDOM	0f7babda273f68e2095343f2fb33f2dca3c8720f95ed87ca3a0f47d1b337b063	NO_AUTHORITATIVE_REQUIREMENT_SPECIFIED	TRUE	Primary registered RAG reference/random pair; exact grade-vector equality verified structurally; endpoints hash-bound without comparing outputs; no authoritative source support-count rule specified.
RAG-hotpotqa-5a71224f5542994082a3e5c1	d3e1b527e8d75a8ef6b01fe8aef38204ae4c5e28911c28e407e0b8c924b86fc1	87c7f0f096e0d2efa6220f22b8ac47a382d5d2264e1d13639b2c204e625b8250	2599e8dfb2fad89b6ff1669adba9d2c094cac8806e64929880fdb03ec161d57d	source_specimens_1600.jsonl#RAG-hotpotqa-5a71224f5542994082a3e5c1:A	936363176fa11d0f17e81556589e424515533021fd77f53e58be7556ecb00cf1	28aec64c83cb49c7bf0179b2168ce87b4a2165855a29f1d28bd8065c6d2fe9c6	source_specimens_1600.jsonl#RAG-hotpotqa-5a71224f5542994082a3e5c1:B	RIDI-RAG-NATURE-v2-PROSPECTIVE/C2/QWEN3-BM25-K10-RANDOM	0f7babda273f68e2095343f2fb33f2dca3c8720f95ed87ca3a0f47d1b337b063	NO_AUTHORITATIVE_REQUIREMENT_SPECIFIED	TRUE	Primary registered RAG reference/random pair; exact grade-vector equality verified structurally; endpoints hash-bound without comparing outputs; no authoritative source support-count rule specified.
RAG-hotpotqa-5a71231a5542994082a3e5c4	88385835246a1c417be3fed00d7e3dd38e64c6f297362b025f93c2e30acda1cf	d5232c2095740ee4c645ff529279ef79d2aaad1187569dce7f2989a15d2c5567	96f172de3d8a37104ee456f7b9e98a6558cefce3b771f5d19e52539d88a9ccd3	source_specimens_1600.jsonl#RAG-hotpotqa-5a71231a5542994082a3e5c4:A	98780ed798ec3af9995fce16ff852372053788b43db1b10ab93018d352360ed5	147bf79b75883eccfbb51fae96cabfc3f5414cac02a48b9401a8ee87f1c80909	source_specimens_1600.jsonl#RAG-hotpotqa-5a71231a5542994082a3e5c4:B	RIDI-RAG-NATURE-v2-PROSPECTIVE/C2/QWEN3-BM25-K10-RANDOM	0f7babda273f68e2095343f2fb33f2dca3c8720f95ed87ca3a0f47d1b337b063	NO_AUTHORITATIVE_REQUIREMENT_SPECIFIED	TRUE	Primary registered RAG reference/random pair; exact grade-vector equality verified structurally; endpoints hash-bound without comparing outputs; no authoritative source support-count rule specified.
RAG-hotpotqa-5a7125165542994082a3e5d0	f7f08f1852ff9a1e687218268f5f1669a20fc06fc01815388d519031e3ca40c2	dbb4bcda0c6edea0ece17b5854747f74590504ad6619618bf05b3a918871ea27	2603b50bb38f6c17951737043d81b0a58e47d2d2161bfc51780894a835e20582	source_specimens_1600.jsonl#RAG-hotpotqa-5a7125165542994082a3e5d0:A	c7de1c7a77ff1a856461eb509ed2761c71f7005b3915c8200e5763c181427565	c9f7d489ed1aa93367fb79b5390f6cb6c5ed21552061d0a5ea2b742f956e11b6	source_specimens_1600.jsonl#RAG-hotpotqa-5a7125165542994082a3e5d0:B	RIDI-RAG-NATURE-v2-PROSPECTIVE/C2/QWEN3-BM25-K10-RANDOM	0f7babda273f68e2095343f2fb33f2dca3c8720f95ed87ca3a0f47d1b337b063	NO_AUTHORITATIVE_REQUIREMENT_SPECIFIED	TRUE	Primary registered RAG reference/random pair; exact grade-vector equality verified structurally; endpoints hash-bound without comparing outputs; no authoritative source support-count rule specified.
RAG-hotpotqa-5a7125b95542994082a3e5d5	ec55e7b8c246b9328456bb8a9c9f5be7c252caabac7660ad4d6651c35244b917	dca3eba75b581d37a0377faadebf9354f1ca832e82e2accccc2c821a732bc8bb	bf4b3e57f9b5723633fffc84049a2342c1e4ff7f682d0e3f3f32bcea320ea79b	source_specimens_1600.jsonl#RAG-hotpotqa-5a7125b95542994082a3e5d5:A	61bcee372e49d088cafafe24464d0894a5b574f01e9938bd62f4501e314be67f	b3c1f01e827dfbce109dd54fbf5e7470c04b9675c2ede0286295d20daad43ccb	source_specimens_1600.jsonl#RAG-hotpotqa-5a7125b95542994082a3e5d5:B	RIDI-RAG-NATURE-v2-PROSPECTIVE/C2/QWEN3-BM25-K10-RANDOM	0f7babda273f68e2095343f2fb33f2dca3c8720f95ed87ca3a0f47d1b337b063	NO_AUTHORITATIVE_REQUIREMENT_SPECIFIED	TRUE	Primary registered RAG reference/random pair; exact grade-vector equality verified structurally; endpoints hash-bound without comparing outputs; no authoritative source support-count rule specified.
RAG-hotpotqa-5a71278c5542994082a3e5e2	c6fa39335cb46f1233870853d8569c06cdcb84a6f4bcd02c7503c6589ddcc636	c6072f0b723a710db48b5919ea34ddb801a9ea32ae6e42c7a288d3d6108439e7	0cf9b1b04d9cd537d1327a41a4bd7d0379a753716897e6cc54732b69666b1e88	source_specimens_1600.jsonl#RAG-hotpotqa-5a71278c5542994082a3e5e2:A	f47052020a3d32288bdc61c8b8fdd8fac16a6f35f8de066771fe547e0b36c405	de3a4505f9675120c3d2f149a2144586a4e17ae5172952ad92907928ec48b0d2	source_specimens_1600.jsonl#RAG-hotpotqa-5a71278c5542994082a3e5e2:B	RIDI-RAG-NATURE-v2-PROSPECTIVE/C2/QWEN3-BM25-K10-RANDOM	0f7babda273f68e2095343f2fb33f2dca3c8720f95ed87ca3a0f47d1b337b063	NO_AUTHORITATIVE_REQUIREMENT_SPECIFIED	TRUE	Primary registered RAG reference/random pair; exact grade-vector equality verified structurally; endpoints hash-bound without comparing outputs; no authoritative source support-count rule specified.
RAG-hotpotqa-5a7128b05542994082a3e5f2	b4a45cbcaadc35a3bcccc52ba26707f1f7a96787989b96591c1c2ba47ad0f989	f21fe3f9ef298a86719c917a46b439b8d22242e3007e87035df0196ab0e1c8c2	c73342c8e00f0980ed9e796e8d3f04c76c332023e1b2aa4a5dd50cef8f03853c	source_specimens_1600.jsonl#RAG-hotpotqa-5a7128b05542994082a3e5f2:A	3d5b382a19ca7e4c21761d4cb9c0651fd723181d17d15389a3dc97dd1c5b902b	d7e05f4f2e10ffceecc737d565286a7b816fe47c4a9c96e08e29b6700e17d761	source_specimens_1600.jsonl#RAG-hotpotqa-5a7128b05542994082a3e5f2:B	RIDI-RAG-NATURE-v2-PROSPECTIVE/C2/QWEN3-BM25-K10-RANDOM	0f7babda273f68e2095343f2fb33f2dca3c8720f95ed87ca3a0f47d1b337b063	NO_AUTHORITATIVE_REQUIREMENT_SPECIFIED	TRUE	Primary registered RAG reference/random pair; exact grade-vector equality verified structurally; endpoints hash-bound without comparing outputs; no authoritative source support-count rule specified.
RAG-hotpotqa-5a7129685542994082a3e5fa	3766eb3e542d3e17cd92e8eab67232f7ee3bac9ebf656bd9b178f7a3ed107e81	459620473e1ae057e4977177e0421da1113f8461bc18afc50eadb73b69e015b5	d1a444a0a279e6ea6b2a46508223681f93f23d234e0d24e3c9ed7f122dd38bf2	source_specimens_1600.jsonl#RAG-hotpotqa-5a7129685542994082a3e5fa:A	4397d0b50d21d82748e31d0e75807fb518cc8ce8d284e53a74760e96c11515db	d9092132393355a03e06def88bfa9c3a04ee227525dbd5414602dbaf1dfdd5c9	source_specimens_1600.jsonl#RAG-hotpotqa-5a7129685542994082a3e5fa:B	RIDI-RAG-NATURE-v2-PROSPECTIVE/C2/QWEN3-BM25-K10-RANDOM	0f7babda273f68e2095343f2fb33f2dca3c8720f95ed87ca3a0f47d1b337b063	NO_AUTHORITATIVE_REQUIREMENT_SPECIFIED	TRUE	Primary registered RAG reference/random pair; exact grade-vector equality verified structurally; endpoints hash-bound without comparing outputs; no authoritative source support-count rule specified.
RAG-hotpotqa-5a71299e5542994082a3e5fe	93bd6a2bf6923a01dff77a1b68d5a4e823d8f08ac40022bd23c873175cd9010c	4d45aae9902deb4867f37acd76c3687598edc3db6c283b4a353a7d7d44e888f7	55ef05fce3bf8a7f169e6b85c40d9ad9fd94825a480248cf338126ac825dd45d	source_specimens_1600.jsonl#RAG-hotpotqa-5a71299e5542994082a3e5fe:A	a775e8d2d3465d63b82824dfbea423bcd173da2ad49d4fbf88c6698dd478c509	fc2a2fc4a2d28bb6060d18a9bdb45510ecbe816d09d88f361b8dedd893cd249d	source_specimens_1600.jsonl#RAG-hotpotqa-5a71299e5542994082a3e5fe:B	RIDI-RAG-NATURE-v2-PROSPECTIVE/C2/QWEN3-BM25-K10-RANDOM	0f7babda273f68e2095343f2fb33f2dca3c8720f95ed87ca3a0f47d1b337b063	NO_AUTHORITATIVE_REQUIREMENT_SPECIFIED	TRUE	Primary registered RAG reference/random pair; exact grade-vector equality verified structurally; endpoints hash-bound without comparing outputs; no authoritative source support-count rule specified.
RAG-hotpotqa-5a712af15542994082a3e614	5de307c33523e870d35e650daca2a75efa42c878dce383a8702059cc506a0673	0ffb362d1be05136bd45b1c5b80507ac8bb44a265ff303cc0a0e36bc6383218f	0a1d0597e3fedbb48bce70175b00a75dbd535b49b1bd14f8f31048163f4ee7ac	source_specimens_1600.jsonl#RAG-hotpotqa-5a712af15542994082a3e614:A	dc30b17f4289f9f283db6767f0b4b36a963ef42e4a4adec44e08d73fb0157584	1195f60567ff430949336e429ab0cf0e9b7a4bc085ed67c9094a6fb703e7779c	source_specimens_1600.jsonl#RAG-hotpotqa-5a712af15542994082a3e614:B	RIDI-RAG-NATURE-v2-PROSPECTIVE/C2/QWEN3-BM25-K10-RANDOM	0f7babda273f68e2095343f2fb33f2dca3c8720f95ed87ca3a0f47d1b337b063	NO_AUTHORITATIVE_REQUIREMENT_SPECIFIED	TRUE	Primary registered RAG reference/random pair; exact grade-vector equality verified structurally; endpoints hash-bound without comparing outputs; no authoritative source support-count rule specified.
RAG-hotpotqa-5a712beb5542994082a3e61c	f22f769e7afa2a44e56ba5baab190f9a62d97a400f32baf1bc536dda5ba06f1d	b2af7f7ab175d9ddf88323e3cb54b602a1596246da82d3112b38fccd09c029d9	e803673ac606fdfe7d2decb9f4c2e994a95e4e13ba0322a02b2d75b78625f232	source_specimens_1600.jsonl#RAG-hotpotqa-5a712beb5542994082a3e61c:A	0f4539e2fabed299a0c2382a29cde9ca9ce489cea6103ebb260be25a94636541	938282d053fc2538fbdec4051ddced44632daa6bab0e73db2ea57cb092e0a64c	source_specimens_1600.jsonl#RAG-hotpotqa-5a712beb5542994082a3e61c:B	RIDI-RAG-NATURE-v2-PROSPECTIVE/C2/QWEN3-BM25-K10-RANDOM	0f7babda273f68e2095343f2fb33f2dca3c8720f95ed87ca3a0f47d1b337b063	NO_AUTHORITATIVE_REQUIREMENT_SPECIFIED	TRUE	Primary registered RAG reference/random pair; exact grade-vector equality verified structurally; endpoints hash-bound without comparing outputs; no authoritative source support-count rule specified.
RAG-hotpotqa-5a712c4b5542994082a3e622	5d509cda23a770e621e120f5e73aa57143ff10287cd9fdb333d5bd3f75ae453b	444ca901b7e2306b861fdff4d31d41db8b943ee4d98f08095ae82bbae303daa2	14e24dde629c1340b8df45efe9bb2f209ceac6e1c612471ca2e0bdb96dca4574	source_specimens_1600.jsonl#RAG-hotpotqa-5a712c4b5542994082a3e622:A	38a660c954997a67e5c716f37c3fb52df9df209064f381f676ab1b14a4dc21d0	154629d522f8dc028fd1e67abb44f1109fa468122511db52273526ab89a119e2	source_specimens_1600.jsonl#RAG-hotpotqa-5a712c4b5542994082a3e622:B	RIDI-RAG-NATURE-v2-PROSPECTIVE/C2/QWEN3-BM25-K10-RANDOM	0f7babda273f68e2095343f2fb33f2dca3c8720f95ed87ca3a0f47d1b337b063	NO_AUTHORITATIVE_REQUIREMENT_SPECIFIED	TRUE	Primary registered RAG reference/random pair; exact grade-vector equality verified structurally; endpoints hash-bound without comparing outputs; no authoritative source support-count rule specified.
RAG-hotpotqa-5a712e895542994082a3e636	985be15ac95635c7e045966cb7c33ef6c91391953f76856d44ec549df34a22a3	1e13b33de31b392c334742764366a77dbe8eb31aaaa08ac9f2433fe44953afc5	1ff8d2298d3850c7c1fdbfb0d2e0e139779cb27a0a1dce167f53076548ad6437	source_specimens_1600.jsonl#RAG-hotpotqa-5a712e895542994082a3e636:A	a0de95b62f49aef045dedc6abe0dad4f4129a4f9dc28958759a187c429f90712	aa291e4f197d3cc22d0ed1b105e190066966cb2cf926dd52e65a70a861a5b4c2	source_specimens_1600.jsonl#RAG-hotpotqa-5a712e895542994082a3e636:B	RIDI-RAG-NATURE-v2-PROSPECTIVE/C2/QWEN3-BM25-K10-RANDOM	0f7babda273f68e2095343f2fb33f2dca3c8720f95ed87ca3a0f47d1b337b063	NO_AUTHORITATIVE_REQUIREMENT_SPECIFIED	TRUE	Primary registered RAG reference/random pair; exact grade-vector equality verified structurally; endpoints hash-bound without comparing outputs; no authoritative source support-count rule specified.
RAG-hotpotqa-5a712fca5542994082a3e641	fe63bf1cc798bd7705b593177f62fbcda8ee6fb96e558a39a6ecc3501ea52960	d2b3332d822ebee1b3f8e22c33d4f9c1753a87ad096f4f6d22e22b4af4576185	0b9ed6fc1222e76289bc42b4ac6edd1e1b44ba39a9aa6c36bfd224a61577ce2b	source_specimens_1600.jsonl#RAG-hotpotqa-5a712fca5542994082a3e641:A	826f92a205ea42a6fcd0f56255d6d3b5b63a46ce9032956550cea141f24fc6b0	ec7dacee3c003b58afd305fcae21bec7060c6b95368cb4d61f8151e1d9ebc597	source_specimens_1600.jsonl#RAG-hotpotqa-5a712fca5542994082a3e641:B	RIDI-RAG-NATURE-v2-PROSPECTIVE/C2/QWEN3-BM25-K10-RANDOM	0f7babda273f68e2095343f2fb33f2dca3c8720f95ed87ca3a0f47d1b337b063	NO_AUTHORITATIVE_REQUIREMENT_SPECIFIED	TRUE	Primary registered RAG reference/random pair; exact grade-vector equality verified structurally; endpoints hash-bound without comparing outputs; no authoritative source support-count rule specified.
RAG-hotpotqa-5a7130365542994082a3e645	8a7b16816bb349768e8a7f8d1c3e8e393c931562c94e9c97a2e7be8ec48f1084	35a6c54760cc3627a19478eb3d4dee356a43df7b68f4bd0b39e12315eff65510	b55e92d4dd5eadfbf3a51994ac333dd17d233f0177291b5fdf09da6185305636	source_specimens_1600.jsonl#RAG-hotpotqa-5a7130365542994082a3e645:A	417dfcedc29f5da606e3304821128d5cde91895651aa8be4cb18862353d9ac33	57a63a0bb9578230f738f34c687a33d74f8fca533a28cb34f01012938c29d894	source_specimens_1600.jsonl#RAG-hotpotqa-5a7130365542994082a3e645:B	RIDI-RAG-NATURE-v2-PROSPECTIVE/C2/QWEN3-BM25-K10-RANDOM	0f7babda273f68e2095343f2fb33f2dca3c8720f95ed87ca3a0f47d1b337b063	NO_AUTHORITATIVE_REQUIREMENT_SPECIFIED	TRUE	Primary registered RAG reference/random pair; exact grade-vector equality verified structurally; endpoints hash-bound without comparing outputs; no authoritative source support-count rule specified.
RAG-hotpotqa-5a7131565542994082a3e64f	865f920486f2238a627e980a0177fc7e8a0ac848bb1bc9bfa59ff9d633a46c1d	329d866bea2c39f234aca0cd6133d1d26b21ded2a06977b0e7600207f81fc03f	91f3d535d82eb34ad0f67b2abcb7cf0646f472c692e88d6e2810dfc64737e150	source_specimens_1600.jsonl#RAG-hotpotqa-5a7131565542994082a3e64f:A	4fb19f72bf331b88a4f48be810ea72501b6d7e50eaa8372bff4d3a81f0d0ca77	b5a6a0fc2fbc037da6592aecc082ed1531e45093bb65e64e7502b63bffee9cd2	source_specimens_1600.jsonl#RAG-hotpotqa-5a7131565542994082a3e64f:B	RIDI-RAG-NATURE-v2-PROSPECTIVE/C2/QWEN3-BM25-K10-RANDOM	0f7babda273f68e2095343f2fb33f2dca3c8720f95ed87ca3a0f47d1b337b063	NO_AUTHORITATIVE_REQUIREMENT_SPECIFIED	TRUE	Primary registered RAG reference/random pair; exact grade-vector equality verified structurally; endpoints hash-bound without comparing outputs; no authoritative source support-count rule specified.
RAG-hotpotqa-5a7133565542994082a3e65c	67a6945e0df5db24b05b74df9ec9797d925001d00a7f3db76ea3d813764eb774	2d820cc27f9f33973840aa4406db629a34fc98165c59abae70cce48e0098de96	e268d5a65e3b745b3b01a7347fb5f9194aee554a0d4068aa250d6543260fa50c	source_specimens_1600.jsonl#RAG-hotpotqa-5a7133565542994082a3e65c:A	59b9940a616ecb2c00455505f9c85f19e694628158a99458c728c22c79bb941f	57c6009563bd66c86869a47efe242e7fe538256fa57b4af51435c891555a510d	source_specimens_1600.jsonl#RAG-hotpotqa-5a7133565542994082a3e65c:B	RIDI-RAG-NATURE-v2-PROSPECTIVE/C2/QWEN3-BM25-K10-RANDOM	0f7babda273f68e2095343f2fb33f2dca3c8720f95ed87ca3a0f47d1b337b063	NO_AUTHORITATIVE_REQUIREMENT_SPECIFIED	TRUE	Primary registered RAG reference/random pair; exact grade-vector equality verified structurally; endpoints hash-bound without comparing outputs; no authoritative source support-count rule specified.
RAG-hotpotqa-5a7133fa5542994082a3e660	0172570720be51ab37535314087a445f7e467467dc8ad12842c4d8a60235a248	b421b1ecc1ab3b2b8e89350b5fd5f7955938e71826607fe40ca13f7f348d36b4	e51280dba49391ca983d839a00df097aaece2c5e65a122a3e02dd43c5e277393	source_specimens_1600.jsonl#RAG-hotpotqa-5a7133fa5542994082a3e660:A	c4d60d398498d81e5a2c8ebf26baff28a48d2b87bc92cec40c1a48e94aaa6ce9	73863c0c7166913077ef6cb035993ddc0c7a0dea8f203d1d01a8ce0d21a4d2ce	source_specimens_1600.jsonl#RAG-hotpotqa-5a7133fa5542994082a3e660:B	RIDI-RAG-NATURE-v2-PROSPECTIVE/C2/QWEN3-BM25-K10-RANDOM	0f7babda273f68e2095343f2fb33f2dca3c8720f95ed87ca3a0f47d1b337b063	NO_AUTHORITATIVE_REQUIREMENT_SPECIFIED	TRUE	Primary registered RAG reference/random pair; exact grade-vector equality verified structurally; endpoints hash-bound without comparing outputs; no authoritative source support-count rule specified.
RAG-hotpotqa-5a7136e25542994082a3e67e	cc444c9c1fd3b23b4573e4d2f6e8b6c307094b9e3b9531a7fb71b55ff529c9d9	ff77dddbfb7c140c63b022f33bb3ae8a7e864bc9824fd21766aa675d3ce6ab35	6c8797f5d0205a9f939208c6e6dd29de6a65c135f5fcf87994e5c6cffffa723a	source_specimens_1600.jsonl#RAG-hotpotqa-5a7136e25542994082a3e67e:A	ab50d74863d43f9f137775245d4b759330feb9719f3de49dcf6ff83bc5b2ddab	ca3f6fe63bd646b6cb8bf1427541e830e96fe180426c39442612a6edbd95c60c	source_specimens_1600.jsonl#RAG-hotpotqa-5a7136e25542994082a3e67e:B	RIDI-RAG-NATURE-v2-PROSPECTIVE/C2/QWEN3-BM25-K10-RANDOM	0f7babda273f68e2095343f2fb33f2dca3c8720f95ed87ca3a0f47d1b337b063	NO_AUTHORITATIVE_REQUIREMENT_SPECIFIED	TRUE	Primary registered RAG reference/random pair; exact grade-vector equality verified structurally; endpoints hash-bound without comparing outputs; no authoritative source support-count rule specified.
RAG-hotpotqa-5a7137dc5542994082a3e68a	019eb0023237cd9bed0aeca826e4831bcc9dd8b9c2bec287ff6b30b67a4d8dcb	6426a762675fcb3fa012391fbb34e51ed037db16babe01f8a2406cf917b0d2de	d3e9c86712a7fdffaec696e6ebb56b88d93767ddf827d4d769a4a836dfa51e6c	source_specimens_1600.jsonl#RAG-hotpotqa-5a7137dc5542994082a3e68a:A	a3d68d21fe2aeedf49803672a28a576f228ab21fdd9d0f684a5c24604b275786	236f9c66f8c5aebc2e8dab86dc20a432661a52cd6cda9c43a85337f470580bd5	source_specimens_1600.jsonl#RAG-hotpotqa-5a7137dc5542994082a3e68a:B	RIDI-RAG-NATURE-v2-PROSPECTIVE/C2/QWEN3-BM25-K10-RANDOM	0f7babda273f68e2095343f2fb33f2dca3c8720f95ed87ca3a0f47d1b337b063	NO_AUTHORITATIVE_REQUIREMENT_SPECIFIED	TRUE	Primary registered RAG reference/random pair; exact grade-vector equality verified structurally; endpoints hash-bound without comparing outputs; no authoritative source support-count rule specified.
RAG-hotpotqa-5a71380c5542994082a3e68b	c6f9d4fc5f8d72d8b6ce014ef033973a620b909dde83e848efcc06f2c6b66857	124cfebf61a12c63a76333b025ba07933a330f0860e3b3d8b197f9423db301a7	c492ade1f8d951c465b111764036812ce82000d82ec1063efb986b0d71a5a1e8	source_specimens_1600.jsonl#RAG-hotpotqa-5a71380c5542994082a3e68b:A	5bc8a3e478d9411114733b80e77bb1192035f52306ca6bbfbfe24e7210ec6ea8	a1858c4cdae67d48d87736552e20f7b104de3ecb8a288678181ef31a793be604	source_specimens_1600.jsonl#RAG-hotpotqa-5a71380c5542994082a3e68b:B	RIDI-RAG-NATURE-v2-PROSPECTIVE/C2/QWEN3-BM25-K10-RANDOM	0f7babda273f68e2095343f2fb33f2dca3c8720f95ed87ca3a0f47d1b337b063	NO_AUTHORITATIVE_REQUIREMENT_SPECIFIED	TRUE	Primary registered RAG reference/random pair; exact grade-vector equality verified structurally; endpoints hash-bound without comparing outputs; no authoritative source support-count rule specified.
RAG-hotpotqa-5a713a5a5542994082a3e6a9	40de39c342180da189ff76465ff0c26b32272c0f795763b924f0f28da12b13ac	38e3d35b07813463f9c860914a85ab94addd10641bbce297d167df4446c4f2f3	6e2df54bf2decd935b4c5d759cbdb33df3c0034319fdbb181f193216a86d052e	source_specimens_1600.jsonl#RAG-hotpotqa-5a713a5a5542994082a3e6a9:A	47e1e9a0e40621f06b65e87ae2888545ecfcd1e98468ca753f6f42213f027dba	da3d766f274005366db2d015b11e39a1e5db3a9f91176542e2e860dfa5527a03	source_specimens_1600.jsonl#RAG-hotpotqa-5a713a5a5542994082a3e6a9:B	RIDI-RAG-NATURE-v2-PROSPECTIVE/C2/QWEN3-BM25-K10-RANDOM	0f7babda273f68e2095343f2fb33f2dca3c8720f95ed87ca3a0f47d1b337b063	NO_AUTHORITATIVE_REQUIREMENT_SPECIFIED	TRUE	Primary registered RAG reference/random pair; exact grade-vector equality verified structurally; endpoints hash-bound without comparing outputs; no authoritative source support-count rule specified.
RAG-hotpotqa-5a713b325542994082a3e6b5	1bdc72ed8d2040364f0316f370bd53af860a3fd5d52303dba7322f07e33d8320	85591d8e46d191d487f7964ea13b595d0b8e58a971146e62c580d1a4f6889acd	a4528eac664c88b7d540df5038f4e73eac1042d8d174e13cebcf1a8c5876e9b9	source_specimens_1600.jsonl#RAG-hotpotqa-5a713b325542994082a3e6b5:A	93b9651f74bc1f2a804637d85632d82d836f259959dbbf1d3eb11c03ecead26b	cef0e4b7e2e27f705d766d995a2f30b13603244d543e67b0fde509c9d31c6e37	source_specimens_1600.jsonl#RAG-hotpotqa-5a713b325542994082a3e6b5:B	RIDI-RAG-NATURE-v2-PROSPECTIVE/C2/QWEN3-BM25-K10-RANDOM	0f7babda273f68e2095343f2fb33f2dca3c8720f95ed87ca3a0f47d1b337b063	NO_AUTHORITATIVE_REQUIREMENT_SPECIFIED	TRUE	Primary registered RAG reference/random pair; exact grade-vector equality verified structurally; endpoints hash-bound without comparing outputs; no authoritative source support-count rule specified.
RAG-hotpotqa-5a713dcb5542994082a3e6d9	8174a44161d940123309fd2e74bd732022bda4480fc97ffcc8477983928e2c82	c3c278c173a9813f8367cc2071ec910188081a4dfd1b1a5aac6e5cef73a6eb42	234df359789ee3abc295e4a7d219aaec89276b1853b2489ff4ba93627e6f6be8	source_specimens_1600.jsonl#RAG-hotpotqa-5a713dcb5542994082a3e6d9:A	907ba0d666572a8e3f072fc86f3eb85c0919806b71f5b4ac3aeaf7fcbf09df13	1537df0152d921fd613ccc914eff4fe8c46e0d3ec76ed680d45f0ab11ee57f15	source_specimens_1600.jsonl#RAG-hotpotqa-5a713dcb5542994082a3e6d9:B	RIDI-RAG-NATURE-v2-PROSPECTIVE/C2/QWEN3-BM25-K10-RANDOM	0f7babda273f68e2095343f2fb33f2dca3c8720f95ed87ca3a0f47d1b337b063	NO_AUTHORITATIVE_REQUIREMENT_SPECIFIED	TRUE	Primary registered RAG reference/random pair; exact grade-vector equality verified structurally; endpoints hash-bound without comparing outputs; no authoritative source support-count rule specified.
RAG-hotpotqa-5a713ea95542994082a3e6e4	773a8bd28576cacdd95d5eab1c65ecafa42691e759934a12a976d61147c9f3d0	e48ee5b5103732c3700691b397c08a2cd6b8b6de67b58a6cb9f4a02fe97b4814	e2f7e7af9488f32d0e5e533e7dec5bc770aca636a7a87ab921e29fbe7b18819a	source_specimens_1600.jsonl#RAG-hotpotqa-5a713ea95542994082a3e6e4:A	2175d74b870148d49cb8a13c5edc1a00fe34d9d93f2f573c2b612547dff1b25b	582b1bf504073d64b25b1981feb9740fb06ab5b73634b6b7a6d4c350c2260c97	source_specimens_1600.jsonl#RAG-hotpotqa-5a713ea95542994082a3e6e4:B	RIDI-RAG-NATURE-v2-PROSPECTIVE/C2/QWEN3-BM25-K10-RANDOM	0f7babda273f68e2095343f2fb33f2dca3c8720f95ed87ca3a0f47d1b337b063	NO_AUTHORITATIVE_REQUIREMENT_SPECIFIED	TRUE	Primary registered RAG reference/random pair; exact grade-vector equality verified structurally; endpoints hash-bound without comparing outputs; no authoritative source support-count rule specified.
RAG-hotpotqa-5a713f395542994082a3e6ea	a7f773d366c1bc015bc3daf54f40db9a09698a361b5a7d08e6e86d94ab4916c0	4de0c077372f75987afb2dfcee1aed5c06456bcf7ec48f4534082ec0efb766ac	2146f5fd2a6dd9a6aef3c51272d9d7eda605be6c0d0f252418390cc09a0980e9	source_specimens_1600.jsonl#RAG-hotpotqa-5a713f395542994082a3e6ea:A	1740a0f19059241e637a4d0acde3da04429629a3b5b3faacc4caef030bf4c7fa	fbd13deea407fb9af6c149dd34cbd0868510f46af5e408dcd45e0a3b716c2e1d	source_specimens_1600.jsonl#RAG-hotpotqa-5a713f395542994082a3e6ea:B	RIDI-RAG-NATURE-v2-PROSPECTIVE/C2/QWEN3-BM25-K10-RANDOM	0f7babda273f68e2095343f2fb33f2dca3c8720f95ed87ca3a0f47d1b337b063	NO_AUTHORITATIVE_REQUIREMENT_SPECIFIED	TRUE	Primary registered RAG reference/random pair; exact grade-vector equality verified structurally; endpoints hash-bound without comparing outputs; no authoritative source support-count rule specified.
RAG-hotpotqa-5a713f3c5542994082a3e6eb	b59924f52fd17ce94abd8321cbc924365ecca2cd8c77e77f1b62282b209c3362	f19594c48883eb6273d2a9e9e35d8d98fdcbbf36d075cb37d58c5edb22daa6d1	e91894a43a26223fc048833899aff46a685474dad7352a28efe5a833360b01eb	source_specimens_1600.jsonl#RAG-hotpotqa-5a713f3c5542994082a3e6eb:A	63bff042b1d4f99b1465fd4dfd369e4112b8bc9768f67d54ecd2ea87bc5610a3	5f316e9ac36cf74352e3b3775ae958bb30456c262906239dd5251a525b12d774	source_specimens_1600.jsonl#RAG-hotpotqa-5a713f3c5542994082a3e6eb:B	RIDI-RAG-NATURE-v2-PROSPECTIVE/C2/QWEN3-BM25-K10-RANDOM	0f7babda273f68e2095343f2fb33f2dca3c8720f95ed87ca3a0f47d1b337b063	NO_AUTHORITATIVE_REQUIREMENT_SPECIFIED	TRUE	Primary registered RAG reference/random pair; exact grade-vector equality verified structurally; endpoints hash-bound without comparing outputs; no authoritative source support-count rule specified.
RAG-hotpotqa-5a713fb15542994082a3e6f0	254317ae5413e55235c3dcbf14015c51de10a7aafbd8f33b6ff402c7b4fff99a	20fa511901d6a3d83ed84401f7635ab7753c916c842c04190b8db983b7e7a09d	efd621357e6698bd9d0321fc2ffb116bb4cc45e2d32fae8f91febba38fefd802	source_specimens_1600.jsonl#RAG-hotpotqa-5a713fb15542994082a3e6f0:A	debc30799ae82454a01435889c4edd4d65b1c71d449c9948378e4ee9bcb0282d	494fc1d4888a0a5f677debf110b491647ce2fec61ef03a8b6023c3208d00d95a	source_specimens_1600.jsonl#RAG-hotpotqa-5a713fb15542994082a3e6f0:B	RIDI-RAG-NATURE-v2-PROSPECTIVE/C2/QWEN3-BM25-K10-RANDOM	0f7babda273f68e2095343f2fb33f2dca3c8720f95ed87ca3a0f47d1b337b063	NO_AUTHORITATIVE_REQUIREMENT_SPECIFIED	TRUE	Primary registered RAG reference/random pair; exact grade-vector equality verified structurally; endpoints hash-bound without comparing outputs; no authoritative source support-count rule specified.
RAG-hotpotqa-5a7140585542994082a3e6fa	d3e57ba5049b6118859b4d2e7b3e67a5ebdc2f3835d7513c05adbfb5a9e66cc7	324070b30f6904bbd00ec05c648bbf5a1a722e7090a9983f0bc1e6459804c8bb	61a1cc9e37a6db54de49aff45fe0e8c7d274149f9bac417eec7490bca6d5b11d	source_specimens_1600.jsonl#RAG-hotpotqa-5a7140585542994082a3e6fa:A	44e2f80a220542ef7d8893f13dfa23f82eb1a3b2dd6b07305fc3bb1daf6b7cc7	f59dd322bfa2f6b40a569714beee4853a6e9e270883f7838fb177bd5b83333b2	source_specimens_1600.jsonl#RAG-hotpotqa-5a7140585542994082a3e6fa:B	RIDI-RAG-NATURE-v2-PROSPECTIVE/C2/QWEN3-BM25-K10-RANDOM	0f7babda273f68e2095343f2fb33f2dca3c8720f95ed87ca3a0f47d1b337b063	NO_AUTHORITATIVE_REQUIREMENT_SPECIFIED	TRUE	Primary registered RAG reference/random pair; exact grade-vector equality verified structurally; endpoints hash-bound without comparing outputs; no authoritative source support-count rule specified.
RAG-hotpotqa-5a71419f5542994082a3e70d	e96bce305d8c254f6e90da044494cd3d6ab0c28c1de37367312b196bec18a659	2d7906292798fce983981573acc2b98af69bd17d41aaed1893b60aaa6372833b	e279ac25078a3e1d201a0a1641cce8e6488953baf31b5a079e196eb4444156d4	source_specimens_1600.jsonl#RAG-hotpotqa-5a71419f5542994082a3e70d:A	1049f4607e1bfea5eb1db5aa817fbc1556da800972b8c32dc122100f9267fbb9	63dd8ff62f3b63a7adbd6561a91a8c8b2766165cadd5e38d715ee161ca934b44	source_specimens_1600.jsonl#RAG-hotpotqa-5a71419f5542994082a3e70d:B	RIDI-RAG-NATURE-v2-PROSPECTIVE/C2/QWEN3-BM25-K10-RANDOM	0f7babda273f68e2095343f2fb33f2dca3c8720f95ed87ca3a0f47d1b337b063	NO_AUTHORITATIVE_REQUIREMENT_SPECIFIED	TRUE	Primary registered RAG reference/random pair; exact grade-vector equality verified structurally; endpoints hash-bound without comparing outputs; no authoritative source support-count rule specified.
RAG-hotpotqa-5a7143625542994082a3e71e	3a1b2e6c53b106a0e92119a399d17dd398b3c3466b228721e338ed2014f74596	7815b051867b0c594fbee38152d8f493b2f63f95f22bddab8de4fd8f368f8362	ee57135925693246cbcccc86db2691a041237d9de2d87010a24237799b2c2dd5	source_specimens_1600.jsonl#RAG-hotpotqa-5a7143625542994082a3e71e:A	b13d4dcc5970ca533be34eb5e5180d8c355f74779e9f94f817213ab7abd46f7b	8849e599e677999b03404bb5a97f82336dd316a578e813414cda2d22312371ca	source_specimens_1600.jsonl#RAG-hotpotqa-5a7143625542994082a3e71e:B	RIDI-RAG-NATURE-v2-PROSPECTIVE/C2/QWEN3-BM25-K10-RANDOM	0f7babda273f68e2095343f2fb33f2dca3c8720f95ed87ca3a0f47d1b337b063	NO_AUTHORITATIVE_REQUIREMENT_SPECIFIED	TRUE	Primary registered RAG reference/random pair; exact grade-vector equality verified structurally; endpoints hash-bound without comparing outputs; no authoritative source support-count rule specified.
RAG-hotpotqa-5a71443f5542994082a3e727	429a996cf2c46d3e8ef0617cea242d47293544a6359b1933ba321a7dc2801178	3935021109ff467ebff453bdd062516eceb090479561b5548d8fc7ad31ca9da9	439fcb6947687f537df059d12f69e877c7dfedf3a9600c79d7f3db26b0f82dc6	source_specimens_1600.jsonl#RAG-hotpotqa-5a71443f5542994082a3e727:A	016b70410bf47d69092db5a9772b3750f856cea09340c03a177d7bc498714023	e86c5fcf74195f16c008fef1c6e02fce27d2db5aa4b18876dec26f7fd2be0478	source_specimens_1600.jsonl#RAG-hotpotqa-5a71443f5542994082a3e727:B	RIDI-RAG-NATURE-v2-PROSPECTIVE/C2/QWEN3-BM25-K10-RANDOM	0f7babda273f68e2095343f2fb33f2dca3c8720f95ed87ca3a0f47d1b337b063	NO_AUTHORITATIVE_REQUIREMENT_SPECIFIED	TRUE	Primary registered RAG reference/random pair; exact grade-vector equality verified structurally; endpoints hash-bound without comparing outputs; no authoritative source support-count rule specified.
RAG-hotpotqa-5a71446b5542994082a3e72a	efcecdcb59eddd1bda854f1f010b1499fa875194f06a9f2718f410624c83dffd	be67d4e991a2e3b86d8847bd916192ad5552383f421e6cd3b89d28dd73c32a90	9a99138e09046ac94859fff280806c5807c21dec2f12403c6e0188d4eba31c3a	source_specimens_1600.jsonl#RAG-hotpotqa-5a71446b5542994082a3e72a:A	1cc2591fb9db00bc2bbb65e308c46e2039798122e1839645c174b0e26c59a54e	affd0ba037e5ec596c2e5d4b6bcede825d1eda76d16f8d3c6806fc8315a98f0b	source_specimens_1600.jsonl#RAG-hotpotqa-5a71446b5542994082a3e72a:B	RIDI-RAG-NATURE-v2-PROSPECTIVE/C2/QWEN3-BM25-K10-RANDOM	0f7babda273f68e2095343f2fb33f2dca3c8720f95ed87ca3a0f47d1b337b063	NO_AUTHORITATIVE_REQUIREMENT_SPECIFIED	TRUE	Primary registered RAG reference/random pair; exact grade-vector equality verified structurally; endpoints hash-bound without comparing outputs; no authoritative source support-count rule specified.
RAG-hotpotqa-5a7145d55542994082a3e73c	959dfff27fc6ef797b57febe16be2fc9a20b1ae6f1bed008c43494ebbd7e4a6e	14ab374dc67ba639ec1b4929c371bb2531fba4a469ad3d6d08f00f9a03194f64	465fa509b1bc9fa17262f663d3c65db1fe0afa74c9a54d16f36157c5e9103e1c	source_specimens_1600.jsonl#RAG-hotpotqa-5a7145d55542994082a3e73c:A	39638eefe46ecb90f9ae19329bf9a274bc67fb3b04ee5c6c1f85168c2729afd5	2dd016336cd349ea167228fdc62d9027842aca968aa991bb371937f7e21871fe	source_specimens_1600.jsonl#RAG-hotpotqa-5a7145d55542994082a3e73c:B	RIDI-RAG-NATURE-v2-PROSPECTIVE/C2/QWEN3-BM25-K10-RANDOM	0f7babda273f68e2095343f2fb33f2dca3c8720f95ed87ca3a0f47d1b337b063	NO_AUTHORITATIVE_REQUIREMENT_SPECIFIED	TRUE	Primary registered RAG reference/random pair; exact grade-vector equality verified structurally; endpoints hash-bound without comparing outputs; no authoritative source support-count rule specified.
RAG-hotpotqa-5a71474b5542994082a3e74f	5c77845b322c3a92e0f398d80751bf862e090f590fb42dce9602185a096ff085	c5dad7d8866d35ace8dcb791d2599c511838ec43087e93ae45240b07153ec3e3	78e9c03da975aa8ddb399f178abb4019e8222e36b17a3b8cbebdf6e86355237d	source_specimens_1600.jsonl#RAG-hotpotqa-5a71474b5542994082a3e74f:A	617a50f1f6b5cce4f7062f86a300058d3d99f363006d3adb5f8a7ff1b41ebd9e	993a1066731040adf100aacb3594bd1ee4f67cd50c96e2611c6478b78c1f9b6b	source_specimens_1600.jsonl#RAG-hotpotqa-5a71474b5542994082a3e74f:B	RIDI-RAG-NATURE-v2-PROSPECTIVE/C2/QWEN3-BM25-K10-RANDOM	0f7babda273f68e2095343f2fb33f2dca3c8720f95ed87ca3a0f47d1b337b063	NO_AUTHORITATIVE_REQUIREMENT_SPECIFIED	TRUE	Primary registered RAG reference/random pair; exact grade-vector equality verified structurally; endpoints hash-bound without comparing outputs; no authoritative source support-count rule specified.
RAG-hotpotqa-5a7147fd5542994082a3e758	7cafe5d7d005af52132955a93d70e6fc9bd4e3b6380bf296637c790df9520be9	9e84f967f8a6f1d56411d6e61fbd9de1b231e9a82451ac848ae1ccef781c35cb	1796dafb7bdfc02aa55b93165dcbb349c7d8f83950eedcd3e27c922a772158dd	source_specimens_1600.jsonl#RAG-hotpotqa-5a7147fd5542994082a3e758:A	feb088f78d04ce39c547854b0f0595624791e02ee86efc6eaec2c1361ce41c6a	537114a5b5af650bc1215a731a31613603519b7eccb0312b4e80deb2963c557b	source_specimens_1600.jsonl#RAG-hotpotqa-5a7147fd5542994082a3e758:B	RIDI-RAG-NATURE-v2-PROSPECTIVE/C2/QWEN3-BM25-K10-RANDOM	0f7babda273f68e2095343f2fb33f2dca3c8720f95ed87ca3a0f47d1b337b063	NO_AUTHORITATIVE_REQUIREMENT_SPECIFIED	TRUE	Primary registered RAG reference/random pair; exact grade-vector equality verified structurally; endpoints hash-bound without comparing outputs; no authoritative source support-count rule specified.
RAG-hotpotqa-5a7148005542994082a3e759	54b75af370fbeb72b51cfcf192273d251b50de50c895d7adccbd8880b807c351	5fa9d94ffedd7f8e1d56a1ffc0dc5d913931aacc3bf8feb4809cf08ea24d4859	bdc6828384932da0038c08a72e733beefb7087a3cd1c8ea66883098d1c3fae52	source_specimens_1600.jsonl#RAG-hotpotqa-5a7148005542994082a3e759:A	65762cffc6aa8c256f82850ef591033df32ff0d26f0bd6e3baae412a662fc497	b74c9325c34f813148639e3a1bd2a4fafe3c0a97ec9c80bff01c557d7d40b228	source_specimens_1600.jsonl#RAG-hotpotqa-5a7148005542994082a3e759:B	RIDI-RAG-NATURE-v2-PROSPECTIVE/C2/QWEN3-BM25-K10-RANDOM	0f7babda273f68e2095343f2fb33f2dca3c8720f95ed87ca3a0f47d1b337b063	NO_AUTHORITATIVE_REQUIREMENT_SPECIFIED	TRUE	Primary registered RAG reference/random pair; exact grade-vector equality verified structurally; endpoints hash-bound without comparing outputs; no authoritative source support-count rule specified.
RAG-hotpotqa-5a7148685542994082a3e761	cd40a2f7e13d33058d4532344c6326207f282db10114ce059ce5572c2620a37b	462429c2c3bb3bc664903a293d1a75bc2f22e3fca2336729a70edf527d5dc786	9f23e80d8b6adff41cc7756eab5fa3461023282ec98d42790a96d95d3960486b	source_specimens_1600.jsonl#RAG-hotpotqa-5a7148685542994082a3e761:A	51356e84bc319ecd56f7c98e5ec32ca0c03345ee1500cd206a9fa40acb7077af	912fb855e564cd3470355532d2fe653586f927b00b2197ee121f84ba4ae30235	source_specimens_1600.jsonl#RAG-hotpotqa-5a7148685542994082a3e761:B	RIDI-RAG-NATURE-v2-PROSPECTIVE/C2/QWEN3-BM25-K10-RANDOM	0f7babda273f68e2095343f2fb33f2dca3c8720f95ed87ca3a0f47d1b337b063	NO_AUTHORITATIVE_REQUIREMENT_SPECIFIED	TRUE	Primary registered RAG reference/random pair; exact grade-vector equality verified structurally; endpoints hash-bound without comparing outputs; no authoritative source support-count rule specified.
RAG-hotpotqa-5a7148d25542994082a3e766	85f8711193a2adf6a3689e483806f55b9577ebfd946d48af3d9528de5a6a0652	dcb5dfd6ee47360a226a3ac81992e87fb0f33d20be626260602ded21e74c9ef0	55c52a5476b34d6a14e712a1b4875a9f4de3db7b3c1ed8a3301ccaf23c3a0ffa	source_specimens_1600.jsonl#RAG-hotpotqa-5a7148d25542994082a3e766:A	6ec291d039b9e837b08cb61d909757794568ed8ff28c1768463c434b1046beab	6548045435562bcbd1068941904652236ab3939ec5aa70602dc3571aa22494a8	source_specimens_1600.jsonl#RAG-hotpotqa-5a7148d25542994082a3e766:B	RIDI-RAG-NATURE-v2-PROSPECTIVE/C2/QWEN3-BM25-K10-RANDOM	0f7babda273f68e2095343f2fb33f2dca3c8720f95ed87ca3a0f47d1b337b063	NO_AUTHORITATIVE_REQUIREMENT_SPECIFIED	TRUE	Primary registered RAG reference/random pair; exact grade-vector equality verified structurally; endpoints hash-bound without comparing outputs; no authoritative source support-count rule specified.
RAG-hotpotqa-5a7149595542994082a3e76f	0fa03c8d899c8eb73639814268ba1f814903e8f344102b799aeba8b4d752fb87	782a3b7162fed35e56fd110efb1180a862e8cb86e2989de721c13e76e095b315	9aa3555e6787e76c4f3b8aad9c0dbf9fa2001a07301b73b5d37ff36519708f10	source_specimens_1600.jsonl#RAG-hotpotqa-5a7149595542994082a3e76f:A	c3f21f56953d8b416a52ce87a6789875d69621b8e9a43e36e1ea015dbac6c29e	5da35b8a28c5a5bf54508318d672f63c7dfb5336fdf44b61403190ca21be354a	source_specimens_1600.jsonl#RAG-hotpotqa-5a7149595542994082a3e76f:B	RIDI-RAG-NATURE-v2-PROSPECTIVE/C2/QWEN3-BM25-K10-RANDOM	0f7babda273f68e2095343f2fb33f2dca3c8720f95ed87ca3a0f47d1b337b063	NO_AUTHORITATIVE_REQUIREMENT_SPECIFIED	TRUE	Primary registered RAG reference/random pair; exact grade-vector equality verified structurally; endpoints hash-bound without comparing outputs; no authoritative source support-count rule specified.
RAG-hotpotqa-5a7149cf5542994082a3e773	d34bde78e4bcaacea792279833bf3b3bf25cfee981f8252bb2dab40bfce35801	78202199dd2c92097a9bcfae4a3f23a69b9060eb59b558d384d8364032595547	84ca5838f3975c78e2686b337ac7ccbd2c9cf8a76740ec0a22bc22a1f71a87de	source_specimens_1600.jsonl#RAG-hotpotqa-5a7149cf5542994082a3e773:A	1b02310d25a942334c40dcdf573ddd060fcf6f0133db3c705efa997da6bcee05	5a87872f5bceb068c701c74a0e43d7003bd6692a7f6635b3e2eec9590b3bcf58	source_specimens_1600.jsonl#RAG-hotpotqa-5a7149cf5542994082a3e773:B	RIDI-RAG-NATURE-v2-PROSPECTIVE/C2/QWEN3-BM25-K10-RANDOM	0f7babda273f68e2095343f2fb33f2dca3c8720f95ed87ca3a0f47d1b337b063	NO_AUTHORITATIVE_REQUIREMENT_SPECIFIED	TRUE	Primary registered RAG reference/random pair; exact grade-vector equality verified structurally; endpoints hash-bound without comparing outputs; no authoritative source support-count rule specified.
RAG-hotpotqa-5a714b645542994082a3e78b	fc1210aae6014088236c89264f9962b746c09e8d7a1730806ceaebce1462abca	64b18ca8613ff879f5b1337b74e4bbc58d7145a7a9ef8703477db0a3edad9536	139e7def19456246d28c19e03c358fd5848c7fff56dd8cd6f0e1d9ba209e7487	source_specimens_1600.jsonl#RAG-hotpotqa-5a714b645542994082a3e78b:A	a27437ce18afd0fdada45c1dcff1a5f70f2e2029ea908533f0849a12243c5e0e	6446ba49b4249cf4c189642c32d7b543bc126dccc033c80ace4ae44520d9e5c0	source_specimens_1600.jsonl#RAG-hotpotqa-5a714b645542994082a3e78b:B	RIDI-RAG-NATURE-v2-PROSPECTIVE/C2/QWEN3-BM25-K10-RANDOM	0f7babda273f68e2095343f2fb33f2dca3c8720f95ed87ca3a0f47d1b337b063	NO_AUTHORITATIVE_REQUIREMENT_SPECIFIED	TRUE	Primary registered RAG reference/random pair; exact grade-vector equality verified structurally; endpoints hash-bound without comparing outputs; no authoritative source support-count rule specified.
RAG-hotpotqa-5a714bb35542994082a3e78f	8117895e9c39b04f36374ac2473dd82926378d0e6d75cd86329cf5b1f3e81414	5f21882b7c657a96cb4a66617cecf8bd46a693791428ec142373dc5dfe76aab7	8f503a64e50d72ba784cf1f33aa0bf7b7711390861cea12496c859734a2f79b3	source_specimens_1600.jsonl#RAG-hotpotqa-5a714bb35542994082a3e78f:A	22b187310f8405b255593b8039061b5f6d4b8ce3b97d4417a3cbc9481e899f04	c4f9b877a4c5f10f56b1e46168e2fe758c24209b99c4194b1bb05afe484fd6a1	source_specimens_1600.jsonl#RAG-hotpotqa-5a714bb35542994082a3e78f:B	RIDI-RAG-NATURE-v2-PROSPECTIVE/C2/QWEN3-BM25-K10-RANDOM	0f7babda273f68e2095343f2fb33f2dca3c8720f95ed87ca3a0f47d1b337b063	NO_AUTHORITATIVE_REQUIREMENT_SPECIFIED	TRUE	Primary registered RAG reference/random pair; exact grade-vector equality verified structurally; endpoints hash-bound without comparing outputs; no authoritative source support-count rule specified.
RAG-hotpotqa-5a714de95542994082a3e7a8	7fc6dded6d70c2325aa001129accb557a06bab00dc2f47d246faae6eee3989ad	49132f2380d8e3c2d3a786f90ccc312f1323113e5a6445fbfcc4f53aedd27620	5aea0279644022c859c01958e42a512008e0d0e5b2520209593b2c998981e829	source_specimens_1600.jsonl#RAG-hotpotqa-5a714de95542994082a3e7a8:A	f72ec6bd2f6364cb8ec100ee16267e32b9301267aa73abdcd9b917ad666fa49d	ad628c6d4f38e28c86cfb0d6adf8e2cef5e4542d3100170534d43e9265787496	source_specimens_1600.jsonl#RAG-hotpotqa-5a714de95542994082a3e7a8:B	RIDI-RAG-NATURE-v2-PROSPECTIVE/C2/QWEN3-BM25-K10-RANDOM	0f7babda273f68e2095343f2fb33f2dca3c8720f95ed87ca3a0f47d1b337b063	NO_AUTHORITATIVE_REQUIREMENT_SPECIFIED	TRUE	Primary registered RAG reference/random pair; exact grade-vector equality verified structurally; endpoints hash-bound without comparing outputs; no authoritative source support-count rule specified.
RAG-hotpotqa-5a714dea5542994082a3e7a9	13c239b404e433ce91884c5876b02d092062b27774924c36caf78d0bbab9f0e1	22b045ae9df8307d4c0fa411d5c7fb6c75677eca46a23f96765558ff556fcef0	225f3f42d6516f8c4f7acd900e4b200f07e48cf87aa9f1bd477c2d2518eead39	source_specimens_1600.jsonl#RAG-hotpotqa-5a714dea5542994082a3e7a9:A	8340aad776740bc93abd9dff937119fa9e63f0b7e623beda10f86427f78e3d1c	c6bbbf80b197bdddc716df60a0b11207242a8730896b7c62597524ec83a4f356	source_specimens_1600.jsonl#RAG-hotpotqa-5a714dea5542994082a3e7a9:B	RIDI-RAG-NATURE-v2-PROSPECTIVE/C2/QWEN3-BM25-K10-RANDOM	0f7babda273f68e2095343f2fb33f2dca3c8720f95ed87ca3a0f47d1b337b063	NO_AUTHORITATIVE_REQUIREMENT_SPECIFIED	TRUE	Primary registered RAG reference/random pair; exact grade-vector equality verified structurally; endpoints hash-bound without comparing outputs; no authoritative source support-count rule specified.
RAG-hotpotqa-5a714f6f5542994082a3e7b3	128974a2da7145fa5b152dfcfcc665908285d406d4260e8f774c5fe89932fd58	c68e0a5a4ae3bb2762dd7b28d2c94a4e429fc8bb698fd6ab9dbf9daf6c6b1276	580a59dae5cc7dd6dc14bd0f309485f9e068ddeeef2c97443d2c3fe9a40d4f1e	source_specimens_1600.jsonl#RAG-hotpotqa-5a714f6f5542994082a3e7b3:A	2dcd58bdf8341ac117679c38b3f14adf52bef1f02d5febe90d07982b4ecc5b42	648de9118901951b787d2e398ecaeafd02c78afbfb86f6e523de08852a03a049	source_specimens_1600.jsonl#RAG-hotpotqa-5a714f6f5542994082a3e7b3:B	RIDI-RAG-NATURE-v2-PROSPECTIVE/C2/QWEN3-BM25-K10-RANDOM	0f7babda273f68e2095343f2fb33f2dca3c8720f95ed87ca3a0f47d1b337b063	NO_AUTHORITATIVE_REQUIREMENT_SPECIFIED	TRUE	Primary registered RAG reference/random pair; exact grade-vector equality verified structurally; endpoints hash-bound without comparing outputs; no authoritative source support-count rule specified.
RAG-hotpotqa-5a7150c75542994082a3e7be	fb3b3bff9a2cbfa4ac2ea5acf3274ec0ea7bb0cdc126583b44fb586215ff69a3	ea586eb73896008a6b0a76911f11c8d5eb1fae49abf4b460b3f092ce99c3b0b1	e4b922015500b46bfb4f96650bc22532bbf5e5805751571620730af3d287f6bf	source_specimens_1600.jsonl#RAG-hotpotqa-5a7150c75542994082a3e7be:A	d0de19998f860a15ba1e2c4fc52e68810a2b391677aeeb95f8351e6cc22e95e2	356f82dfae751eef165a84dcdb954ef5db48c67cc3a758f5b49c55d585494103	source_specimens_1600.jsonl#RAG-hotpotqa-5a7150c75542994082a3e7be:B	RIDI-RAG-NATURE-v2-PROSPECTIVE/C2/QWEN3-BM25-K10-RANDOM	0f7babda273f68e2095343f2fb33f2dca3c8720f95ed87ca3a0f47d1b337b063	NO_AUTHORITATIVE_REQUIREMENT_SPECIFIED	TRUE	Primary registered RAG reference/random pair; exact grade-vector equality verified structurally; endpoints hash-bound without comparing outputs; no authoritative source support-count rule specified.
RAG-hotpotqa-5a7153d05542994082a3e7dc	e20396bfd94592428f5c7ac7342e7d1ac682fb9c9c5602d1215ac90e25d23d64	6c4eaa6af09fc5f17850ae50747432528b56e4ad4cc52b37ad75db4c5b50a783	0dc7353f5dd1b57250ff55586674766107c3b73b2816b4feb9cce208731a2982	source_specimens_1600.jsonl#RAG-hotpotqa-5a7153d05542994082a3e7dc:A	777639cd0f829a35e2f659a78606f2544cc7a615e7b82795f811f2808ec617f1	6a00e1dd89408896229cbbd1b1ef5d64337e4b8a84196d99c863fb9f15955529	source_specimens_1600.jsonl#RAG-hotpotqa-5a7153d05542994082a3e7dc:B	RIDI-RAG-NATURE-v2-PROSPECTIVE/C2/QWEN3-BM25-K10-RANDOM	0f7babda273f68e2095343f2fb33f2dca3c8720f95ed87ca3a0f47d1b337b063	NO_AUTHORITATIVE_REQUIREMENT_SPECIFIED	TRUE	Primary registered RAG reference/random pair; exact grade-vector equality verified structurally; endpoints hash-bound without comparing outputs; no authoritative source support-count rule specified.
RAG-hotpotqa-5a71646e5542994082a3e80e	37be73fafe802bb4da5e3aa2fa46c2791613be46bb9346b794a0911b4deb2991	a774a493900abfaf57d37c38fabb1dc990c330796942fc79e67a0f846c829fb2	653c86615a384e703fbc2443f9db34c9e4a95778878d862262f8852ebee5f6e5	source_specimens_1600.jsonl#RAG-hotpotqa-5a71646e5542994082a3e80e:A	302cc5b0d6380875fcc76805606be744d5811076179a9d74336aa6ce569f8de0	8824809cac17535724da849bee5283559cca58031757438451698e617fc5b86a	source_specimens_1600.jsonl#RAG-hotpotqa-5a71646e5542994082a3e80e:B	RIDI-RAG-NATURE-v2-PROSPECTIVE/C2/QWEN3-BM25-K10-RANDOM	0f7babda273f68e2095343f2fb33f2dca3c8720f95ed87ca3a0f47d1b337b063	NO_AUTHORITATIVE_REQUIREMENT_SPECIFIED	TRUE	Primary registered RAG reference/random pair; exact grade-vector equality verified structurally; endpoints hash-bound without comparing outputs; no authoritative source support-count rule specified.
RAG-hotpotqa-5a7166395542994082a3e814	77a245b7e92d5e63af1da21ccc497919cffb984ce142988d234ed2dd4e89c7a7	11229aabdf9f38dc1a9b9ca0f895195f1a82e36ec3a66c19f82b43caa56679b4	0eba5040f744742e84c2d7a86955c7aafc1e96d6dc1666ffe2ccfa03bef1b09b	source_specimens_1600.jsonl#RAG-hotpotqa-5a7166395542994082a3e814:A	b131484c5f217f8112568b7b67e7c96a2e0e10db5c21a1317b77b2ec2b43cfa2	e7fb4efe30296d17bd5f2cdd9ff8da56db6fad08dcd2f6c3c1eb28884ad3b227	source_specimens_1600.jsonl#RAG-hotpotqa-5a7166395542994082a3e814:B	RIDI-RAG-NATURE-v2-PROSPECTIVE/C2/QWEN3-BM25-K10-RANDOM	0f7babda273f68e2095343f2fb33f2dca3c8720f95ed87ca3a0f47d1b337b063	NO_AUTHORITATIVE_REQUIREMENT_SPECIFIED	TRUE	Primary registered RAG reference/random pair; exact grade-vector equality verified structurally; endpoints hash-bound without comparing outputs; no authoritative source support-count rule specified.
RAG-hotpotqa-5a71674f5542994082a3e819	a2394068bb8f0a728ca90192357571f97b40e1466740bc9485c994628d3a796c	789478b2659b0aec7051da12294561ca6f55e1fdcc551297a2d4bfbbe6ac2552	575635c858d519bc8a6e19091a17dfab8c88213bf6e12a2e2a668b6e54c990ea	source_specimens_1600.jsonl#RAG-hotpotqa-5a71674f5542994082a3e819:A	6892b2b6e0d4d1857403424e459d439365133abe254e53c0d87816ab090c34a0	626e6b2b4c86fb846ff30f113cc0327f23d690d82e8a425471576d331ff63c27	source_specimens_1600.jsonl#RAG-hotpotqa-5a71674f5542994082a3e819:B	RIDI-RAG-NATURE-v2-PROSPECTIVE/C2/QWEN3-BM25-K10-RANDOM	0f7babda273f68e2095343f2fb33f2dca3c8720f95ed87ca3a0f47d1b337b063	NO_AUTHORITATIVE_REQUIREMENT_SPECIFIED	TRUE	Primary registered RAG reference/random pair; exact grade-vector equality verified structurally; endpoints hash-bound without comparing outputs; no authoritative source support-count rule specified.
RAG-hotpotqa-5a716a9b5542994082a3e821	551d1df836cc865f802ce565737490faa1492cb06c03e9841315512235a67d15	97435b70757111f6bf64e0b29ef1df91f4350a4c3ae02ae45c14ec1f67b72a48	f7a7d64d174d484fa5266080fa42ba038e0dff3bb5cafab02567774d6e4cdd75	source_specimens_1600.jsonl#RAG-hotpotqa-5a716a9b5542994082a3e821:A	e67e43105e2522e7784665e37d5c1347457c9ec4998483665ad79a56d300b495	f9b76864b71fd05f877bc8d0f3af0b841288b5a1be33578845dc78d278ca4bc0	source_specimens_1600.jsonl#RAG-hotpotqa-5a716a9b5542994082a3e821:B	RIDI-RAG-NATURE-v2-PROSPECTIVE/C2/QWEN3-BM25-K10-RANDOM	0f7babda273f68e2095343f2fb33f2dca3c8720f95ed87ca3a0f47d1b337b063	NO_AUTHORITATIVE_REQUIREMENT_SPECIFIED	TRUE	Primary registered RAG reference/random pair; exact grade-vector equality verified structurally; endpoints hash-bound without comparing outputs; no authoritative source support-count rule specified.
RAG-hotpotqa-5a716c415542994082a3e827	d90477026c1b7fc43866949367f51a5bac7081d603e62d2bb386682a39b0f52d	a8d887c90c8ed5b74dd7f52c72174ed7be47a85e59f5eeb633d4b8616becaca4	a073dda2201b1047d61ec0269610c8a2be9c4f6c3ccd04f8b0217d97e88a2a8b	source_specimens_1600.jsonl#RAG-hotpotqa-5a716c415542994082a3e827:A	84cc6d38d18a3fde4de34a15e34c5644d6e9c6a3d10fbcfc1197379e9bfd9146	d7974bd3fab743ba05d1e5ee1b70c220e44d76c8fd961f95f2ddfabb44783564	source_specimens_1600.jsonl#RAG-hotpotqa-5a716c415542994082a3e827:B	RIDI-RAG-NATURE-v2-PROSPECTIVE/C2/QWEN3-BM25-K10-RANDOM	0f7babda273f68e2095343f2fb33f2dca3c8720f95ed87ca3a0f47d1b337b063	NO_AUTHORITATIVE_REQUIREMENT_SPECIFIED	TRUE	Primary registered RAG reference/random pair; exact grade-vector equality verified structurally; endpoints hash-bound without comparing outputs; no authoritative source support-count rule specified.
RAG-hotpotqa-5a716dc15542994082a3e82b	f5cb484d152508b05cc49661b3b7514efb661250f836acc69d2a55757398fa2c	f8fb189084cebc6b1331c85e18f0e96a35b8c0a6f994dc907bb57b4d04967d70	d0587cbd87f5a80b135ad5d0d55e0496a9c1b405d232ffd2beea5ff6ba8beb65	source_specimens_1600.jsonl#RAG-hotpotqa-5a716dc15542994082a3e82b:A	16a7c19aeea0c1185df51ea02f5907f764c8a6b4c6a9042daf7d0cddda9d40e4	3929e437c99180dbd4249225b77ab576f95620c45e751fbee4fec69d103711fa	source_specimens_1600.jsonl#RAG-hotpotqa-5a716dc15542994082a3e82b:B	RIDI-RAG-NATURE-v2-PROSPECTIVE/C2/QWEN3-BM25-K10-RANDOM	0f7babda273f68e2095343f2fb33f2dca3c8720f95ed87ca3a0f47d1b337b063	NO_AUTHORITATIVE_REQUIREMENT_SPECIFIED	TRUE	Primary registered RAG reference/random pair; exact grade-vector equality verified structurally; endpoints hash-bound without comparing outputs; no authoritative source support-count rule specified.
RAG-hotpotqa-5a716ec85542994082a3e82d	6454e72bcf1112caf4052f83963c774658d7a60cc7bb6469f41b3621786185f3	a7f08d5fded0184bc970b3fd7a8bd85dda911c75367266d99eafcbdff09e9c29	b973a2f0dedfee8ff94952cda287349fd2ca03e119e76124b6acb10dd2f609cf	source_specimens_1600.jsonl#RAG-hotpotqa-5a716ec85542994082a3e82d:A	e38834ad4749888c495d579e6fbd8df5a19da31c7c7d55b01bd60567c98e2c8d	90b1b151c4cc02b180bdaf9a009b84bf00a7dcfa4f16f9d5424015fe59fa16bf	source_specimens_1600.jsonl#RAG-hotpotqa-5a716ec85542994082a3e82d:B	RIDI-RAG-NATURE-v2-PROSPECTIVE/C2/QWEN3-BM25-K10-RANDOM	0f7babda273f68e2095343f2fb33f2dca3c8720f95ed87ca3a0f47d1b337b063	NO_AUTHORITATIVE_REQUIREMENT_SPECIFIED	TRUE	Primary registered RAG reference/random pair; exact grade-vector equality verified structurally; endpoints hash-bound without comparing outputs; no authoritative source support-count rule specified.
RAG-hotpotqa-5a716eeb5542994082a3e82e	f7c6785f7f7ac4141a7028c120ba30ef0ad791c26f4ff340ef1016e2fdbdb94f	2a21b6dd5fe12b4f418381e580b3c2be71f86a4414e49b2f1e96a4759ca08a94	70014e94d1659bbd0e3e3bbe0db7325b5cd802575f5d5fee3e02692b2fe3dc13	source_specimens_1600.jsonl#RAG-hotpotqa-5a716eeb5542994082a3e82e:A	f66d44b297be9701bde420a14efaf1338a35f20b70c4b1d42922b83891b7eb20	b9443d06fd06b8a09f9e27bbff52c303058f225de75a133ab492f80de55562af	source_specimens_1600.jsonl#RAG-hotpotqa-5a716eeb5542994082a3e82e:B	RIDI-RAG-NATURE-v2-PROSPECTIVE/C2/QWEN3-BM25-K10-RANDOM	0f7babda273f68e2095343f2fb33f2dca3c8720f95ed87ca3a0f47d1b337b063	NO_AUTHORITATIVE_REQUIREMENT_SPECIFIED	TRUE	Primary registered RAG reference/random pair; exact grade-vector equality verified structurally; endpoints hash-bound without comparing outputs; no authoritative source support-count rule specified.
RAG-hotpotqa-5a716f575542994082a3e82f	8e06957549f6b28f4c51d9278b7cc7b232319983ed1e69c9356bef286d5d9784	d62dc2569a64cbfb4963565fde0663aab9fc8ee08355cb312334f0324f02e5b3	11035cb745be812d33cf2bf069089e980abf6ab435224875c885367aaaa62117	source_specimens_1600.jsonl#RAG-hotpotqa-5a716f575542994082a3e82f:A	6cf270a5729b15d208d3385124832be52dd67d7972aad69d73274766d02153b4	cca74fad2a1621b61f2e8f7137514a13349ebf776852430469bd75c8a4534e21	source_specimens_1600.jsonl#RAG-hotpotqa-5a716f575542994082a3e82f:B	RIDI-RAG-NATURE-v2-PROSPECTIVE/C2/QWEN3-BM25-K10-RANDOM	0f7babda273f68e2095343f2fb33f2dca3c8720f95ed87ca3a0f47d1b337b063	NO_AUTHORITATIVE_REQUIREMENT_SPECIFIED	TRUE	Primary registered RAG reference/random pair; exact grade-vector equality verified structurally; endpoints hash-bound without comparing outputs; no authoritative source support-count rule specified.
RAG-hotpotqa-5a71717d5542994082a3e834	28ab1a820a9122a57b933c3b2b9ad960feb80275d05f3a70b8289c501d904808	fcce28fbc97e4832084ddff5e1657cb3fb7f5ab4200b621c870cf6842c30b453	54c0436e4694dd9253abd137705411ea69348ac61ff590e3b404852728f0c7b3	source_specimens_1600.jsonl#RAG-hotpotqa-5a71717d5542994082a3e834:A	fe01a37c8008dbb16bec6604a1f790b7eca3f253f8efc9206f898b415f4232df	7906ba5e120ed18a771bddb24af8e491898942a09d2583d1f3a0f7b734bfba38	source_specimens_1600.jsonl#RAG-hotpotqa-5a71717d5542994082a3e834:B	RIDI-RAG-NATURE-v2-PROSPECTIVE/C2/QWEN3-BM25-K10-RANDOM	0f7babda273f68e2095343f2fb33f2dca3c8720f95ed87ca3a0f47d1b337b063	NO_AUTHORITATIVE_REQUIREMENT_SPECIFIED	TRUE	Primary registered RAG reference/random pair; exact grade-vector equality verified structurally; endpoints hash-bound without comparing outputs; no authoritative source support-count rule specified.
RAG-hotpotqa-5a7172105542994082a3e837	8df07fab592498a065d277ec531432ae3b4b3e440a6f4f76af93122ff2636df5	66b0588249923e15cd4c8d33fc64d5df14a7df4b4b42f2f1878bce3a14ef9b14	3d753f307679c0e4be21732a61c3215d6221f447194a9c2330d55e59206f13de	source_specimens_1600.jsonl#RAG-hotpotqa-5a7172105542994082a3e837:A	4710daaf67358ba4aaa5c184e58e2ec4cfe45358716f6e7c549b06d7f612a03c	389fdac176200ff754476cf70d8f3cbc1f0f56e2863fb71d8d59570d85533e3b	source_specimens_1600.jsonl#RAG-hotpotqa-5a7172105542994082a3e837:B	RIDI-RAG-NATURE-v2-PROSPECTIVE/C2/QWEN3-BM25-K10-RANDOM	0f7babda273f68e2095343f2fb33f2dca3c8720f95ed87ca3a0f47d1b337b063	NO_AUTHORITATIVE_REQUIREMENT_SPECIFIED	TRUE	Primary registered RAG reference/random pair; exact grade-vector equality verified structurally; endpoints hash-bound without comparing outputs; no authoritative source support-count rule specified.
RAG-hotpotqa-5a717d4c5542994082a3e854	d2bab61126bedc0e1d93ed59eac1a5870d80bb1cbe10fa926297b2a951b7bafb	9320e1e50849a5439be3b4acff9092f79e40e69dbea1e055b3895e636a11b8cf	624a7c9f4026a22c41eea1d3816af1fa0b0442879cb3e9b8e08544ca5ede5fa4	source_specimens_1600.jsonl#RAG-hotpotqa-5a717d4c5542994082a3e854:A	8f838f85d96a0baa79f91992d9723ece6735eaa4c454501aba416356c9d7eca2	1989f312756a9912df5ad6a069be44368ffe647c1ae55306534bc75c286a3269	source_specimens_1600.jsonl#RAG-hotpotqa-5a717d4c5542994082a3e854:B	RIDI-RAG-NATURE-v2-PROSPECTIVE/C2/QWEN3-BM25-K10-RANDOM	0f7babda273f68e2095343f2fb33f2dca3c8720f95ed87ca3a0f47d1b337b063	NO_AUTHORITATIVE_REQUIREMENT_SPECIFIED	TRUE	Primary registered RAG reference/random pair; exact grade-vector equality verified structurally; endpoints hash-bound without comparing outputs; no authoritative source support-count rule specified.
RAG-hotpotqa-5a7180205542994082a3e856	6db06c895869c0c2f4ebc3adb7412432b026be161d9828dc7a518f6b389811c6	19b682e034ac51cbff82c1f65d05c491eef493409c4cf28db89569f189ae007b	24deb254ad72d2fb6ee258a51ac1e174ae01d14e57b413b025c91636016113cc	source_specimens_1600.jsonl#RAG-hotpotqa-5a7180205542994082a3e856:A	d2c1572d6bc96a9503052796a3b3c53fb1f755cf177aea7cff78636b9d85b761	c2a6146c6ea04534c9eea9af2767008b58ddee7196f4946d5d3fd5cdf6d4870c	source_specimens_1600.jsonl#RAG-hotpotqa-5a7180205542994082a3e856:B	RIDI-RAG-NATURE-v2-PROSPECTIVE/C2/QWEN3-BM25-K10-RANDOM	0f7babda273f68e2095343f2fb33f2dca3c8720f95ed87ca3a0f47d1b337b063	NO_AUTHORITATIVE_REQUIREMENT_SPECIFIED	TRUE	Primary registered RAG reference/random pair; exact grade-vector equality verified structurally; endpoints hash-bound without comparing outputs; no authoritative source support-count rule specified.
RAG-hotpotqa-5a7182b65542994082a3e85b	2abb5b59909c45128eb27fc42d22832f0c5ca07414503c7afce09b5a4cd09c83	e33403793a8656411e36eb8fa678253db9de8c9040dcf6480406d81392df1538	9b9d18220991da27957d98e820a071f5c05ebf7daeb714133cd2efcf69e082d6	source_specimens_1600.jsonl#RAG-hotpotqa-5a7182b65542994082a3e85b:A	8f6066d2c15830a3ce5da3333d9f65f66be13b1d80eff04b84e5689c8c874f7b	0e5a4b64b5d7c0a522e8f7027c5f178c27002808a8ba057429d94b02e63d906d	source_specimens_1600.jsonl#RAG-hotpotqa-5a7182b65542994082a3e85b:B	RIDI-RAG-NATURE-v2-PROSPECTIVE/C2/QWEN3-BM25-K10-RANDOM	0f7babda273f68e2095343f2fb33f2dca3c8720f95ed87ca3a0f47d1b337b063	NO_AUTHORITATIVE_REQUIREMENT_SPECIFIED	TRUE	Primary registered RAG reference/random pair; exact grade-vector equality verified structurally; endpoints hash-bound without comparing outputs; no authoritative source support-count rule specified.
RAG-hotpotqa-5a7183575542994082a3e85e	f1ee3892fc9284871b72a038b31d7c6aacdc17288216c41eecfbc918956d73ed	c4fbf0ca057ab9b7ea2c2c58f8845d0f7d7c914fde9bc713de7021362988deaa	3338e2ce33e8824140161c0586e3b27b92b0b809b1daffef4f2aa200153b1b8d	source_specimens_1600.jsonl#RAG-hotpotqa-5a7183575542994082a3e85e:A	6165ac8fbd7506fea6ea1185d2b2feef7190dfc21dc678a2746100ecab4cee77	5feb988654eeaca81dd8a89d2e088808366f1070af4862239e67b8ee2401d0c3	source_specimens_1600.jsonl#RAG-hotpotqa-5a7183575542994082a3e85e:B	RIDI-RAG-NATURE-v2-PROSPECTIVE/C2/QWEN3-BM25-K10-RANDOM	0f7babda273f68e2095343f2fb33f2dca3c8720f95ed87ca3a0f47d1b337b063	NO_AUTHORITATIVE_REQUIREMENT_SPECIFIED	TRUE	Primary registered RAG reference/random pair; exact grade-vector equality verified structurally; endpoints hash-bound without comparing outputs; no authoritative source support-count rule specified.
RAG-hotpotqa-5a7184675542994082a3e864	4ac2dc9b717d87f7b1aa0ab961d5416c3ae84b543b334c95e2252012211cd799	86e57f3ff4dd4d3b3f286909b33e5bd8f52898dea7aba66f5530f227cdb287f1	1622d5f4ac45d899d2a2ba7e0fea8502838d4e8f547fd00481221b6fc7314053	source_specimens_1600.jsonl#RAG-hotpotqa-5a7184675542994082a3e864:A	e330736cfb43cb7d6430f3ecd2ba80a126021b04e9b7cf0f3e515c8fa9786d08	6156f8db49e08a7e5f5dcc7bc690c18894a77625eb277664de4ec8ee0560a93a	source_specimens_1600.jsonl#RAG-hotpotqa-5a7184675542994082a3e864:B	RIDI-RAG-NATURE-v2-PROSPECTIVE/C2/QWEN3-BM25-K10-RANDOM	0f7babda273f68e2095343f2fb33f2dca3c8720f95ed87ca3a0f47d1b337b063	NO_AUTHORITATIVE_REQUIREMENT_SPECIFIED	TRUE	Primary registered RAG reference/random pair; exact grade-vector equality verified structurally; endpoints hash-bound without comparing outputs; no authoritative source support-count rule specified.
RAG-hotpotqa-5a7195a05542994082a3e881	d4125092cc4b6fe0929f12b6289ecaeef47c6329a1e2bad011a2f566f4227dac	f341f582353c0741587794c67c2709c3454e3d8fae473e3828a5a8b4cec92377	3d409142e45520b57e9aefbc385ece44322edc20bee2a7e308550e409d05ce96	source_specimens_1600.jsonl#RAG-hotpotqa-5a7195a05542994082a3e881:A	8a7b13999e0a0c8eee31fbfd56c2457b4000eb9e7ac8e8e982731c6092cc8fc2	31683e95eb1265edb98e712a68b38d573eff5dcc81e23af2983e10f0a656f9e5	source_specimens_1600.jsonl#RAG-hotpotqa-5a7195a05542994082a3e881:B	RIDI-RAG-NATURE-v2-PROSPECTIVE/C2/QWEN3-BM25-K10-RANDOM	0f7babda273f68e2095343f2fb33f2dca3c8720f95ed87ca3a0f47d1b337b063	NO_AUTHORITATIVE_REQUIREMENT_SPECIFIED	TRUE	Primary registered RAG reference/random pair; exact grade-vector equality verified structurally; endpoints hash-bound without comparing outputs; no authoritative source support-count rule specified.
RAG-hotpotqa-5a7199725542994082a3e88f	a8a6008b3eedeefe32caca9680dd392d92cc9fb8316bdf9da35f6e5d09de3a58	ba7ba14b372b4bcc4760a66882d679dadf1e2276ff3dba7e2876e3c807e5e285	11235bae08a731734e4fee963222731d5f08ff0285e3ef5c8fccda0c4e3bb88a	source_specimens_1600.jsonl#RAG-hotpotqa-5a7199725542994082a3e88f:A	095666b01556f2b38aa1291943965df927a28b0719550bd508d15f7fffd78102	3a4e779e35af97ab07dc9be47aa6916efbeae6d12b0cf594df7b7cd9a3cb7868	source_specimens_1600.jsonl#RAG-hotpotqa-5a7199725542994082a3e88f:B	RIDI-RAG-NATURE-v2-PROSPECTIVE/C2/QWEN3-BM25-K10-RANDOM	0f7babda273f68e2095343f2fb33f2dca3c8720f95ed87ca3a0f47d1b337b063	NO_AUTHORITATIVE_REQUIREMENT_SPECIFIED	TRUE	Primary registered RAG reference/random pair; exact grade-vector equality verified structurally; endpoints hash-bound without comparing outputs; no authoritative source support-count rule specified.
RAG-hotpotqa-5a719bf25542994082a3e891	38367c54e7a713f709c3077349e75b77878116c3cc686dc291c9a2359e4dedad	b0e6f6fffe33af4ccbdcfe55b376951b2c960a957942b84963088012e9a62846	afb8e18e6f2ce48b95dc9a9917993a0eaa55e2d6fe52229d74a8f0c35af10eac	source_specimens_1600.jsonl#RAG-hotpotqa-5a719bf25542994082a3e891:A	70eea236e5c56e27a54e0b1d8408d1716ef9f7b6f71acba58d644b2379d8d6a2	450281c8850c96ec049f23f4302fbb2a4e2cee6e013b530321f1d4349ef57ff4	source_specimens_1600.jsonl#RAG-hotpotqa-5a719bf25542994082a3e891:B	RIDI-RAG-NATURE-v2-PROSPECTIVE/C2/QWEN3-BM25-K10-RANDOM	0f7babda273f68e2095343f2fb33f2dca3c8720f95ed87ca3a0f47d1b337b063	NO_AUTHORITATIVE_REQUIREMENT_SPECIFIED	TRUE	Primary registered RAG reference/random pair; exact grade-vector equality verified structurally; endpoints hash-bound without comparing outputs; no authoritative source support-count rule specified.
RAG-hotpotqa-5a7211e655429971e9dc923c	3ead17b0ca7cf12656a6fdf3b1d872177ec8efa2227524ee6ab7fd870d1d56d8	211b963d83fd4f951bbc8b5b993bd064e3e3cc5483367206416c9269df82b0d3	780d85d2d65a3f07bd979cac8530c554c745b3b8c4a2676e5da1e89ed45b70bf	source_specimens_1600.jsonl#RAG-hotpotqa-5a7211e655429971e9dc923c:A	4bf5528ccb7cf166248d012d57c237457fa7a986b45e96c648ea515404211bab	2917224bd81be1d48dbebe11df5fb38d12dce04c31282b316f5ed78b8ef2377c	source_specimens_1600.jsonl#RAG-hotpotqa-5a7211e655429971e9dc923c:B	RIDI-RAG-NATURE-v2-PROSPECTIVE/C2/QWEN3-BM25-K10-RANDOM	0f7babda273f68e2095343f2fb33f2dca3c8720f95ed87ca3a0f47d1b337b063	NO_AUTHORITATIVE_REQUIREMENT_SPECIFIED	TRUE	Primary registered RAG reference/random pair; exact grade-vector equality verified structurally; endpoints hash-bound without comparing outputs; no authoritative source support-count rule specified.
RAG-hotpotqa-5a72120e55429971e9dc923f	49ed38157ddea035f11fea6655458afb865070e2396d63864e1da36f9e99c4f9	1cf3d742fd6052d037db620518314327f3877247a220a965841b5c04b37efa35	b000f26f20b37ed884f7085f0c43b638027c3437e3d56c71852688f6c11423fc	source_specimens_1600.jsonl#RAG-hotpotqa-5a72120e55429971e9dc923f:A	b7c3446d4485479ebe87ba1b75bba551f246d4f28281c30b933b4169bbaa3cd5	1c45f62df4d4099d9abd375e88b2962d8bd051c0c73bde4a7fa74c08cb7a537c	source_specimens_1600.jsonl#RAG-hotpotqa-5a72120e55429971e9dc923f:B	RIDI-RAG-NATURE-v2-PROSPECTIVE/C2/QWEN3-BM25-K10-RANDOM	0f7babda273f68e2095343f2fb33f2dca3c8720f95ed87ca3a0f47d1b337b063	NO_AUTHORITATIVE_REQUIREMENT_SPECIFIED	TRUE	Primary registered RAG reference/random pair; exact grade-vector equality verified structurally; endpoints hash-bound without comparing outputs; no authoritative source support-count rule specified.
RAG-hotpotqa-5a72125055429971e9dc9241	00b834e97ec49c5ee0b8961b0041b84f354d33002b1fc5d16b11a1e23cc877af	ef07beebb70673facfb6e74b55923533f130d427e81ccc40f175c785bd441153	23f9f65cf4208aa08223c193eb67b53336bfb6c2de4abb7207572a8ff79e1f5a	source_specimens_1600.jsonl#RAG-hotpotqa-5a72125055429971e9dc9241:A	55d5efa5869076ef55411a37b5475ae30f7c30d45d792d02ce99725707e4a0f2	d78980d8ecec9fb39f5b0925b0c646a86841fbab824619df1d95c5cd8fc98d69	source_specimens_1600.jsonl#RAG-hotpotqa-5a72125055429971e9dc9241:B	RIDI-RAG-NATURE-v2-PROSPECTIVE/C2/QWEN3-BM25-K10-RANDOM	0f7babda273f68e2095343f2fb33f2dca3c8720f95ed87ca3a0f47d1b337b063	NO_AUTHORITATIVE_REQUIREMENT_SPECIFIED	TRUE	Primary registered RAG reference/random pair; exact grade-vector equality verified structurally; endpoints hash-bound without comparing outputs; no authoritative source support-count rule specified.
RAG-hotpotqa-5a72160e55429971e9dc9253	b601e36643e27369a1c01eae215a9a5cd39cef84adad4d3a9746840172812ef8	89520bbad5e9f82c44f1f45d31e924155ab521d15564faf4f5198b67d77847ab	e121c0636fe9dd08363bd74cbea58103b8e680d22155e9126113eec5bb562d76	source_specimens_1600.jsonl#RAG-hotpotqa-5a72160e55429971e9dc9253:A	cddd4d6ebf107609aed6254bb889a91e9fe0ee012f4904715f7787085114f7b0	41bdd3f264f6ca9f54d9522258cb38dc2939ad85eacc9e14a9467ae3c9475d08	source_specimens_1600.jsonl#RAG-hotpotqa-5a72160e55429971e9dc9253:B	RIDI-RAG-NATURE-v2-PROSPECTIVE/C2/QWEN3-BM25-K10-RANDOM	0f7babda273f68e2095343f2fb33f2dca3c8720f95ed87ca3a0f47d1b337b063	NO_AUTHORITATIVE_REQUIREMENT_SPECIFIED	TRUE	Primary registered RAG reference/random pair; exact grade-vector equality verified structurally; endpoints hash-bound without comparing outputs; no authoritative source support-count rule specified.
RAG-hotpotqa-5a7217f255429971e9dc9260	854a8c116e8f6625159c01d07231ca04745846745c9427b14cbdf4fefd77b7b4	e6826f684833bee9f86bdc98a4206ab8f9db431ef45f1f748327df5b174f43e6	254557d74c4e371dd8bb790071ebe789cfc58a4bd39cc02b599beb7afdc9f448	source_specimens_1600.jsonl#RAG-hotpotqa-5a7217f255429971e9dc9260:A	0efbbaac113f8afa059cc1bc90ac0d27246f2ea78641433b6fe75cdde93728da	0e4d87640b97bec65756db427f40e53fda7f57fba2c1ebac6f68e31f7d812093	source_specimens_1600.jsonl#RAG-hotpotqa-5a7217f255429971e9dc9260:B	RIDI-RAG-NATURE-v2-PROSPECTIVE/C2/QWEN3-BM25-K10-RANDOM	0f7babda273f68e2095343f2fb33f2dca3c8720f95ed87ca3a0f47d1b337b063	NO_AUTHORITATIVE_REQUIREMENT_SPECIFIED	TRUE	Primary registered RAG reference/random pair; exact grade-vector equality verified structurally; endpoints hash-bound without comparing outputs; no authoritative source support-count rule specified.
RAG-hotpotqa-5a721a7655429971e9dc9271	616c6cc35daf56a401293a02d8b4cc5d6212d1c01fbe54a25449760dd6fd4042	3c48887aa3842db05fe29969f21ba2f2fea7394e7e23ae40941a01af07903ebb	b0dfcf727f50bfcfd8edf2c0f8b7d3e32ba23e934736b73ed658a566091b9553	source_specimens_1600.jsonl#RAG-hotpotqa-5a721a7655429971e9dc9271:A	a85984d0effd33fab2f17e3b31c01dded58133cfb8a8b928e00e5e0b31756bb6	bbf18f77828fae8b946d74893af030928d47535b3529115815c002273a1aeada	source_specimens_1600.jsonl#RAG-hotpotqa-5a721a7655429971e9dc9271:B	RIDI-RAG-NATURE-v2-PROSPECTIVE/C2/QWEN3-BM25-K10-RANDOM	0f7babda273f68e2095343f2fb33f2dca3c8720f95ed87ca3a0f47d1b337b063	NO_AUTHORITATIVE_REQUIREMENT_SPECIFIED	TRUE	Primary registered RAG reference/random pair; exact grade-vector equality verified structurally; endpoints hash-bound without comparing outputs; no authoritative source support-count rule specified.
RAG-hotpotqa-5a721b9055429971e9dc9277	f1fae6db440093543410c8f2f0b3e1191ec441dc094b9f23e0dc15223d118a24	95d8e15e3dcf6b343e126afc4dc368eb4533b07c2c5bc12e7b2f29868114ae86	6741649a7c20cc4a5ed94d24bfd9b38f62042167da95e39780968bdfcce57de4	source_specimens_1600.jsonl#RAG-hotpotqa-5a721b9055429971e9dc9277:A	d27b3061916d7a06736736ead05760686fe541c5a86ce3af4d977c20a64d1176	0f3c732f3694080f3aeef4bc662c944154a5dccdb128b32241c4a372c7df207c	source_specimens_1600.jsonl#RAG-hotpotqa-5a721b9055429971e9dc9277:B	RIDI-RAG-NATURE-v2-PROSPECTIVE/C2/QWEN3-BM25-K10-RANDOM	0f7babda273f68e2095343f2fb33f2dca3c8720f95ed87ca3a0f47d1b337b063	NO_AUTHORITATIVE_REQUIREMENT_SPECIFIED	TRUE	Primary registered RAG reference/random pair; exact grade-vector equality verified structurally; endpoints hash-bound without comparing outputs; no authoritative source support-count rule specified.
RAG-hotpotqa-5a721bbc55429971e9dc9279	496a55748ed54a5d00cd2e4a45304b8d71e1f338724458dcd2901d3023e1fd26	3c330630ec6c461e97da51088f4757569286af352e1e2573dce785d77ac971c3	804da2eeaec41818d87f605499987864e7dfcf00bf0cda3048026e5754d7b849	source_specimens_1600.jsonl#RAG-hotpotqa-5a721bbc55429971e9dc9279:A	69a89e53a1ae79df504f957cfb91962c1c8d144e20e42909c0403a6d814ee966	d4bd8d828b60d82f05bf87f1e32f98b50b68d61dab30d3b617f727c51c022003	source_specimens_1600.jsonl#RAG-hotpotqa-5a721bbc55429971e9dc9279:B	RIDI-RAG-NATURE-v2-PROSPECTIVE/C2/QWEN3-BM25-K10-RANDOM	0f7babda273f68e2095343f2fb33f2dca3c8720f95ed87ca3a0f47d1b337b063	NO_AUTHORITATIVE_REQUIREMENT_SPECIFIED	TRUE	Primary registered RAG reference/random pair; exact grade-vector equality verified structurally; endpoints hash-bound without comparing outputs; no authoritative source support-count rule specified.
RAG-hotpotqa-5a721d5a55429971e9dc9283	c09a0e64f3193c997df1ef751aa11fdf40e9adebfbca2302e6d0dea09b9ebccd	866b78a00c0ef1e2e1fd5505cfa15509956e37362a31e46dca24bfee8ecc8291	ec3c70d0caa352d9c82d001261a119ebd6d88cca194ac1721b3d272197f7b585	source_specimens_1600.jsonl#RAG-hotpotqa-5a721d5a55429971e9dc9283:A	c0aed9a26a174adcd2576c07ae816bdef7d1a31d3e6790e9f4005b41b2e61445	fe99dde9437a4652bf1a9bde929f7fc267a0964aee2a3e9c5680c403f9d2cd6c	source_specimens_1600.jsonl#RAG-hotpotqa-5a721d5a55429971e9dc9283:B	RIDI-RAG-NATURE-v2-PROSPECTIVE/C2/QWEN3-BM25-K10-RANDOM	0f7babda273f68e2095343f2fb33f2dca3c8720f95ed87ca3a0f47d1b337b063	NO_AUTHORITATIVE_REQUIREMENT_SPECIFIED	TRUE	Primary registered RAG reference/random pair; exact grade-vector equality verified structurally; endpoints hash-bound without comparing outputs; no authoritative source support-count rule specified.
RAG-hotpotqa-5a721dfd55429971e9dc928b	a7bba808d77bb03ec21bba0b0f6b8e4c246a39e263e36e8e00862b816b744486	73f3ce52eeeb6884295162d5f3a9d49be30cc40aaf1e52c601e55e099493179f	45f5ae3ad37656fd9b21917434348066f45321fb1bc4de97025b6e037a32db4c	source_specimens_1600.jsonl#RAG-hotpotqa-5a721dfd55429971e9dc928b:A	5f0e30666d34233e4b07edac5fdc8ae7577dfc48583723e7038c64791ddfc3fa	22fc072572d73c5c4d13f2e0d8ca124748a4c610e36cb8f95da04e8ba5610155	source_specimens_1600.jsonl#RAG-hotpotqa-5a721dfd55429971e9dc928b:B	RIDI-RAG-NATURE-v2-PROSPECTIVE/C2/QWEN3-BM25-K10-RANDOM	0f7babda273f68e2095343f2fb33f2dca3c8720f95ed87ca3a0f47d1b337b063	NO_AUTHORITATIVE_REQUIREMENT_SPECIFIED	TRUE	Primary registered RAG reference/random pair; exact grade-vector equality verified structurally; endpoints hash-bound without comparing outputs; no authoritative source support-count rule specified.
RAG-hotpotqa-5a721e0e55429971e9dc928d	8de62261e9693fae3c4b06e3a8ea4c5619b1054fb4104fd7e0aeda1d263eb1d0	b7c318c300f67f104f3a03996cae5a4d53cf8f39de1454f8b3242764a4d0474b	04911c62918b1afef5f3eb2e8c931ad9ea30012f6a6e69d76ddaf3454affa522	source_specimens_1600.jsonl#RAG-hotpotqa-5a721e0e55429971e9dc928d:A	a53d629e0aa2a115e9b2f73b89d9e63a2cbdb2cfdde4c22ab385dc46b06c5ca3	0195f74edbdcad07fe73029bc5c8ad0708ad5c0dc3280ae1a97c1f143713711c	source_specimens_1600.jsonl#RAG-hotpotqa-5a721e0e55429971e9dc928d:B	RIDI-RAG-NATURE-v2-PROSPECTIVE/C2/QWEN3-BM25-K10-RANDOM	0f7babda273f68e2095343f2fb33f2dca3c8720f95ed87ca3a0f47d1b337b063	NO_AUTHORITATIVE_REQUIREMENT_SPECIFIED	TRUE	Primary registered RAG reference/random pair; exact grade-vector equality verified structurally; endpoints hash-bound without comparing outputs; no authoritative source support-count rule specified.
RAG-hotpotqa-5a7220f055429971e9dc92ac	83b210cb86019e5fa83a90756e609b53f46234ee2f0f8b563a2ecea6c841448f	a9d0faa4d6429b394bed252113827aecfbdb3b1c383b538896a0691f8ce83c11	134bff31c1012c7018a165bb4224f800372d393a01929b6e829ff415cc183b26	source_specimens_1600.jsonl#RAG-hotpotqa-5a7220f055429971e9dc92ac:A	5c27590e62415afba43799de7b1ebe29a8947d33ad1facdee1430628a1b40a5e	2d859e854caa062e50de4a9417ff8b6bd2bc0f4838fe6a97dcc8ee78f42d351c	source_specimens_1600.jsonl#RAG-hotpotqa-5a7220f055429971e9dc92ac:B	RIDI-RAG-NATURE-v2-PROSPECTIVE/C2/QWEN3-BM25-K10-RANDOM	0f7babda273f68e2095343f2fb33f2dca3c8720f95ed87ca3a0f47d1b337b063	NO_AUTHORITATIVE_REQUIREMENT_SPECIFIED	TRUE	Primary registered RAG reference/random pair; exact grade-vector equality verified structurally; endpoints hash-bound without comparing outputs; no authoritative source support-count rule specified.
RAG-hotpotqa-5a72224755429971e9dc92be	fb05dce462d3191a7cb07c5d642861820af57a0f80ee2e2037f21648d946b176	4e7f4f35eea52ede45c54ec830fbfa7dcbccf370663ae247b17319a58478a6a3	bbc52c2641e47744953aad8026614c39bf359eb89dc881f8365c8a161fd2b4f9	source_specimens_1600.jsonl#RAG-hotpotqa-5a72224755429971e9dc92be:A	e3cd850ac2923369a1cd467e6ba0c9f01bcccabb791dc4e017c4fe2e3daac24d	952bffd96ba256096da489a1d26a70c65b35b97b7789305cbe4eae00ba8ad51e	source_specimens_1600.jsonl#RAG-hotpotqa-5a72224755429971e9dc92be:B	RIDI-RAG-NATURE-v2-PROSPECTIVE/C2/QWEN3-BM25-K10-RANDOM	0f7babda273f68e2095343f2fb33f2dca3c8720f95ed87ca3a0f47d1b337b063	NO_AUTHORITATIVE_REQUIREMENT_SPECIFIED	TRUE	Primary registered RAG reference/random pair; exact grade-vector equality verified structurally; endpoints hash-bound without comparing outputs; no authoritative source support-count rule specified.
RAG-hotpotqa-5a7222b155429971e9dc92c4	f059c42f6840b88cdd9d7e7becde8d0d1b24c5a184d8d11c44a2e0e34480aeef	5921b87caa3724df4c26956c3d9f4826e95d53fc59ebbb1274de34795bace6d6	a7d4c950fee500ad4bcbdb6966c3ccd8ff5d9935a4a47a85c32e5ce9dc30dcfa	source_specimens_1600.jsonl#RAG-hotpotqa-5a7222b155429971e9dc92c4:A	dfaad9dba1b48d8c524505a14d007052e8c8bd7f27a2b278b60bda447ebc3e54	385f2b26b9921178df25f508a2b3dd73ffda36590f17ce7294e4115e506b2fa2	source_specimens_1600.jsonl#RAG-hotpotqa-5a7222b155429971e9dc92c4:B	RIDI-RAG-NATURE-v2-PROSPECTIVE/C2/QWEN3-BM25-K10-RANDOM	0f7babda273f68e2095343f2fb33f2dca3c8720f95ed87ca3a0f47d1b337b063	NO_AUTHORITATIVE_REQUIREMENT_SPECIFIED	TRUE	Primary registered RAG reference/random pair; exact grade-vector equality verified structurally; endpoints hash-bound without comparing outputs; no authoritative source support-count rule specified.
RAG-hotpotqa-5a72239a55429971e9dc92cf	20c4851ceb6f33891973d9424e3a6c81156aa9d3be3b188cade851247cd42b91	cd9e893b1eaf23acb03386a5be4d657ab5c92908877beeefa50bac9fd2040fb0	5def64f1c40c0fd667e4b46aa3a4aa071bc9e275d981ba9d0cf2e2562bc6130c	source_specimens_1600.jsonl#RAG-hotpotqa-5a72239a55429971e9dc92cf:A	30f119b05ddbe0417f0a69bc220e6e1ff4a711b020e06610a85414224e714a3c	fb044875b57f1ae35becc5712954889266b54f09fabeaa41a425be43a665d120	source_specimens_1600.jsonl#RAG-hotpotqa-5a72239a55429971e9dc92cf:B	RIDI-RAG-NATURE-v2-PROSPECTIVE/C2/QWEN3-BM25-K10-RANDOM	0f7babda273f68e2095343f2fb33f2dca3c8720f95ed87ca3a0f47d1b337b063	NO_AUTHORITATIVE_REQUIREMENT_SPECIFIED	TRUE	Primary registered RAG reference/random pair; exact grade-vector equality verified structurally; endpoints hash-bound without comparing outputs; no authoritative source support-count rule specified.
RAG-hotpotqa-5a7224ab55429971e9dc92dd	89e2e2098f0e90dd89f69f1a9397ba2f1cb40cdec4c3860a5d51f4e8066ef89e	322d32d24c4316f2e09a0eba0e37eae53261351b494e21f9d6d71809a17d6efd	75799012ff3672d34ae3eb33c9dde32fd721e28d3aa8bb6b58030037107b61bb	source_specimens_1600.jsonl#RAG-hotpotqa-5a7224ab55429971e9dc92dd:A	f1f0eca4763874c84fdfa5fc80847773f108c484f8d3c4514b8aade111a10f05	2ba3de744e0f98f2fd2bb1873c10be5fbc2847e12fcd777c819eba886b808eea	source_specimens_1600.jsonl#RAG-hotpotqa-5a7224ab55429971e9dc92dd:B	RIDI-RAG-NATURE-v2-PROSPECTIVE/C2/QWEN3-BM25-K10-RANDOM	0f7babda273f68e2095343f2fb33f2dca3c8720f95ed87ca3a0f47d1b337b063	NO_AUTHORITATIVE_REQUIREMENT_SPECIFIED	TRUE	Primary registered RAG reference/random pair; exact grade-vector equality verified structurally; endpoints hash-bound without comparing outputs; no authoritative source support-count rule specified.
RAG-hotpotqa-5a7228f655429971e9dc9312	b5811e3f26f1e5af1089d38b35ae297a220f294290b66d905aa79d1724b992f7	b9ddcc487ac296fbab71204406256856e010a351c7aa215916e848b590bb561b	3fcf7d7ccb5e0986e4b65b82fb661b08a1a57398fa31ab25e56f3287d0f2d1b7	source_specimens_1600.jsonl#RAG-hotpotqa-5a7228f655429971e9dc9312:A	a7363fbe0afdb5757db6ddbe9f56336d75254f2758b4bc024a1504ace0f09787	6f1c7b6b73ce8c2a09303fb1c3578c283497947cfe79f0d64dccf58641bb4e85	source_specimens_1600.jsonl#RAG-hotpotqa-5a7228f655429971e9dc9312:B	RIDI-RAG-NATURE-v2-PROSPECTIVE/C2/QWEN3-BM25-K10-RANDOM	0f7babda273f68e2095343f2fb33f2dca3c8720f95ed87ca3a0f47d1b337b063	NO_AUTHORITATIVE_REQUIREMENT_SPECIFIED	TRUE	Primary registered RAG reference/random pair; exact grade-vector equality verified structurally; endpoints hash-bound without comparing outputs; no authoritative source support-count rule specified.
RAG-hotpotqa-5a722a6855429971e9dc9320	091d16d25e68378de45bb409c5e0e96871d19cfe54840d1008bae9714417625d	eea47199d3763f34e96b1ceff6d8c5725bfd4e67fd59eee0cdbcd1e720b41bdc	730aedf2e3ab6afca0026c8c2d88cc137078e316241fe9e9953dd853b704ea10	source_specimens_1600.jsonl#RAG-hotpotqa-5a722a6855429971e9dc9320:A	c07a119d6be8588aa6d906b9618de96f5c37bb7d78e98c98b13fd42dbe73fd4f	95b9015309b9bde830561642ba003b0035fdd0e6f45283edffaebe62221f783b	source_specimens_1600.jsonl#RAG-hotpotqa-5a722a6855429971e9dc9320:B	RIDI-RAG-NATURE-v2-PROSPECTIVE/C2/QWEN3-BM25-K10-RANDOM	0f7babda273f68e2095343f2fb33f2dca3c8720f95ed87ca3a0f47d1b337b063	NO_AUTHORITATIVE_REQUIREMENT_SPECIFIED	TRUE	Primary registered RAG reference/random pair; exact grade-vector equality verified structurally; endpoints hash-bound without comparing outputs; no authoritative source support-count rule specified.
RAG-hotpotqa-5a722b8655429971e9dc9329	f68dda5b19f8b5554876295d3741b372c9a036c097f2a8ab2d6349c64aa21baa	815e6bcce316cd43b31e2c351da2949b58476526b700ab93a37d4b7f74838082	1e52a1afab520577686d4dfc5a9c51aa517ece2dd314dd0e4dec09e881c39e7d	source_specimens_1600.jsonl#RAG-hotpotqa-5a722b8655429971e9dc9329:A	7764b070ef12984627d77bc647cbe5de543fe26e4d365eb013534c9743670795	defe37ddcfcf640f726b6620531c7cddeb2f0abc2fa969d7f1f7ceebf7f204da	source_specimens_1600.jsonl#RAG-hotpotqa-5a722b8655429971e9dc9329:B	RIDI-RAG-NATURE-v2-PROSPECTIVE/C2/QWEN3-BM25-K10-RANDOM	0f7babda273f68e2095343f2fb33f2dca3c8720f95ed87ca3a0f47d1b337b063	NO_AUTHORITATIVE_REQUIREMENT_SPECIFIED	TRUE	Primary registered RAG reference/random pair; exact grade-vector equality verified structurally; endpoints hash-bound without comparing outputs; no authoritative source support-count rule specified.
RAG-hotpotqa-5a722c2255429971e9dc932c	a76aaa8decb06d3246b87a01153f21ab05e09ebc0d31e19e56b22e4b069d0406	3d3b5a67dd0ca8d7c50cb6bb4d28300553f3fea9e2b8d64b9ca1ee513e0e8b84	cf37e667f10a1fc0a6026e5ca82f0298a6b3f29f57ca9d6a08b03663955252e8	source_specimens_1600.jsonl#RAG-hotpotqa-5a722c2255429971e9dc932c:A	9fc750fd9aea45fe33a31819761174ecc02aefa8e61a1debf1a08a751c9df344	735b21c2b6675b2aa933be4f4e7a05eea8928202e43ce9ee304ffcb1090e8b4f	source_specimens_1600.jsonl#RAG-hotpotqa-5a722c2255429971e9dc932c:B	RIDI-RAG-NATURE-v2-PROSPECTIVE/C2/QWEN3-BM25-K10-RANDOM	0f7babda273f68e2095343f2fb33f2dca3c8720f95ed87ca3a0f47d1b337b063	NO_AUTHORITATIVE_REQUIREMENT_SPECIFIED	TRUE	Primary registered RAG reference/random pair; exact grade-vector equality verified structurally; endpoints hash-bound without comparing outputs; no authoritative source support-count rule specified.
RAG-hotpotqa-5a722fae55429971e9dc9343	9f058a097c86bf845d319b7946376aafe16acca04029d41e34496c4b94e40933	e68e653105580a29c2a0e74cfdb703529d94502755497e06e36332e878071c18	0a0288b38a13cf7d1591a9674ae8ef5b6baa0e0f39fb36978bef98731b2c4646	source_specimens_1600.jsonl#RAG-hotpotqa-5a722fae55429971e9dc9343:A	142ce3a220dfdeccad05b181877794f458c2bdbff6424445ee7e36c097452a27	d1b09d4698fcbcbb924a07ff39f69f56c8c393d080b6c4f07061ad12cd4733ac	source_specimens_1600.jsonl#RAG-hotpotqa-5a722fae55429971e9dc9343:B	RIDI-RAG-NATURE-v2-PROSPECTIVE/C2/QWEN3-BM25-K10-RANDOM	0f7babda273f68e2095343f2fb33f2dca3c8720f95ed87ca3a0f47d1b337b063	NO_AUTHORITATIVE_REQUIREMENT_SPECIFIED	TRUE	Primary registered RAG reference/random pair; exact grade-vector equality verified structurally; endpoints hash-bound without comparing outputs; no authoritative source support-count rule specified.
RAG-hotpotqa-5a72334755429971e9dc934c	7766d6771bc4457f8a4db40da65f18f60d52df1e4f4076035daa503df3f646be	930d9cb5d580975e1fcdb40799d2bfd6c1e2a47de2f76d52fe5452ddd9d90227	27b3591d4430f09abe92505c3c635405ab971a40b3fc7d6ecad8820ad3921ac9	source_specimens_1600.jsonl#RAG-hotpotqa-5a72334755429971e9dc934c:A	08082d6c669319aa8c48912dde0b4c1e60ff8ba598aac978563f9dcc3867a688	a3fb43ae3fdb924b18d4689fdb0823a3e56e73b6bd9471264091bf51f3d6e3a1	source_specimens_1600.jsonl#RAG-hotpotqa-5a72334755429971e9dc934c:B	RIDI-RAG-NATURE-v2-PROSPECTIVE/C2/QWEN3-BM25-K10-RANDOM	0f7babda273f68e2095343f2fb33f2dca3c8720f95ed87ca3a0f47d1b337b063	NO_AUTHORITATIVE_REQUIREMENT_SPECIFIED	TRUE	Primary registered RAG reference/random pair; exact grade-vector equality verified structurally; endpoints hash-bound without comparing outputs; no authoritative source support-count rule specified.
RAG-hotpotqa-5a72339855429971e9dc934d	73ad5711cf65fb3e2177c45a5b03af5c323a0d6ec1897ed86ea18f2e7b88e309	ae4c65595823d92b9f1a1c166b52378b5a748049b92013f47cf9d0faef18e3cf	36afe13a7d472ac27b15e582cff56d63bf2e083c1c6c330ecdddd58a8dae8c29	source_specimens_1600.jsonl#RAG-hotpotqa-5a72339855429971e9dc934d:A	7bcf4d31cc273c6fd2f637ab0aabd73215d8b670dc70c3f1a8d02f29da84c245	1d8a3b76830aa4c1e2421902b074adc58b6ccda920dd743401504eec24aaf2c4	source_specimens_1600.jsonl#RAG-hotpotqa-5a72339855429971e9dc934d:B	RIDI-RAG-NATURE-v2-PROSPECTIVE/C2/QWEN3-BM25-K10-RANDOM	0f7babda273f68e2095343f2fb33f2dca3c8720f95ed87ca3a0f47d1b337b063	NO_AUTHORITATIVE_REQUIREMENT_SPECIFIED	TRUE	Primary registered RAG reference/random pair; exact grade-vector equality verified structurally; endpoints hash-bound without comparing outputs; no authoritative source support-count rule specified.
RAG-hotpotqa-5a72429355429971e9dc9375	157e57dd9d62890681f9fe4d8724d2b8f586a5cfbf6405d4ddd7f6f1597973d2	f1cddcbf8dbd0d130546652a5be07d1f7f95e49643eca996af6374fa074766dc	864d02e78e7b840007e09790896ad7d355277083cb706e30ae435488f92de224	source_specimens_1600.jsonl#RAG-hotpotqa-5a72429355429971e9dc9375:A	b0cd9fc032a2f29425cec5371ba5f79a8d8c0634f34cc5adeea4a793a0b19307	13e1b316a7ea89b0ad472d33d0d30d7a1e70e3f4c5866994dc9a1073923a087c	source_specimens_1600.jsonl#RAG-hotpotqa-5a72429355429971e9dc9375:B	RIDI-RAG-NATURE-v2-PROSPECTIVE/C2/QWEN3-BM25-K10-RANDOM	0f7babda273f68e2095343f2fb33f2dca3c8720f95ed87ca3a0f47d1b337b063	NO_AUTHORITATIVE_REQUIREMENT_SPECIFIED	TRUE	Primary registered RAG reference/random pair; exact grade-vector equality verified structurally; endpoints hash-bound without comparing outputs; no authoritative source support-count rule specified.
RAG-hotpotqa-5a7243915542990c210a4086	1d83e3bf5e0861f1fc1905e094b5c2588a10bb17775c65bcc0132f48c9d5fc84	6c54f38e1149807c5e2bcd3e8af369a0a663dd49eb7b9809297e82651d4e4484	3ca1879c51f4ff4ef0a86006b3032aae1fe9f7bbfabf85bace18469d7b173bd7	source_specimens_1600.jsonl#RAG-hotpotqa-5a7243915542990c210a4086:A	31903e330ee6f528420a88beabfd701ee12456a677d16202bfe522bd98f95ef0	bb6620c341ff9e2a1ad1b6edccb904b79e9030d18af7cedaf2bda40cda233a38	source_specimens_1600.jsonl#RAG-hotpotqa-5a7243915542990c210a4086:B	RIDI-RAG-NATURE-v2-PROSPECTIVE/C2/QWEN3-BM25-K10-RANDOM	0f7babda273f68e2095343f2fb33f2dca3c8720f95ed87ca3a0f47d1b337b063	NO_AUTHORITATIVE_REQUIREMENT_SPECIFIED	TRUE	Primary registered RAG reference/random pair; exact grade-vector equality verified structurally; endpoints hash-bound without comparing outputs; no authoritative source support-count rule specified.
RAG-hotpotqa-5a7244955542990c210a408a	42d65f59d94587eef6ded98e463bf4c1fbfcddd50904d9503a5a36e22dda1f1f	cf42d4c9027b269b000335cc4f0d033fd846f6bb65d1e55c59d2ae70a9e33d4a	8ebef29cfe0dcad5652c643a1ecd2ab78ca52cd9cc39a4d51658c9c426db2c28	source_specimens_1600.jsonl#RAG-hotpotqa-5a7244955542990c210a408a:A	00933be2c71883c0e956b3fda6fe1704d5844f7da1b713bb24e58529313effba	14c6d4c529d8614a75df567ec1e1af7e265a1614cc063819c136e1b32161008c	source_specimens_1600.jsonl#RAG-hotpotqa-5a7244955542990c210a408a:B	RIDI-RAG-NATURE-v2-PROSPECTIVE/C2/QWEN3-BM25-K10-RANDOM	0f7babda273f68e2095343f2fb33f2dca3c8720f95ed87ca3a0f47d1b337b063	NO_AUTHORITATIVE_REQUIREMENT_SPECIFIED	TRUE	Primary registered RAG reference/random pair; exact grade-vector equality verified structurally; endpoints hash-bound without comparing outputs; no authoritative source support-count rule specified.
RAG-hotpotqa-5a7248665542990c210a40b1	853e8add16d80c0530aa765454a28460e7b336484682f968e33ee3979255d00e	c308eeb708ee1478a57d4dd0a61f9a6f9b4b76ec2dfcb5570c0f62ccf76215dc	d57f0a109a3b9b1027b0a68e30bf33abb8b0e603a665418a3e6a08a1093a584d	source_specimens_1600.jsonl#RAG-hotpotqa-5a7248665542990c210a40b1:A	5175987608941d6ac22ffbe94dbbbd0d41f37d25a5c73ebb5dd2c2828c73195f	c530ebe22073c02f87f52185bad66d414eac91b999283566bd415a67f395026c	source_specimens_1600.jsonl#RAG-hotpotqa-5a7248665542990c210a40b1:B	RIDI-RAG-NATURE-v2-PROSPECTIVE/C2/QWEN3-BM25-K10-RANDOM	0f7babda273f68e2095343f2fb33f2dca3c8720f95ed87ca3a0f47d1b337b063	NO_AUTHORITATIVE_REQUIREMENT_SPECIFIED	TRUE	Primary registered RAG reference/random pair; exact grade-vector equality verified structurally; endpoints hash-bound without comparing outputs; no authoritative source support-count rule specified.
RAG-hotpotqa-5a7249b85542990c210a40b9	f94daa60b6f4e968de9f2fe08ee1ab73326367f5657821c004dc6ddd0082e727	85c7642ff7f0c133e1ae2bcbf5edb9454958a16137fafb9d1a35830692d8bbd0	dbd675afe9059a1993ee4e48a0e717bd0ce2b31f64925c8b4d7da6d1772ecbe5	source_specimens_1600.jsonl#RAG-hotpotqa-5a7249b85542990c210a40b9:A	db6bc083313324eba0697b7f27982e7e19fd955ed47d63c18683662a86804620	053bb8832ffb7ec0f93393ca6026f5f52637a34e15feaea3a526b1f90146285a	source_specimens_1600.jsonl#RAG-hotpotqa-5a7249b85542990c210a40b9:B	RIDI-RAG-NATURE-v2-PROSPECTIVE/C2/QWEN3-BM25-K10-RANDOM	0f7babda273f68e2095343f2fb33f2dca3c8720f95ed87ca3a0f47d1b337b063	NO_AUTHORITATIVE_REQUIREMENT_SPECIFIED	TRUE	Primary registered RAG reference/random pair; exact grade-vector equality verified structurally; endpoints hash-bound without comparing outputs; no authoritative source support-count rule specified.
RAG-hotpotqa-5a724a2b5542990c210a40bc	e8c3317156261776bfcb0912185e06bbe478481eb3d5fbccee815f934023c1a5	b43fa633fd90871e0dcf14a71e8e19f53dafa32f6e78092349d2f922cc495a21	0d4bc779f1838542a1a101a11f66816a920bc1fce7557ef2bbc65e17b11a8230	source_specimens_1600.jsonl#RAG-hotpotqa-5a724a2b5542990c210a40bc:A	97b25cbd3aac2e8359030cb8f546046f3ddd49886bf555fdddf7a90cebf331d0	ccbe3a4f2522339fdc31348eff802aea22fbc7839ac173c02b107c1ca70efd47	source_specimens_1600.jsonl#RAG-hotpotqa-5a724a2b5542990c210a40bc:B	RIDI-RAG-NATURE-v2-PROSPECTIVE/C2/QWEN3-BM25-K10-RANDOM	0f7babda273f68e2095343f2fb33f2dca3c8720f95ed87ca3a0f47d1b337b063	NO_AUTHORITATIVE_REQUIREMENT_SPECIFIED	TRUE	Primary registered RAG reference/random pair; exact grade-vector equality verified structurally; endpoints hash-bound without comparing outputs; no authoritative source support-count rule specified.
RAG-hotpotqa-5a724ba25542990c210a40c7	657bac0ed7f117d3c142d0ccdc0ab21198beaff1506d45825b5f6cc022acc566	8aa4fdf4a96860f71f44da54581e4d72f36041f334256f69b539fbc7b19aaf99	e209fa8a8e6d706ebe407d4a775a815dcd081666e887d83a5e75e2359110e9f8	source_specimens_1600.jsonl#RAG-hotpotqa-5a724ba25542990c210a40c7:A	d1708d2f297b3a83ca12986ecf6cc96365e1b75f1db65afc67271d60990bc2b5	25f31f33e48573d7335bbfdfae2a9edb8fbfdccb3e1649813b658aa7f401041c	source_specimens_1600.jsonl#RAG-hotpotqa-5a724ba25542990c210a40c7:B	RIDI-RAG-NATURE-v2-PROSPECTIVE/C2/QWEN3-BM25-K10-RANDOM	0f7babda273f68e2095343f2fb33f2dca3c8720f95ed87ca3a0f47d1b337b063	NO_AUTHORITATIVE_REQUIREMENT_SPECIFIED	TRUE	Primary registered RAG reference/random pair; exact grade-vector equality verified structurally; endpoints hash-bound without comparing outputs; no authoritative source support-count rule specified.
RAG-hotpotqa-5a724dc25542990c210a40df	3d83be4e034e5987c857c4aabcb28757deef0d2375e69baff193ec91be4d5619	de7f66d290fa8250eae1a47e73a61560d2aed4ebac2dae9eb1db215fb192fb23	27424113c79c28a4222b3cf9657da72d502f8bcdf5013cdbb0564881545c4e77	source_specimens_1600.jsonl#RAG-hotpotqa-5a724dc25542990c210a40df:A	51f15f3870ea2cc5a2d73f5d35fedba0a04b8328cf6cfa56ab533f937fc5bdda	2d49fc285d825e2ad05bf63c09afda8b59f89361278468d6fa7ebcf1974719b8	source_specimens_1600.jsonl#RAG-hotpotqa-5a724dc25542990c210a40df:B	RIDI-RAG-NATURE-v2-PROSPECTIVE/C2/QWEN3-BM25-K10-RANDOM	0f7babda273f68e2095343f2fb33f2dca3c8720f95ed87ca3a0f47d1b337b063	NO_AUTHORITATIVE_REQUIREMENT_SPECIFIED	TRUE	Primary registered RAG reference/random pair; exact grade-vector equality verified structurally; endpoints hash-bound without comparing outputs; no authoritative source support-count rule specified.
RAG-hotpotqa-5a7252db5542990c210a4104	0d7beec2b160f39443c2483b07fa0c5a52875819068198e437e64064055096f4	853855abacc4b0572d086b617e00665021e2d9bb50becefa4cd25feb148fc209	a08e75ba20d0e61080242f6a83f33615bce6f07a0ce68198c34fe91c39d84337	source_specimens_1600.jsonl#RAG-hotpotqa-5a7252db5542990c210a4104:A	1afe1035068763d76dd994c7a33600d22643dbc1d721ce166774a0892194882d	e9d075bcf361f14a1c8db52d1aba1b1b6f234a54760ad293990389da164e5d7d	source_specimens_1600.jsonl#RAG-hotpotqa-5a7252db5542990c210a4104:B	RIDI-RAG-NATURE-v2-PROSPECTIVE/C2/QWEN3-BM25-K10-RANDOM	0f7babda273f68e2095343f2fb33f2dca3c8720f95ed87ca3a0f47d1b337b063	NO_AUTHORITATIVE_REQUIREMENT_SPECIFIED	TRUE	Primary registered RAG reference/random pair; exact grade-vector equality verified structurally; endpoints hash-bound without comparing outputs; no authoritative source support-count rule specified.
RAG-hotpotqa-5a7261635542997f8278398a	0e3b763ff343537662d0dfc07af6944ef8e7977399fc42b8306d8d1aa7de9714	2e28310883fcaab9482930de2edd7447acdfd3d3cf607bfa7f2ed7390589a9ca	8bb6ed7b03dc9cbfa1b069be6af0efab446410c2eccd96906d185313fa908162	source_specimens_1600.jsonl#RAG-hotpotqa-5a7261635542997f8278398a:A	1789f9f9f0471ac81d8aeabe2d4c2635e9bcafd82e55111abebaf9a3efde942d	c55b18546e34f7e1762b6d1ab4fb5d97c0b443d38c0f7452e7b8a4222c3cc334	source_specimens_1600.jsonl#RAG-hotpotqa-5a7261635542997f8278398a:B	RIDI-RAG-NATURE-v2-PROSPECTIVE/C2/QWEN3-BM25-K10-RANDOM	0f7babda273f68e2095343f2fb33f2dca3c8720f95ed87ca3a0f47d1b337b063	NO_AUTHORITATIVE_REQUIREMENT_SPECIFIED	TRUE	Primary registered RAG reference/random pair; exact grade-vector equality verified structurally; endpoints hash-bound without comparing outputs; no authoritative source support-count rule specified.
RAG-hotpotqa-5a72634d5542997f82783994	36c427dd1a896997e587aa4e4853599d30b3c2b9ddf78f7b5462f4a56b1c43b9	644712f251acf9b6cbd22c24ec9a21748979655d2d465df2c89614fa721ba574	a4503c3804ab49151dc1418fdcc5ee66d0e6d2d21088ca78a362bf61b321cee1	source_specimens_1600.jsonl#RAG-hotpotqa-5a72634d5542997f82783994:A	b8deacf3cb0467c126940a259b62fcfa022c77ca23c277449f12d021d022e9e3	bdc0e5ff7391513ddc3fd5c302c0d39c90471e92db60fdb5753bdb938d494f88	source_specimens_1600.jsonl#RAG-hotpotqa-5a72634d5542997f82783994:B	RIDI-RAG-NATURE-v2-PROSPECTIVE/C2/QWEN3-BM25-K10-RANDOM	0f7babda273f68e2095343f2fb33f2dca3c8720f95ed87ca3a0f47d1b337b063	NO_AUTHORITATIVE_REQUIREMENT_SPECIFIED	TRUE	Primary registered RAG reference/random pair; exact grade-vector equality verified structurally; endpoints hash-bound without comparing outputs; no authoritative source support-count rule specified.
RAG-hotpotqa-5a7263e05542997f82783998	ea4b4c33ad161773aa4bfac0e30d7cc10837e3e02cc1f1862f033b917ab6302d	8de235bac88411fe271c5c43826472deecbce25071c19c35d4d8f58744de242d	6d50161373155ff8e542aee0d1b1fe04839ae16b4b69bad07b3841c3afe613e9	source_specimens_1600.jsonl#RAG-hotpotqa-5a7263e05542997f82783998:A	628a8e9f338a3abdc23b3e0ab3cd3afef1490d138ad76f375b3f85cdb2641a1e	8ddcfd97df0e93b0119aa97bcc2e2e2a65d2cb067f2477a283fc839df4344d93	source_specimens_1600.jsonl#RAG-hotpotqa-5a7263e05542997f82783998:B	RIDI-RAG-NATURE-v2-PROSPECTIVE/C2/QWEN3-BM25-K10-RANDOM	0f7babda273f68e2095343f2fb33f2dca3c8720f95ed87ca3a0f47d1b337b063	NO_AUTHORITATIVE_REQUIREMENT_SPECIFIED	TRUE	Primary registered RAG reference/random pair; exact grade-vector equality verified structurally; endpoints hash-bound without comparing outputs; no authoritative source support-count rule specified.
RAG-hotpotqa-5a72644b5542997f8278399a	83eb9f9a8ca2efcbddab365afd8af0fd025d9d784e98d95c5442f3fd08c6b366	84a31ef2249574b5306629c4ca49867681558a4f491dfd3b83b68c6ef2eebb42	8f6839073700c41b2219580d406cc454c94773ac804383f8cf1f78cbb506fad2	source_specimens_1600.jsonl#RAG-hotpotqa-5a72644b5542997f8278399a:A	c1fd6e9d71eec7d99d313aa10497b440150829545a52db7e70cc36c09fcc803d	a2d6c8f0c45eab6ff4c811ee2a7adb97934b1863484502955ce7048c2ec61c8d	source_specimens_1600.jsonl#RAG-hotpotqa-5a72644b5542997f8278399a:B	RIDI-RAG-NATURE-v2-PROSPECTIVE/C2/QWEN3-BM25-K10-RANDOM	0f7babda273f68e2095343f2fb33f2dca3c8720f95ed87ca3a0f47d1b337b063	NO_AUTHORITATIVE_REQUIREMENT_SPECIFIED	TRUE	Primary registered RAG reference/random pair; exact grade-vector equality verified structurally; endpoints hash-bound without comparing outputs; no authoritative source support-count rule specified.
RAG-hotpotqa-5a7264ed5542990c210a411a	c878accfebbec4a0750c7b1359ffbc631ccb847136fdd07da7a542817588f97d	10fa6fae350f2306d0073e613e09baf43a9d91f67706d4faed3fdd8851ae22c2	c9b15913d94361927eecccca19371da58926bc19ce31dd05b00562708a810697	source_specimens_1600.jsonl#RAG-hotpotqa-5a7264ed5542990c210a411a:A	c0600bbf331cd6b617caf146dacc979ef943ec078f7f62527912aa2b143807c0	28058b90d6dbe2eee44a7e2c9231fc9a83e6e4d4a919b7f7106e1c95093bea71	source_specimens_1600.jsonl#RAG-hotpotqa-5a7264ed5542990c210a411a:B	RIDI-RAG-NATURE-v2-PROSPECTIVE/C2/QWEN3-BM25-K10-RANDOM	0f7babda273f68e2095343f2fb33f2dca3c8720f95ed87ca3a0f47d1b337b063	NO_AUTHORITATIVE_REQUIREMENT_SPECIFIED	TRUE	Primary registered RAG reference/random pair; exact grade-vector equality verified structurally; endpoints hash-bound without comparing outputs; no authoritative source support-count rule specified.
RAG-hotpotqa-5a7265815542990c210a411b	7184009725ff5d838fd735c19643650b202859935e09ba7e29fca7e8641e0c53	0b2ee8b4d693ea622d4ad7b033d28973a597e1923297d81cb6b36b0b91e05da0	da4e5381d7ca927ca566e521624a6e09b840fef529986528d36ae54f27a58fe5	source_specimens_1600.jsonl#RAG-hotpotqa-5a7265815542990c210a411b:A	4ab90d1fcb045253790f197d644b2169a24d324cefd5e70112e0ac13fa3093d9	a53f8dc78526292cb58473d4d2d5c3fa2edd0171c0080004828ce10c3f6357fd	source_specimens_1600.jsonl#RAG-hotpotqa-5a7265815542990c210a411b:B	RIDI-RAG-NATURE-v2-PROSPECTIVE/C2/QWEN3-BM25-K10-RANDOM	0f7babda273f68e2095343f2fb33f2dca3c8720f95ed87ca3a0f47d1b337b063	NO_AUTHORITATIVE_REQUIREMENT_SPECIFIED	TRUE	Primary registered RAG reference/random pair; exact grade-vector equality verified structurally; endpoints hash-bound without comparing outputs; no authoritative source support-count rule specified.
RAG-hotpotqa-5a7265825542997f827839a3	48f0dcb2e89b7b32d5b985032ab3eb6c84398e167d261019ce3117da264bd4fd	53e1f2f1f83562e5a4e18507dc1f1813e11438e235334e9a089af9c9db1ebe16	1caaca37809ea5cd7798f1e0f27d7bfa1abb9e78c322688c55f080d0b0c20449	source_specimens_1600.jsonl#RAG-hotpotqa-5a7265825542997f827839a3:A	1afd82b28ad06f02eda86221d728037afaba4dbe8181a9ada0ceeabc89cdc421	7979a3ed46e18fd88f3d181cd3d6712f6b16afb3f8188693f413c0b412173169	source_specimens_1600.jsonl#RAG-hotpotqa-5a7265825542997f827839a3:B	RIDI-RAG-NATURE-v2-PROSPECTIVE/C2/QWEN3-BM25-K10-RANDOM	0f7babda273f68e2095343f2fb33f2dca3c8720f95ed87ca3a0f47d1b337b063	NO_AUTHORITATIVE_REQUIREMENT_SPECIFIED	TRUE	Primary registered RAG reference/random pair; exact grade-vector equality verified structurally; endpoints hash-bound without comparing outputs; no authoritative source support-count rule specified.
RAG-hotpotqa-5a7265a95542992359bc307a	53e403e4e49fdb7d6266c38975312d219671db8f344dcb13d40e113bb60337ba	4939c5f74e9c6da4b12a7abcd8d2a125d1febdd352ff060061e11d06dd5b87e2	380ebe8d5b34b062933d73efbe63ffdc64ef632a5c1aab8b9984c55a3edb6e9c	source_specimens_1600.jsonl#RAG-hotpotqa-5a7265a95542992359bc307a:A	009532ec7d58e0cb09312eafa25966c6fbf6fba0cb50359e2acdf8e04952762f	6800f91d2bcfada9030220d1a4dc976a2b57f2d1f20c1d917214680de7d73396	source_specimens_1600.jsonl#RAG-hotpotqa-5a7265a95542992359bc307a:B	RIDI-RAG-NATURE-v2-PROSPECTIVE/C2/QWEN3-BM25-K10-RANDOM	0f7babda273f68e2095343f2fb33f2dca3c8720f95ed87ca3a0f47d1b337b063	NO_AUTHORITATIVE_REQUIREMENT_SPECIFIED	TRUE	Primary registered RAG reference/random pair; exact grade-vector equality verified structurally; endpoints hash-bound without comparing outputs; no authoritative source support-count rule specified.
RAG-hotpotqa-5a7268235542992359bc3081	8c22247bc15bc8f2fb3ca0f3c1db133348f6361b526c339ef0392f14a671f56c	1b700a1422528f5ba75cde99b1a68e7d2d0c5843b5946fd4d18f6d1e9dbf7e2a	1d1b7198d5ea21ef27a5a2a758342fd4807f39bad67545957198e654336a47e1	source_specimens_1600.jsonl#RAG-hotpotqa-5a7268235542992359bc3081:A	d0c382642f6109970d006c3030cadcc1ebdb0bae2269d55f1dfc8291dfaf7038	3fbd7f2f5b9a24e86a2385061a076963c096193053ceca0558165dfc8338a699	source_specimens_1600.jsonl#RAG-hotpotqa-5a7268235542992359bc3081:B	RIDI-RAG-NATURE-v2-PROSPECTIVE/C2/QWEN3-BM25-K10-RANDOM	0f7babda273f68e2095343f2fb33f2dca3c8720f95ed87ca3a0f47d1b337b063	NO_AUTHORITATIVE_REQUIREMENT_SPECIFIED	TRUE	Primary registered RAG reference/random pair; exact grade-vector equality verified structurally; endpoints hash-bound without comparing outputs; no authoritative source support-count rule specified.
RAG-hotpotqa-5a72688c5542997f827839b2	3c99b8b2a86e325b345d34b937ec2163a276dd2d0250c9fe245c302765b80fdb	7216cff4d2e6f0786ca41c3c8c37bef75c7f7d1e190a1592db01e3363bcceab7	54aa77199411a0b0faf11a91938ba2b0086935fcc7280f959602422eaa0504f3	source_specimens_1600.jsonl#RAG-hotpotqa-5a72688c5542997f827839b2:A	7c904c4d589944ebbed7284a9997927ae4391354d446777eaca73e13fe9ebb8e	19d50791980987b41373172cd04ee7d07e937338b8993cfb873d32533ea752a0	source_specimens_1600.jsonl#RAG-hotpotqa-5a72688c5542997f827839b2:B	RIDI-RAG-NATURE-v2-PROSPECTIVE/C2/QWEN3-BM25-K10-RANDOM	0f7babda273f68e2095343f2fb33f2dca3c8720f95ed87ca3a0f47d1b337b063	NO_AUTHORITATIVE_REQUIREMENT_SPECIFIED	TRUE	Primary registered RAG reference/random pair; exact grade-vector equality verified structurally; endpoints hash-bound without comparing outputs; no authoritative source support-count rule specified.
RAG-hotpotqa-5a7269fa5542992359bc308d	33b0975417aba6a635809effcec307dad2491202a829c79f43d9ef480e8ac6cb	abccb24b0726546401b5c68248665052246e1f9df66c1045ce38e9176b616f00	5bc2c6453bf1ac9f0b59649114d1347e32e53748099163503e9d810e3d818230	source_specimens_1600.jsonl#RAG-hotpotqa-5a7269fa5542992359bc308d:A	43b6f932529806c73cc83e85ae6bc08ff1e3f0633c8c59722483c7ac29378ef3	d08d72dbc8dcf7146c3fd220a82e4e0225bc4576e84b35585b74339e38391d35	source_specimens_1600.jsonl#RAG-hotpotqa-5a7269fa5542992359bc308d:B	RIDI-RAG-NATURE-v2-PROSPECTIVE/C2/QWEN3-BM25-K10-RANDOM	0f7babda273f68e2095343f2fb33f2dca3c8720f95ed87ca3a0f47d1b337b063	NO_AUTHORITATIVE_REQUIREMENT_SPECIFIED	TRUE	Primary registered RAG reference/random pair; exact grade-vector equality verified structurally; endpoints hash-bound without comparing outputs; no authoritative source support-count rule specified.
RAG-hotpotqa-5a726b0f5542997f827839be	432ef2eb0e44a9f14091afaf1c1dee1657ec9ed99398fdd22c2da3e09ce3fe98	7c97b4b747b1ba5250004be146c803b86f96c7efc29e2b9f790476c741a30f75	04507c0dea0eb643fc4384436b2022f81cb69b7f87c2873ec519d97df345a767	source_specimens_1600.jsonl#RAG-hotpotqa-5a726b0f5542997f827839be:A	0acf3354f180608688bfd78cf32cde699c57deb9389e25f930618db703b6360a	a2cd9e8eb8b569297453908992f01c0fa9b488dd8bbf4374e59d5fea010f3aef	source_specimens_1600.jsonl#RAG-hotpotqa-5a726b0f5542997f827839be:B	RIDI-RAG-NATURE-v2-PROSPECTIVE/C2/QWEN3-BM25-K10-RANDOM	0f7babda273f68e2095343f2fb33f2dca3c8720f95ed87ca3a0f47d1b337b063	NO_AUTHORITATIVE_REQUIREMENT_SPECIFIED	TRUE	Primary registered RAG reference/random pair; exact grade-vector equality verified structurally; endpoints hash-bound without comparing outputs; no authoritative source support-count rule specified.
RAG-hotpotqa-5a726ba35542997f827839c0	db4941b9c53716ecff28ac38129d1020d1217eb94ad748b96fbe56e0e500dd9b	e87229385a41bc8df9f3e834ed3dcb08ede076c380f8dcac7217523d218af78c	76613b23130ad37d16722fed71b73b6d02024b60e26e6d2e6c9c68ad93e6e5a2	source_specimens_1600.jsonl#RAG-hotpotqa-5a726ba35542997f827839c0:A	d8bcac4fdc353a976cbe834d90812763b3f1e925451c241e9b92ee05e44b880b	6e6d24351b32f8bb861232da9ea2b7a5e48ddb094c6ded910e970339e3caade8	source_specimens_1600.jsonl#RAG-hotpotqa-5a726ba35542997f827839c0:B	RIDI-RAG-NATURE-v2-PROSPECTIVE/C2/QWEN3-BM25-K10-RANDOM	0f7babda273f68e2095343f2fb33f2dca3c8720f95ed87ca3a0f47d1b337b063	NO_AUTHORITATIVE_REQUIREMENT_SPECIFIED	TRUE	Primary registered RAG reference/random pair; exact grade-vector equality verified structurally; endpoints hash-bound without comparing outputs; no authoritative source support-count rule specified.
RAG-hotpotqa-5a7270395542992359bc30a8	2c81471c9ec2d140241a38de046931e9107524531d4951c32a9bc7044fddda78	d7fd92abf1aae4fa56bad9acf3029220ca84fcba7abbfe5028692d599bb8c9da	2b40276b8da7c3bb75ac98bc0c1e772b18791018a2b5b92413a402acfab60fa2	source_specimens_1600.jsonl#RAG-hotpotqa-5a7270395542992359bc30a8:A	6dfb4a0ea04cf0d4ac0430c1c01b17d9186e05881802ef0316e97b4f340bc0bf	112c4ffaabeff2bf6732f3f5fee8b2eeaafdc09f9b808b0240c963a675289613	source_specimens_1600.jsonl#RAG-hotpotqa-5a7270395542992359bc30a8:B	RIDI-RAG-NATURE-v2-PROSPECTIVE/C2/QWEN3-BM25-K10-RANDOM	0f7babda273f68e2095343f2fb33f2dca3c8720f95ed87ca3a0f47d1b337b063	NO_AUTHORITATIVE_REQUIREMENT_SPECIFIED	TRUE	Primary registered RAG reference/random pair; exact grade-vector equality verified structurally; endpoints hash-bound without comparing outputs; no authoritative source support-count rule specified.
RAG-hotpotqa-5a7271525542997f827839d0	ae7632eebe4123644fe8a309edbda32ce390155ffc6fed121c29d8bd793bdc19	0bfa455bb4519fd2a6752945759327654793fe5b85b8cfaa1d113d1e79a42c2a	e1ae6dff078463fe42e41e8c998c1b5f0c38e1240e0639a343fb5147c450df47	source_specimens_1600.jsonl#RAG-hotpotqa-5a7271525542997f827839d0:A	3a76a34ae50cc0ef97c53cff57f9ec7c3352155b55708877ad02dd313535a9c6	413f1c3fc5b838c07ebfa33555fbc807a3cd9610b84d01734732e6f0846f91b0	source_specimens_1600.jsonl#RAG-hotpotqa-5a7271525542997f827839d0:B	RIDI-RAG-NATURE-v2-PROSPECTIVE/C2/QWEN3-BM25-K10-RANDOM	0f7babda273f68e2095343f2fb33f2dca3c8720f95ed87ca3a0f47d1b337b063	NO_AUTHORITATIVE_REQUIREMENT_SPECIFIED	TRUE	Primary registered RAG reference/random pair; exact grade-vector equality verified structurally; endpoints hash-bound without comparing outputs; no authoritative source support-count rule specified.
RAG-hotpotqa-5a727a635542994cef4bc2c9	f6a96425ffe9fdaaafb93c75abcfa0fd2d9313ec1434202aeadee59ba362d236	6b043508e75948de4475dccd1003c4726fb5a7aa1995d151a185accee7922d2f	c559574f1a3fd365b2652c8b0ad11882e401c51d5e3c80d19fb4e88678b5f0de	source_specimens_1600.jsonl#RAG-hotpotqa-5a727a635542994cef4bc2c9:A	5bac84473182e5f2b381e2563b449e708c29f73b137d248c88036381a324dfdb	c2029f6def0c88acf975c056b542af61c323bfbba692ae181dc3e38c135f878e	source_specimens_1600.jsonl#RAG-hotpotqa-5a727a635542994cef4bc2c9:B	RIDI-RAG-NATURE-v2-PROSPECTIVE/C2/QWEN3-BM25-K10-RANDOM	0f7babda273f68e2095343f2fb33f2dca3c8720f95ed87ca3a0f47d1b337b063	NO_AUTHORITATIVE_REQUIREMENT_SPECIFIED	TRUE	Primary registered RAG reference/random pair; exact grade-vector equality verified structurally; endpoints hash-bound without comparing outputs; no authoritative source support-count rule specified.
RAG-hotpotqa-5a727ca45542994cef4bc2d8	c59676976d456ef9bd9da4a53d67f5c4d39380b37ebb08193b4c93c31fd3f512	f54c6e22c9f3bce791c7e8467930e8475d61b37921ef55ae335cf3a670366b65	e9595c2a802e1c1fa6bae564a307a77d3c5fdfc3d0bd231d5accd364ccc95a00	source_specimens_1600.jsonl#RAG-hotpotqa-5a727ca45542994cef4bc2d8:A	634697ca2a9d871cc7545ef65b00affca1321d1fb6ca34f6944e00d546e9f2c1	d1258f3b192834d18a62b131252a4c3b1dba73d5664c12f20aa47d6f3c625736	source_specimens_1600.jsonl#RAG-hotpotqa-5a727ca45542994cef4bc2d8:B	RIDI-RAG-NATURE-v2-PROSPECTIVE/C2/QWEN3-BM25-K10-RANDOM	0f7babda273f68e2095343f2fb33f2dca3c8720f95ed87ca3a0f47d1b337b063	NO_AUTHORITATIVE_REQUIREMENT_SPECIFIED	TRUE	Primary registered RAG reference/random pair; exact grade-vector equality verified structurally; endpoints hash-bound without comparing outputs; no authoritative source support-count rule specified.
RAG-hotpotqa-5a727e1b5542991f9a20c497	72e015969e4a6376b182d4535bf42880b23f68b25eec7342fb8814c3d28fa9bc	3771acafa5f3b88df352d5011252245b13c2786c3348d31e26ff45d5d66c7f86	119560fed781bc88f13fcf700c8a948a0529cc3ea89955dfd71b0b47b0931d5b	source_specimens_1600.jsonl#RAG-hotpotqa-5a727e1b5542991f9a20c497:A	31e0432ff8658ff391782d207a676ee3d4e85bb83d8522daa47328b143cfeee1	2cc5f4052ccb24d05546bc1000520873dc9ff73f2fa436dcfb3e127911dc4f98	source_specimens_1600.jsonl#RAG-hotpotqa-5a727e1b5542991f9a20c497:B	RIDI-RAG-NATURE-v2-PROSPECTIVE/C2/QWEN3-BM25-K10-RANDOM	0f7babda273f68e2095343f2fb33f2dca3c8720f95ed87ca3a0f47d1b337b063	NO_AUTHORITATIVE_REQUIREMENT_SPECIFIED	TRUE	Primary registered RAG reference/random pair; exact grade-vector equality verified structurally; endpoints hash-bound without comparing outputs; no authoritative source support-count rule specified.
RAG-hotpotqa-5a7280105542994cef4bc2e4	230d312508312a8e8a6f9c27e0f11694dcef6e89b5d6537f02a3531d14f1e975	921f1959deac4c0b79cef46ee25e71b46a9e33c17b261f38b465a85c2cd78ea9	70a9b5b02f81560669c5ba0cc138f93fcc1f006b17a619b27d78a0a129896812	source_specimens_1600.jsonl#RAG-hotpotqa-5a7280105542994cef4bc2e4:A	786c377405eb68289bb52a652a1c0b0ab6ab897b910cdaee888c54408d14ce5c	e6a72e35fbc0bc8f29859ba552908525c6ee6a0549f24ff97ac2f554b7048c30	source_specimens_1600.jsonl#RAG-hotpotqa-5a7280105542994cef4bc2e4:B	RIDI-RAG-NATURE-v2-PROSPECTIVE/C2/QWEN3-BM25-K10-RANDOM	0f7babda273f68e2095343f2fb33f2dca3c8720f95ed87ca3a0f47d1b337b063	NO_AUTHORITATIVE_REQUIREMENT_SPECIFIED	TRUE	Primary registered RAG reference/random pair; exact grade-vector equality verified structurally; endpoints hash-bound without comparing outputs; no authoritative source support-count rule specified.
RAG-hotpotqa-5a7280925542991f9a20c4a1	2f72be201e9f61496e289bb2aa19da70d20a19f4d82e297659433c2f1ae5d1e9	b31f0859da98b866a714ed8644d60abf9b23f91adbe3d96aac1d958138559c86	b5ba83629a5507ae21150dca973a2501e865e66472466da4dc8cba29ecdf8cce	source_specimens_1600.jsonl#RAG-hotpotqa-5a7280925542991f9a20c4a1:A	35b4daf5e108b2b0a1f1361f87183f80b2d3efa8bd74e06057b561d957188d01	4a3a72f584e9746dd469d97deeaeb219e5fe8273088fad0e13ec2870b1467ef8	source_specimens_1600.jsonl#RAG-hotpotqa-5a7280925542991f9a20c4a1:B	RIDI-RAG-NATURE-v2-PROSPECTIVE/C2/QWEN3-BM25-K10-RANDOM	0f7babda273f68e2095343f2fb33f2dca3c8720f95ed87ca3a0f47d1b337b063	NO_AUTHORITATIVE_REQUIREMENT_SPECIFIED	TRUE	Primary registered RAG reference/random pair; exact grade-vector equality verified structurally; endpoints hash-bound without comparing outputs; no authoritative source support-count rule specified.
RAG-hotpotqa-5a7281075542994cef4bc2e9	f5b352332426e0db466d2bc32bff6b7aa16a742f0e37d253fa11705f482e95c8	fa114f9862ff2af04ebb0b1230fcb399e4cddaad9e9e9bf43caf08aebcf77e29	37631bfd19d3779d841b0e8a9cba41c398a302dd0957b7d407287f4ef7bd4107	source_specimens_1600.jsonl#RAG-hotpotqa-5a7281075542994cef4bc2e9:A	009dd14a039aae0cc88dac6d3675af94535fe4db0e72555a6f40688526710e21	2b32f177d657fb195a743e75263b6d0d32691653aa4768d2b2248d5832e481e7	source_specimens_1600.jsonl#RAG-hotpotqa-5a7281075542994cef4bc2e9:B	RIDI-RAG-NATURE-v2-PROSPECTIVE/C2/QWEN3-BM25-K10-RANDOM	0f7babda273f68e2095343f2fb33f2dca3c8720f95ed87ca3a0f47d1b337b063	NO_AUTHORITATIVE_REQUIREMENT_SPECIFIED	TRUE	Primary registered RAG reference/random pair; exact grade-vector equality verified structurally; endpoints hash-bound without comparing outputs; no authoritative source support-count rule specified.
RAG-hotpotqa-5a72814f5542994cef4bc2eb	cc83c55b21ed3cd115944b9f574d15ad7ed8e6bcb9ea255d5f9ca69e82d2e29a	7b566bedfaa5c06d2ed662838aea707ec54a709974f39ebe41888a0308cd6e3e	4e96464d9607abd0eb4d76d427b93c572421e1b4f2df6564f41204de8605f758	source_specimens_1600.jsonl#RAG-hotpotqa-5a72814f5542994cef4bc2eb:A	e3bbf1f5cfd9ebc78cb6e04a420b7693caf36f06fcf945ba2efd2c79b409b16d	9ec9ac3be60399f927b271c42aee820234832dbe0d6436baa5b178ab93c24a63	source_specimens_1600.jsonl#RAG-hotpotqa-5a72814f5542994cef4bc2eb:B	RIDI-RAG-NATURE-v2-PROSPECTIVE/C2/QWEN3-BM25-K10-RANDOM	0f7babda273f68e2095343f2fb33f2dca3c8720f95ed87ca3a0f47d1b337b063	NO_AUTHORITATIVE_REQUIREMENT_SPECIFIED	TRUE	Primary registered RAG reference/random pair; exact grade-vector equality verified structurally; endpoints hash-bound without comparing outputs; no authoritative source support-count rule specified.
RAG-hotpotqa-5a72830e5542994cef4bc2f9	ef6533001810414b19f5c6958dbe218b35ff4ffea399452fe543a2ac5ded8463	d59afeefca842fee323e8d3721943e9686b2a58447da33ac1bc6480a087cd3b0	f10781687f6926d79390ec3e3a7325b7779517a865307a5e997859fb99878ba8	source_specimens_1600.jsonl#RAG-hotpotqa-5a72830e5542994cef4bc2f9:A	a006a5428c58bb3647acf1da0722929b323f845534ec2c7109a321e2c7db76c2	a55819899e644ce8a7e309f0ba96638aed7d5f7cb039f205d9c8738ebe17679f	source_specimens_1600.jsonl#RAG-hotpotqa-5a72830e5542994cef4bc2f9:B	RIDI-RAG-NATURE-v2-PROSPECTIVE/C2/QWEN3-BM25-K10-RANDOM	0f7babda273f68e2095343f2fb33f2dca3c8720f95ed87ca3a0f47d1b337b063	NO_AUTHORITATIVE_REQUIREMENT_SPECIFIED	TRUE	Primary registered RAG reference/random pair; exact grade-vector equality verified structurally; endpoints hash-bound without comparing outputs; no authoritative source support-count rule specified.
RAG-hotpotqa-5a7283355542991f9a20c4b1	5546b20f7da6dbc16a33ff05ddfa0f6dbaf6d6c034afdcdcd6d78f42e2478c4d	0c2e2c5a0bb6e1205d2ca06fa1a334cc40c578189ac0bebd0897d4acd4474614	73d726eae9473eb86900d3348d8da0aec26e9ecc0501cd8f60c9819a56b82cba	source_specimens_1600.jsonl#RAG-hotpotqa-5a7283355542991f9a20c4b1:A	a4a3a38d0b72ce2b5e1f4004d5bbc10dbd41a5a6c99b7158ec8bc086c1443e2d	d1372ef5bffb8b14c50815b5637cee270d1b3a4ccdb42c09a71ea37d7d944a44	source_specimens_1600.jsonl#RAG-hotpotqa-5a7283355542991f9a20c4b1:B	RIDI-RAG-NATURE-v2-PROSPECTIVE/C2/QWEN3-BM25-K10-RANDOM	0f7babda273f68e2095343f2fb33f2dca3c8720f95ed87ca3a0f47d1b337b063	NO_AUTHORITATIVE_REQUIREMENT_SPECIFIED	TRUE	Primary registered RAG reference/random pair; exact grade-vector equality verified structurally; endpoints hash-bound without comparing outputs; no authoritative source support-count rule specified.
RAG-hotpotqa-5a7283365542991f9a20c4b2	9f2b697f638800f6b31b473cf18b0e61563129335e736757882e4499a4afea02	1017f03d167b7d2b8d042f5b02ffa2d42655bdad4469dd9752c64b9b195beaab	1100eae34b7f2d822123219dc76ccdac607375f32416136d8ed8f79e8d25650e	source_specimens_1600.jsonl#RAG-hotpotqa-5a7283365542991f9a20c4b2:A	48948f88ed1257821b943f93ac822e5b8123aca9aeb33adcb81e74e1d229c0a1	98272cdadfa990c4841e23fc7c1c1d0f376c36402e1b6b950b9367947fc5092d	source_specimens_1600.jsonl#RAG-hotpotqa-5a7283365542991f9a20c4b2:B	RIDI-RAG-NATURE-v2-PROSPECTIVE/C2/QWEN3-BM25-K10-RANDOM	0f7babda273f68e2095343f2fb33f2dca3c8720f95ed87ca3a0f47d1b337b063	NO_AUTHORITATIVE_REQUIREMENT_SPECIFIED	TRUE	Primary registered RAG reference/random pair; exact grade-vector equality verified structurally; endpoints hash-bound without comparing outputs; no authoritative source support-count rule specified.
RAG-hotpotqa-5a7284c85542991f9a20c4c0	6917ae0efd7dde388db8feba6f36118f18a546ebcbbb825529bd9248c99d9eb5	3c33347f0343dced1a047c3a1a2988805d283664446d93c31b944bff41a681ee	52cf8b3e3d35f4714cace4bd7cacd4ab75f5a6beb90946e9eaa53b7fb878e8aa	source_specimens_1600.jsonl#RAG-hotpotqa-5a7284c85542991f9a20c4c0:A	3298526543b61aed26cb153894ec10afdf46d21ead0ba933b59529888db4515f	6f4d876aef4f8fb88a2cd8ef9b44e547261710614233f7fde11f2b35c1fb0339	source_specimens_1600.jsonl#RAG-hotpotqa-5a7284c85542991f9a20c4c0:B	RIDI-RAG-NATURE-v2-PROSPECTIVE/C2/QWEN3-BM25-K10-RANDOM	0f7babda273f68e2095343f2fb33f2dca3c8720f95ed87ca3a0f47d1b337b063	NO_AUTHORITATIVE_REQUIREMENT_SPECIFIED	TRUE	Primary registered RAG reference/random pair; exact grade-vector equality verified structurally; endpoints hash-bound without comparing outputs; no authoritative source support-count rule specified.
RAG-hotpotqa-5a7286865542991f9a20c4cb	9c41c9057bf9099a19bd9e8dcf7929fda3c958ccf6b1606f387fc8405ab701d9	a38ace98dba93b4ac751a47e21b0c253a584687f547081253cdd5df3c4cbf047	8197e3f5b4baed2b616d2e3d0111d3ad7555d541b01020f999dc2566402f31f3	source_specimens_1600.jsonl#RAG-hotpotqa-5a7286865542991f9a20c4cb:A	610c801c29a5ae508ab221904e8f88345ad3fb098920f81dc70dfcb5cd6b97cf	5ecb6eb5d0ad0a19f8870c9dc79e13195d94ec984c541a715b1bc5ff2413cade	source_specimens_1600.jsonl#RAG-hotpotqa-5a7286865542991f9a20c4cb:B	RIDI-RAG-NATURE-v2-PROSPECTIVE/C2/QWEN3-BM25-K10-RANDOM	0f7babda273f68e2095343f2fb33f2dca3c8720f95ed87ca3a0f47d1b337b063	NO_AUTHORITATIVE_REQUIREMENT_SPECIFIED	TRUE	Primary registered RAG reference/random pair; exact grade-vector equality verified structurally; endpoints hash-bound without comparing outputs; no authoritative source support-count rule specified.
RAG-hotpotqa-5a728b1c5542992359bc30e0	a6a5ee292542bc4d22997bd8fb9c4b2802cce226c0b8d3dc941c1e9d4462bead	4533e4e9ef29248c283215668486812d0ebb1fb0e00ba8aba44514fe3ef2acea	bc4c20c10bfc1c37153b8cc25a36397a2aebe509364ef993338f7ccbc1be3b6a	source_specimens_1600.jsonl#RAG-hotpotqa-5a728b1c5542992359bc30e0:A	b759083940e76a0fb3f0e3641688900e162f7243cdb7e22467cf04fbfdb84014	423f2528f01ec22124c5bfc935cfa9d56aa50c8a8e17c974a39604155225e089	source_specimens_1600.jsonl#RAG-hotpotqa-5a728b1c5542992359bc30e0:B	RIDI-RAG-NATURE-v2-PROSPECTIVE/C2/QWEN3-BM25-K10-RANDOM	0f7babda273f68e2095343f2fb33f2dca3c8720f95ed87ca3a0f47d1b337b063	NO_AUTHORITATIVE_REQUIREMENT_SPECIFIED	TRUE	Primary registered RAG reference/random pair; exact grade-vector equality verified structurally; endpoints hash-bound without comparing outputs; no authoritative source support-count rule specified.
RAG-hotpotqa-5a728dc65542992359bc30ef	a52a8c3b8eb168d19b046d35d2b058dfcaed325e1794dabcd9b1f99abde5e93a	638227b6bf0b789297873fe26981877e9cc781eebba391815b1016481fde46ad	2ed4e9169279391d8eef9740b0ca0f989226a6d16bbe0a6a601053eb9287c41b	source_specimens_1600.jsonl#RAG-hotpotqa-5a728dc65542992359bc30ef:A	8a8d9454e97e110155ee423a70e0f74535998a1a4bd5094580dd2cf62718448c	b52adaf713dfe1605d967c9f8da9dda6ba0cb0d55c77c648b4dd34bded0e38a7	source_specimens_1600.jsonl#RAG-hotpotqa-5a728dc65542992359bc30ef:B	RIDI-RAG-NATURE-v2-PROSPECTIVE/C2/QWEN3-BM25-K10-RANDOM	0f7babda273f68e2095343f2fb33f2dca3c8720f95ed87ca3a0f47d1b337b063	NO_AUTHORITATIVE_REQUIREMENT_SPECIFIED	TRUE	Primary registered RAG reference/random pair; exact grade-vector equality verified structurally; endpoints hash-bound without comparing outputs; no authoritative source support-count rule specified.
RAG-hotpotqa-5a728f015542991f9a20c4e4	eaf75ed2886d41c58876f27433f5cf91c37b90bf7896d17eec88746d0eab735d	c4696a3d601b83e577afd529c5f89c1c915e00b2781a3fd3863459b8ebaf4405	8a57d5818a42dac5f16bd21453e8acdb36b1bc2d94df81afa2166e5081a3cb2b	source_specimens_1600.jsonl#RAG-hotpotqa-5a728f015542991f9a20c4e4:A	84e6b606db213ecf3fd4e56ab472de37919e47cf4bd3bc1c57e625a91433b520	5c0cc453937c261ba582d2a28c21a66dde002bd364a9d0beedd1d638408a439a	source_specimens_1600.jsonl#RAG-hotpotqa-5a728f015542991f9a20c4e4:B	RIDI-RAG-NATURE-v2-PROSPECTIVE/C2/QWEN3-BM25-K10-RANDOM	0f7babda273f68e2095343f2fb33f2dca3c8720f95ed87ca3a0f47d1b337b063	NO_AUTHORITATIVE_REQUIREMENT_SPECIFIED	TRUE	Primary registered RAG reference/random pair; exact grade-vector equality verified structurally; endpoints hash-bound without comparing outputs; no authoritative source support-count rule specified.
RAG-hotpotqa-5a728f3c5542992359bc30f4	e6c92624151ec336106f54dd0a99e038b251d83e30c8ab263584511f9566a54b	09abb9e5c4f05109ac62aedb19232d7ab91b7d5775823b3c58d817f433b2ebf8	61a71fc7a404c6d89fbf5c535acfb95a3761dbcf2c2e78fe2e0f79a21ad18fc9	source_specimens_1600.jsonl#RAG-hotpotqa-5a728f3c5542992359bc30f4:A	1afe66b7faf4a3257701ae5e2771e634b5f4449ad1c7be1bd488b84d93c39315	e815d1c062322d3fafcb04181a73c9b059991ddf6ca855341b1e7aae494cbef2	source_specimens_1600.jsonl#RAG-hotpotqa-5a728f3c5542992359bc30f4:B	RIDI-RAG-NATURE-v2-PROSPECTIVE/C2/QWEN3-BM25-K10-RANDOM	0f7babda273f68e2095343f2fb33f2dca3c8720f95ed87ca3a0f47d1b337b063	NO_AUTHORITATIVE_REQUIREMENT_SPECIFIED	TRUE	Primary registered RAG reference/random pair; exact grade-vector equality verified structurally; endpoints hash-bound without comparing outputs; no authoritative source support-count rule specified.
RAG-hotpotqa-5a728f505542992359bc30f5	eff4337291455c417b2e7f1c4b99c0ca857d28119855aae803d79e33be581498	ed59ed6d4f24b2d14d0e74b7010c0e66588c733b9e93675d1282a9fdb3d4ae8e	b60a7f292f0a65da87af21a8a1824e7478ac75e6a1862ed24369d1f3677afa72	source_specimens_1600.jsonl#RAG-hotpotqa-5a728f505542992359bc30f5:A	f2319e39c2a8987b1ffc233a76c24e6d645c852d85a9c6f9f02e4eb961acf9ca	f0df26b78f9f7e1a99a2438f972a7ff0cf6cf34dc8488e30558ef2ea19748053	source_specimens_1600.jsonl#RAG-hotpotqa-5a728f505542992359bc30f5:B	RIDI-RAG-NATURE-v2-PROSPECTIVE/C2/QWEN3-BM25-K10-RANDOM	0f7babda273f68e2095343f2fb33f2dca3c8720f95ed87ca3a0f47d1b337b063	NO_AUTHORITATIVE_REQUIREMENT_SPECIFIED	TRUE	Primary registered RAG reference/random pair; exact grade-vector equality verified structurally; endpoints hash-bound without comparing outputs; no authoritative source support-count rule specified.
RAG-hotpotqa-5a728f745542991f9a20c4e6	4bc4514462ad2858766bc0b4107da74df749d41729c23eb8daaf8a262251fb62	9c0d050a23efabf1111c93378d8decc53a5d6f3504829ef93f0afa2ff6db4faa	63ad60cfc55550893129a598ab03306af6f521d4722db035c07ec8b81f2cbcfa	source_specimens_1600.jsonl#RAG-hotpotqa-5a728f745542991f9a20c4e6:A	d50d4b13a29ee038f341e833f282dc41477aed68c63d5a6f74d7aa77c7582f63	64f6842eefdc22acbbc85f97cb21edae3c737fa3df82ecf45f50a490f98cbaa9	source_specimens_1600.jsonl#RAG-hotpotqa-5a728f745542991f9a20c4e6:B	RIDI-RAG-NATURE-v2-PROSPECTIVE/C2/QWEN3-BM25-K10-RANDOM	0f7babda273f68e2095343f2fb33f2dca3c8720f95ed87ca3a0f47d1b337b063	NO_AUTHORITATIVE_REQUIREMENT_SPECIFIED	TRUE	Primary registered RAG reference/random pair; exact grade-vector equality verified structurally; endpoints hash-bound without comparing outputs; no authoritative source support-count rule specified.
RAG-hotpotqa-5a728fbd5542992359bc30f8	883a9244b5139d0b1bb1081c06e41bd80c2e23d6dcb1c9eb2aae3949ab6ea647	4919c7fbfcee8e4c6046495dd29d07bebfa9959237a41640f90ee784f649d5df	ea82f77a9f746871d232f7c622c0e78f03551d07d175145d8027020f948e500f	source_specimens_1600.jsonl#RAG-hotpotqa-5a728fbd5542992359bc30f8:A	9e57f18f9e43df1e8e58f9b1d1ac1c3b4c2a67702e1daaca0600653eb33d1d70	1a18f73de31983b8ccaf48ed102f27fe9ca57852f8b11858f5c5c53c3cf9de62	source_specimens_1600.jsonl#RAG-hotpotqa-5a728fbd5542992359bc30f8:B	RIDI-RAG-NATURE-v2-PROSPECTIVE/C2/QWEN3-BM25-K10-RANDOM	0f7babda273f68e2095343f2fb33f2dca3c8720f95ed87ca3a0f47d1b337b063	NO_AUTHORITATIVE_REQUIREMENT_SPECIFIED	TRUE	Primary registered RAG reference/random pair; exact grade-vector equality verified structurally; endpoints hash-bound without comparing outputs; no authoritative source support-count rule specified.
RAG-hotpotqa-5a72908f5542994cef4bc33b	995110a6b34f11138ae23ca7a4c34596b961cea0fe7def836293cf63e37e06b0	b701076ee650f80c549b546d566e64452a8739f11d7b026fd274c6c69d2af5df	adeff21285bdc9d3b0b5604063951d1a0a36c77a118fb8e99a7b71dc91422078	source_specimens_1600.jsonl#RAG-hotpotqa-5a72908f5542994cef4bc33b:A	decc4fa399b786d20e41bd749570c3adb8715a0ccbc3cca849d6e1f968e9e529	273d6ec89893a729fead7c314f0c4a6690c87daffeaeb0fcdf62f9828743e170	source_specimens_1600.jsonl#RAG-hotpotqa-5a72908f5542994cef4bc33b:B	RIDI-RAG-NATURE-v2-PROSPECTIVE/C2/QWEN3-BM25-K10-RANDOM	0f7babda273f68e2095343f2fb33f2dca3c8720f95ed87ca3a0f47d1b337b063	NO_AUTHORITATIVE_REQUIREMENT_SPECIFIED	TRUE	Primary registered RAG reference/random pair; exact grade-vector equality verified structurally; endpoints hash-bound without comparing outputs; no authoritative source support-count rule specified.
RAG-hotpotqa-5a7291c35542991f9a20c4f4	f7bfbfc7b6fbf194cf30646753d14efe617a153871033614faa8f9b76be1c14b	e7652da13ead1543e9ba2860c578fb870a7cdd3aeae88460374ec1b6eb22b91b	207439063f468f996533f4bb5a029be3d6ccd656e459d299436ac84d03fbc54e	source_specimens_1600.jsonl#RAG-hotpotqa-5a7291c35542991f9a20c4f4:A	6b534d7deb41b8477d63534d240ce85d78ae58b8a8dd94760ea2483534509d97	fcfe2bd6dea5af8ef67a9b0635b7fcf7dde212ff78756973795f39a1d0259645	source_specimens_1600.jsonl#RAG-hotpotqa-5a7291c35542991f9a20c4f4:B	RIDI-RAG-NATURE-v2-PROSPECTIVE/C2/QWEN3-BM25-K10-RANDOM	0f7babda273f68e2095343f2fb33f2dca3c8720f95ed87ca3a0f47d1b337b063	NO_AUTHORITATIVE_REQUIREMENT_SPECIFIED	TRUE	Primary registered RAG reference/random pair; exact grade-vector equality verified structurally; endpoints hash-bound without comparing outputs; no authoritative source support-count rule specified.
RAG-hotpotqa-5a7292385542994cef4bc342	144b2883a103bd639c5cb3c382adebefcaecb34374bb9c1d8de0ee6f607f53aa	72aad9aba6e6a201f8fca9cc840e49ac270da81e1bff68c00037fa0baa27f210	c22e23d1e9bfbdef402974b841dbd8c8569baf96a0e932c2c0d4518a8c891381	source_specimens_1600.jsonl#RAG-hotpotqa-5a7292385542994cef4bc342:A	8b61e2d7021b0f5789cc3a5a7f6e66af6410b13360224951ddb4b45913dda538	d8e7a96ad950d117c6819ffe92b888c25ff0de7d01cf24f57c11dcf9506a66b7	source_specimens_1600.jsonl#RAG-hotpotqa-5a7292385542994cef4bc342:B	RIDI-RAG-NATURE-v2-PROSPECTIVE/C2/QWEN3-BM25-K10-RANDOM	0f7babda273f68e2095343f2fb33f2dca3c8720f95ed87ca3a0f47d1b337b063	NO_AUTHORITATIVE_REQUIREMENT_SPECIFIED	TRUE	Primary registered RAG reference/random pair; exact grade-vector equality verified structurally; endpoints hash-bound without comparing outputs; no authoritative source support-count rule specified.
RAG-hotpotqa-5a7293655542991f9a20c4ff	60a9002f45ab120eb652de29b3ef213507381444539788627f18bc8012b01755	f31efb2e983fe80d8d900800daddeb1acc84548835362a1b70a36470b0cf77fe	cd14018038d5a7137cf4f7c271b03a82b8d8d9a99751e59374c229250bb04586	source_specimens_1600.jsonl#RAG-hotpotqa-5a7293655542991f9a20c4ff:A	1079e0c215f62508d4c3329165ec2ab42d4bb3af82eb4a0ad128a7f9cad9d08f	6f3dd2fb27018945c271fcdb9a11ba97840adcf297d4dd0c0a3466a1509e4914	source_specimens_1600.jsonl#RAG-hotpotqa-5a7293655542991f9a20c4ff:B	RIDI-RAG-NATURE-v2-PROSPECTIVE/C2/QWEN3-BM25-K10-RANDOM	0f7babda273f68e2095343f2fb33f2dca3c8720f95ed87ca3a0f47d1b337b063	NO_AUTHORITATIVE_REQUIREMENT_SPECIFIED	TRUE	Primary registered RAG reference/random pair; exact grade-vector equality verified structurally; endpoints hash-bound without comparing outputs; no authoritative source support-count rule specified.
RAG-hotpotqa-5a72944c5542994cef4bc351	11c6dfd18e6ec0fba3dbc5346c84c55d7a3d714641a87224043ba1f80ecd3ce6	cb851a98918995fa416b6d1ec8d46150bcd55caaf06080f5dad398882eb9793d	fb0a4a5e3bd1600adec42f55f217acb656bacc8c2d11e937806da5edfe63a83e	source_specimens_1600.jsonl#RAG-hotpotqa-5a72944c5542994cef4bc351:A	ef5ae3234dba35c81dad567f5bad24c978c0763befe498f46bd19fd2637dfa01	4de26e6a9fc7c1770bf9a698c24720373b96e2f495caf867aa78dbc593bb93db	source_specimens_1600.jsonl#RAG-hotpotqa-5a72944c5542994cef4bc351:B	RIDI-RAG-NATURE-v2-PROSPECTIVE/C2/QWEN3-BM25-K10-RANDOM	0f7babda273f68e2095343f2fb33f2dca3c8720f95ed87ca3a0f47d1b337b063	NO_AUTHORITATIVE_REQUIREMENT_SPECIFIED	TRUE	Primary registered RAG reference/random pair; exact grade-vector equality verified structurally; endpoints hash-bound without comparing outputs; no authoritative source support-count rule specified.
RAG-hotpotqa-5a7294b65542991f9a20c509	69d423ead9453977662e94a9fde6e3d30082612938a26c08d180faafde41634a	f631c650836b3cada40a8a25fcf0a12f175649598f89b84ef253bfee00dfa9bf	714a5a21dee8ffc145c6e3005bbcfd890cc5b24a664919846d9fd03f3f1f2679	source_specimens_1600.jsonl#RAG-hotpotqa-5a7294b65542991f9a20c509:A	33cc70c2212bcde8a838f859d2f3fe7339ba4ba7b224bacf8111ab049767fe16	ab51bc04b73c03f75c9e61f0b7439585500e8d864eac73a9132aa3203b05812d	source_specimens_1600.jsonl#RAG-hotpotqa-5a7294b65542991f9a20c509:B	RIDI-RAG-NATURE-v2-PROSPECTIVE/C2/QWEN3-BM25-K10-RANDOM	0f7babda273f68e2095343f2fb33f2dca3c8720f95ed87ca3a0f47d1b337b063	NO_AUTHORITATIVE_REQUIREMENT_SPECIFIED	TRUE	Primary registered RAG reference/random pair; exact grade-vector equality verified structurally; endpoints hash-bound without comparing outputs; no authoritative source support-count rule specified.
RAG-hotpotqa-5a72953b5542994cef4bc357	d42a99c08cbe32d8698363bd7db47cc682bee63194e20044d63a469de3f40911	aaad4e197080065b02a1d8f63ef16cc31ad12fce4c8c475ca7670ff646e8d6be	bbf1c3866e794e7cee3a47338d32f8e3e13f5641146eed82630d5fb11125f284	source_specimens_1600.jsonl#RAG-hotpotqa-5a72953b5542994cef4bc357:A	53f68cf5f39312d001feb6afc51e7587ae81032240401c6ab940f6ce1210e39f	12e87f53a7bf15d1b4d449e2f5f181ec65c732445ed7653167b78db17f664c34	source_specimens_1600.jsonl#RAG-hotpotqa-5a72953b5542994cef4bc357:B	RIDI-RAG-NATURE-v2-PROSPECTIVE/C2/QWEN3-BM25-K10-RANDOM	0f7babda273f68e2095343f2fb33f2dca3c8720f95ed87ca3a0f47d1b337b063	NO_AUTHORITATIVE_REQUIREMENT_SPECIFIED	TRUE	Primary registered RAG reference/random pair; exact grade-vector equality verified structurally; endpoints hash-bound without comparing outputs; no authoritative source support-count rule specified.
RAG-hotpotqa-5a7296815542991f9a20c515	35f14538b7882cbb627ccf4121b52b06173e369dc0b3b9afddbb7a736885191e	48bde45c625cda42237f8b97e62b2782b4d0e82af63ba053e709fd46ddb90171	e9876a6d1b8027c8141394720b0bbb8aaea5c89e59584aed69be31ee24cd4709	source_specimens_1600.jsonl#RAG-hotpotqa-5a7296815542991f9a20c515:A	dc900965bd2b6ed8b9148f4f02c8d4fd5f30c30a776f6ca212b23983f2931639	195a74a3874b51df076e99a90d2ec5ea0613bc248c5f12ca87e25eaada02a1a5	source_specimens_1600.jsonl#RAG-hotpotqa-5a7296815542991f9a20c515:B	RIDI-RAG-NATURE-v2-PROSPECTIVE/C2/QWEN3-BM25-K10-RANDOM	0f7babda273f68e2095343f2fb33f2dca3c8720f95ed87ca3a0f47d1b337b063	NO_AUTHORITATIVE_REQUIREMENT_SPECIFIED	TRUE	Primary registered RAG reference/random pair; exact grade-vector equality verified structurally; endpoints hash-bound without comparing outputs; no authoritative source support-count rule specified.
RAG-hotpotqa-5a7299465542992359bc3131	6b729850a170d0dad18ce92570f5ca435b853062de5c03374e9d1c869729b084	04926d092fc5f4f7521ca323d914b3112e3806912629381b854604661f1000bc	e543e5571c0336ad6659b0700c3e24ff344571b3391f7f16fb138aa473e383a7	source_specimens_1600.jsonl#RAG-hotpotqa-5a7299465542992359bc3131:A	2cf3107914f9e6279b5a52ed3bf1c7fcaba276d61b0840f07f3d56c6c57a3fe4	b75fdf9119b3474041c688c53c447c90b12885f0ec195640c12bba0d47fbf39d	source_specimens_1600.jsonl#RAG-hotpotqa-5a7299465542992359bc3131:B	RIDI-RAG-NATURE-v2-PROSPECTIVE/C2/QWEN3-BM25-K10-RANDOM	0f7babda273f68e2095343f2fb33f2dca3c8720f95ed87ca3a0f47d1b337b063	NO_AUTHORITATIVE_REQUIREMENT_SPECIFIED	TRUE	Primary registered RAG reference/random pair; exact grade-vector equality verified structurally; endpoints hash-bound without comparing outputs; no authoritative source support-count rule specified.
RAG-hotpotqa-5a7299e75542991f9a20c524	1ea20a9e24b3e7df8aa3c1b583cdff0b38405a7259444ee76f64dfeb64b078b3	d3e138214f7c253dc1f0d16d524773ec93936b78be854c12b5c973a891ac135c	febd72973512ecc0e82de952384255cbbcfd633cdfc93e5f6e1e10da25533b8a	source_specimens_1600.jsonl#RAG-hotpotqa-5a7299e75542991f9a20c524:A	d8efbbbc7ff44030f80146b3d51e71fbd3458e2a45cf144ab56d2dd385063d63	3c800589b613f4e879a8db6fa00f07767a9ee87c35ceed051935468f8fe85610	source_specimens_1600.jsonl#RAG-hotpotqa-5a7299e75542991f9a20c524:B	RIDI-RAG-NATURE-v2-PROSPECTIVE/C2/QWEN3-BM25-K10-RANDOM	0f7babda273f68e2095343f2fb33f2dca3c8720f95ed87ca3a0f47d1b337b063	NO_AUTHORITATIVE_REQUIREMENT_SPECIFIED	TRUE	Primary registered RAG reference/random pair; exact grade-vector equality verified structurally; endpoints hash-bound without comparing outputs; no authoritative source support-count rule specified.
RAG-hotpotqa-5a729cc25542991f9a20c532	fbd59068e1e4f31cd970dd752628a8e11f82b5017b9766d07a04a510e45776a1	729539d3007dba78c92dc191e67919b75223d159a16d5238a7bcb3f80bf24947	397488058bd0eaaa7b713e71b256cbec097e89b03c5334f9c3e8f3fccb338d04	source_specimens_1600.jsonl#RAG-hotpotqa-5a729cc25542991f9a20c532:A	a5d99ba8a039de42035d28b790e2be64d724ceead2941962abd560c87714c2ad	fe38a5dcc00e08c48dbb27c0bcdaf36c1b50781838b1f3fa84229a01e47ec995	source_specimens_1600.jsonl#RAG-hotpotqa-5a729cc25542991f9a20c532:B	RIDI-RAG-NATURE-v2-PROSPECTIVE/C2/QWEN3-BM25-K10-RANDOM	0f7babda273f68e2095343f2fb33f2dca3c8720f95ed87ca3a0f47d1b337b063	NO_AUTHORITATIVE_REQUIREMENT_SPECIFIED	TRUE	Primary registered RAG reference/random pair; exact grade-vector equality verified structurally; endpoints hash-bound without comparing outputs; no authoritative source support-count rule specified.
RAG-hotpotqa-5a729e7b5542992359bc313d	77d3b21effc0274e094811b3ce73c922e57a1e6d585e10b07bd99f2f866d6ead	174ee08d70d78f05ba8990e512fde0f3bd6ad969f422126e09a5acb9e5161542	3b11d4b18c16846e8bf0e255f3ff68dacd817a86d6ce1e63490de1893dcfca8c	source_specimens_1600.jsonl#RAG-hotpotqa-5a729e7b5542992359bc313d:A	39d6c17b882c1656b1d5fa5885c16355f2871c2ea20010f7ccae1437cb3527ba	4934e77d0363544f3a48fad069fc3d483fe93d89ed39bde9e70fc46f79c79df4	source_specimens_1600.jsonl#RAG-hotpotqa-5a729e7b5542992359bc313d:B	RIDI-RAG-NATURE-v2-PROSPECTIVE/C2/QWEN3-BM25-K10-RANDOM	0f7babda273f68e2095343f2fb33f2dca3c8720f95ed87ca3a0f47d1b337b063	NO_AUTHORITATIVE_REQUIREMENT_SPECIFIED	TRUE	Primary registered RAG reference/random pair; exact grade-vector equality verified structurally; endpoints hash-bound without comparing outputs; no authoritative source support-count rule specified.
RAG-hotpotqa-5a729fa15542994cef4bc397	108d0f6a29419f85900faa7fc145729c9b0b4e180be65e1f0926ccf7b1ff2bbc	648eda3eb66ff373060402a2cc4daf04bd0ceb251b3e3312160aba3506a95642	8d703d154d2d97c64dd2ed2f812c618c6b40c28c8b7de31fb86fc68114a0a9da	source_specimens_1600.jsonl#RAG-hotpotqa-5a729fa15542994cef4bc397:A	9f7d4ce8bace0e3331fe7792af34c27a418666bd6413662afa74fe96b2bc0189	fdfccc42cf9c3d7e50fc9a849d2d1592303a79f9c3309e57f2de6ea15d6955e2	source_specimens_1600.jsonl#RAG-hotpotqa-5a729fa15542994cef4bc397:B	RIDI-RAG-NATURE-v2-PROSPECTIVE/C2/QWEN3-BM25-K10-RANDOM	0f7babda273f68e2095343f2fb33f2dca3c8720f95ed87ca3a0f47d1b337b063	NO_AUTHORITATIVE_REQUIREMENT_SPECIFIED	TRUE	Primary registered RAG reference/random pair; exact grade-vector equality verified structurally; endpoints hash-bound without comparing outputs; no authoritative source support-count rule specified.
RAG-hotpotqa-5a729fe55542991f9a20c53b	715f1dee26bb209491e1f2ba00372020e85bd2fbe39bf1c9818cc9f5b5c293ab	272729338684a645c453ccf74b8b26958a0daea0b870db2b9f971c47a26d7c25	2957786f9285d7456813a1e8f9d3158f68b48d86b9e0e39e46ae4faa480e1349	source_specimens_1600.jsonl#RAG-hotpotqa-5a729fe55542991f9a20c53b:A	af3ad88e17a765174a28083ba0340cd932dffe4c3caac26a6c561f9e152fa931	886dbe6b096b20d9c72bc4cd0fab8b1035890f2ddb5c174b4dc80423854bb8f5	source_specimens_1600.jsonl#RAG-hotpotqa-5a729fe55542991f9a20c53b:B	RIDI-RAG-NATURE-v2-PROSPECTIVE/C2/QWEN3-BM25-K10-RANDOM	0f7babda273f68e2095343f2fb33f2dca3c8720f95ed87ca3a0f47d1b337b063	NO_AUTHORITATIVE_REQUIREMENT_SPECIFIED	TRUE	Primary registered RAG reference/random pair; exact grade-vector equality verified structurally; endpoints hash-bound without comparing outputs; no authoritative source support-count rule specified.
RAG-hotpotqa-5a72a0be5542992359bc3143	726bfe70379d806068e2076bac59b9949385bdbe925e9dc973b6432a101b2933	31e31fea8757c4b53a9f08c6fb1e07cb8dda0f33a31cc6900dde2ef615c6d0d0	918a0cc2f3f26c8cc5dc01523b5b7387a79ae0eee04d6e88763262d280207468	source_specimens_1600.jsonl#RAG-hotpotqa-5a72a0be5542992359bc3143:A	88b74eb862b6f3c41908d53da3c988f9d2bb0645dede2c429dbfa7f11c704ef5	7ff17d636e4f17a2fca448b326073d4e5161a6745bfc75b67b8709e5bc4dfaaa	source_specimens_1600.jsonl#RAG-hotpotqa-5a72a0be5542992359bc3143:B	RIDI-RAG-NATURE-v2-PROSPECTIVE/C2/QWEN3-BM25-K10-RANDOM	0f7babda273f68e2095343f2fb33f2dca3c8720f95ed87ca3a0f47d1b337b063	NO_AUTHORITATIVE_REQUIREMENT_SPECIFIED	TRUE	Primary registered RAG reference/random pair; exact grade-vector equality verified structurally; endpoints hash-bound without comparing outputs; no authoritative source support-count rule specified.
RAG-hotpotqa-5a72a2935542991f9a20c546	5ad577d0a834eb49107ba470a8c70d85f5558b5732b1a0b279227df0970a9a99	9270aec56a7774beb26177ed20dccd02fa33ec86f8972b86e7e22a0c4f3b28db	479f5374981eb7655087cd2606d620a1cb13153363e699f7faeca1c06c0321dc	source_specimens_1600.jsonl#RAG-hotpotqa-5a72a2935542991f9a20c546:A	5b0cdbc54c831222bd6fc9453a1dd324f260ead0981629cfd827f3b696695fba	92ae5d175bf26026e84b029ef579b711bd6648c23e886701c59de6f40ed279d9	source_specimens_1600.jsonl#RAG-hotpotqa-5a72a2935542991f9a20c546:B	RIDI-RAG-NATURE-v2-PROSPECTIVE/C2/QWEN3-BM25-K10-RANDOM	0f7babda273f68e2095343f2fb33f2dca3c8720f95ed87ca3a0f47d1b337b063	NO_AUTHORITATIVE_REQUIREMENT_SPECIFIED	TRUE	Primary registered RAG reference/random pair; exact grade-vector equality verified structurally; endpoints hash-bound without comparing outputs; no authoritative source support-count rule specified.
RAG-hotpotqa-5a72a3c45542994cef4bc3ac	a6285fa9b043b6138fd4c6e9dad98d0f324c47ae0424691d3e8cfaba6aafad8d	c8c9536431f4da42f6441a3808adb96b5f4d13c91aa6eb07cb967d8bd3487c17	92bf527815af2d42c5413d3bd2d4a8483c91b58e6fe7b99a19272330b71ffb63	source_specimens_1600.jsonl#RAG-hotpotqa-5a72a3c45542994cef4bc3ac:A	7c5fcab33d17a12f6fb09bfb7e6697fe3aee7ce13e850399dc121f122d851aca	38fca180bda9564576e92aaacec1277e6681778c2564bb40be921804ed1a087f	source_specimens_1600.jsonl#RAG-hotpotqa-5a72a3c45542994cef4bc3ac:B	RIDI-RAG-NATURE-v2-PROSPECTIVE/C2/QWEN3-BM25-K10-RANDOM	0f7babda273f68e2095343f2fb33f2dca3c8720f95ed87ca3a0f47d1b337b063	NO_AUTHORITATIVE_REQUIREMENT_SPECIFIED	TRUE	Primary registered RAG reference/random pair; exact grade-vector equality verified structurally; endpoints hash-bound without comparing outputs; no authoritative source support-count rule specified.
RAG-hotpotqa-5a72a4645542991f9a20c54c	420a82cc0070a99bd385a9d3a35b5ccd450a9cc1d9b8be31a965c323981406e3	3d8ec4e61e7588c7e84bf3896d81ac9147623a31516d2b0b13ce82f7becaedf2	02de4ac2061194a811a7b6959303a181c27f66f9cfa71e7bba5eba9784d78593	source_specimens_1600.jsonl#RAG-hotpotqa-5a72a4645542991f9a20c54c:A	e950b2492765bc8f1ae6126a65bee5e33214689f0ebd759fa70e05f607adf619	037d5fe14fd7ac6ae3b04f3fa7f6b19d462c4549328916e040a27b93b3397ece	source_specimens_1600.jsonl#RAG-hotpotqa-5a72a4645542991f9a20c54c:B	RIDI-RAG-NATURE-v2-PROSPECTIVE/C2/QWEN3-BM25-K10-RANDOM	0f7babda273f68e2095343f2fb33f2dca3c8720f95ed87ca3a0f47d1b337b063	NO_AUTHORITATIVE_REQUIREMENT_SPECIFIED	TRUE	Primary registered RAG reference/random pair; exact grade-vector equality verified structurally; endpoints hash-bound without comparing outputs; no authoritative source support-count rule specified.
RAG-hotpotqa-5a72a47d55429901807daf1f	bbf8ac71b9f6ae6459a36a8c5b124dbc84914fd6d2ffe73f94d78771100804dd	40a834bdf1d77f0bf8fbd7f5f254013e8f019035fb918b9025f5723c8fcf7a87	b92af596c11553aecbdd8a2c438697aa4484a1e1ab28ff99908274a2a7824759	source_specimens_1600.jsonl#RAG-hotpotqa-5a72a47d55429901807daf1f:A	ab45449ade702326ec567b4431c829c799082f6521c1535e7876695b434f9fc9	959424575c65c4acd96f4db0a6ddb53d0f048a07654d05c37f0d7f09573ba1af	source_specimens_1600.jsonl#RAG-hotpotqa-5a72a47d55429901807daf1f:B	RIDI-RAG-NATURE-v2-PROSPECTIVE/C2/QWEN3-BM25-K10-RANDOM	0f7babda273f68e2095343f2fb33f2dca3c8720f95ed87ca3a0f47d1b337b063	NO_AUTHORITATIVE_REQUIREMENT_SPECIFIED	TRUE	Primary registered RAG reference/random pair; exact grade-vector equality verified structurally; endpoints hash-bound without comparing outputs; no authoritative source support-count rule specified.
RAG-hotpotqa-5a72a51355429901807daf21	b92f6169e015c792cf9093ddc24f6e0c04ad6973a334c17969a053357b2f17de	17621cefa844326c192e97a935ad8b703b4d41dffa7d49ad7761d16086741870	fd8c7b585cb29a81515efd8478f3b81a921a73b35b96c946e847034c0c47b02b	source_specimens_1600.jsonl#RAG-hotpotqa-5a72a51355429901807daf21:A	2b453b9df863d7893c7312c2ed37ada40d899dd89152b7e135117270d492a941	85aad19410f9f95f81509a26e9d634b75d6099f0202904199a44e184ded3bbec	source_specimens_1600.jsonl#RAG-hotpotqa-5a72a51355429901807daf21:B	RIDI-RAG-NATURE-v2-PROSPECTIVE/C2/QWEN3-BM25-K10-RANDOM	0f7babda273f68e2095343f2fb33f2dca3c8720f95ed87ca3a0f47d1b337b063	NO_AUTHORITATIVE_REQUIREMENT_SPECIFIED	TRUE	Primary registered RAG reference/random pair; exact grade-vector equality verified structurally; endpoints hash-bound without comparing outputs; no authoritative source support-count rule specified.
RAG-hotpotqa-5a72a5a75542992359bc314e	7546d5c369395536f9568c7aec0e90dc7582b5ef16009b2c2bb64622f423ca38	9ad55af0dad140f34925310dab910d03db0726fd5267493f1fd18ce05330c2be	d7020a2b15293e91f88858b7eeeba29442f5a80000425e8ed546a9863b67c056	source_specimens_1600.jsonl#RAG-hotpotqa-5a72a5a75542992359bc314e:A	fc6085b236f9fa7a6052360207365374b3d2f60f6bae10654f1b669456a2e36c	d7e076923d0d8db3453489c7d9ce2fcbf6ae98bf1a3b14cf2fd0b846a8268a81	source_specimens_1600.jsonl#RAG-hotpotqa-5a72a5a75542992359bc314e:B	RIDI-RAG-NATURE-v2-PROSPECTIVE/C2/QWEN3-BM25-K10-RANDOM	0f7babda273f68e2095343f2fb33f2dca3c8720f95ed87ca3a0f47d1b337b063	NO_AUTHORITATIVE_REQUIREMENT_SPECIFIED	TRUE	Primary registered RAG reference/random pair; exact grade-vector equality verified structurally; endpoints hash-bound without comparing outputs; no authoritative source support-count rule specified.
RAG-hotpotqa-5a72a6d855429901807daf27	798c748d37dbbe9b51dc21bd79e8ded8a74c059a034add547d91dbc25f5a66bd	0ba72c016eaf315932dec9aacb6f45e72d4ae77de75a72b46d6c5bbe823b038c	97f90babbfc835b989adfb121b0af92bb6c8a862652fc7a7565894fc232bc4aa	source_specimens_1600.jsonl#RAG-hotpotqa-5a72a6d855429901807daf27:A	91db9b809452ae5855efce80067e8ed03a614e253ac55e380fbba7ace018e6ed	22a064ab5771d42d18607b70420f82dd639494187d0f16c38dfbe76a97284f56	source_specimens_1600.jsonl#RAG-hotpotqa-5a72a6d855429901807daf27:B	RIDI-RAG-NATURE-v2-PROSPECTIVE/C2/QWEN3-BM25-K10-RANDOM	0f7babda273f68e2095343f2fb33f2dca3c8720f95ed87ca3a0f47d1b337b063	NO_AUTHORITATIVE_REQUIREMENT_SPECIFIED	TRUE	Primary registered RAG reference/random pair; exact grade-vector equality verified structurally; endpoints hash-bound without comparing outputs; no authoritative source support-count rule specified.
RAG-hotpotqa-5a72a9145542994cef4bc3c1	03f1c702d3f1f2e2005a2d5e8d4ca93942558319bd2654e5ed259ead7d3035b2	a9a7447d486ef967f59063c42fafd23d273f329848919c065778c53bb01cf66f	2c68a16b49b8f52e7634ffea7ade319020769f5ff2d1f4f7c14a36dc244bc95a	source_specimens_1600.jsonl#RAG-hotpotqa-5a72a9145542994cef4bc3c1:A	4ebc3d2ca9b7ef48f8692240c47378e83d476204ebd0921fd5dadb3ea67e277f	2e2adc1a2c2681af51aff21dda30073af535ecdd364aae32aa976fc6a4a890a7	source_specimens_1600.jsonl#RAG-hotpotqa-5a72a9145542994cef4bc3c1:B	RIDI-RAG-NATURE-v2-PROSPECTIVE/C2/QWEN3-BM25-K10-RANDOM	0f7babda273f68e2095343f2fb33f2dca3c8720f95ed87ca3a0f47d1b337b063	NO_AUTHORITATIVE_REQUIREMENT_SPECIFIED	TRUE	Primary registered RAG reference/random pair; exact grade-vector equality verified structurally; endpoints hash-bound without comparing outputs; no authoritative source support-count rule specified.
RAG-hotpotqa-5a72a9ab5542992359bc315a	751f511d9f0bfdda427beee478398c3a3c693bcac8df580c7f549677940a9192	c0f13b56d9b517a60349f1265ae2523c96df1fcd784f7d013906d051ae8f248a	b06b69ba6dbd8b756bc89cb9533b8e305a51f7043f5acf2c08a99e4565f81095	source_specimens_1600.jsonl#RAG-hotpotqa-5a72a9ab5542992359bc315a:A	52c43bafd1b5cb3aed3e80fb8cf7fb6b5100612c87419407d7e241aa3d46784c	ac2fd7cfa9b2c23d0cf17c837cdc4712e35dadf30a14254c92886a58283fa704	source_specimens_1600.jsonl#RAG-hotpotqa-5a72a9ab5542992359bc315a:B	RIDI-RAG-NATURE-v2-PROSPECTIVE/C2/QWEN3-BM25-K10-RANDOM	0f7babda273f68e2095343f2fb33f2dca3c8720f95ed87ca3a0f47d1b337b063	NO_AUTHORITATIVE_REQUIREMENT_SPECIFIED	TRUE	Primary registered RAG reference/random pair; exact grade-vector equality verified structurally; endpoints hash-bound without comparing outputs; no authoritative source support-count rule specified.
RAG-hotpotqa-5a72a9ac5542991f9a20c55f	ffed849fcd1b7b344add7d5c398d362645f4e497233dca85c3de1959c6c6d00e	55d66c5cff8f5c20c5524e42260c19915c08b931a823367a4f33920fdbcdf3a0	0c21dd15c0021dbd77ab9e9ef9efb4c4ea8ebe12c0a5f9b6b1dbf4725ac4e400	source_specimens_1600.jsonl#RAG-hotpotqa-5a72a9ac5542991f9a20c55f:A	f8530de34eeefc6e25fdb2e57d6ee7ac059fa054fc8bf101830ca978bb310337	f2a92c76c11a3cc0664f1421e65af168485b9c63c3cb1e59fd2a4ea0b7d7ab58	source_specimens_1600.jsonl#RAG-hotpotqa-5a72a9ac5542991f9a20c55f:B	RIDI-RAG-NATURE-v2-PROSPECTIVE/C2/QWEN3-BM25-K10-RANDOM	0f7babda273f68e2095343f2fb33f2dca3c8720f95ed87ca3a0f47d1b337b063	NO_AUTHORITATIVE_REQUIREMENT_SPECIFIED	TRUE	Primary registered RAG reference/random pair; exact grade-vector equality verified structurally; endpoints hash-bound without comparing outputs; no authoritative source support-count rule specified.
RAG-hotpotqa-5a72abb95542992359bc3162	6ab032c22aa8f4f4cd5aeaba3136ba76a83ce9e5f32ae3af6504e4770846c44b	2801dda5dedfd3e5d24b951054e69dc56e0814845134de4039026884438f15b6	a4cbb20590c9d68ebd8d70ec3e5e6f5f2bcd152cce71c19bcd549f11ca11f1db	source_specimens_1600.jsonl#RAG-hotpotqa-5a72abb95542992359bc3162:A	d7f1e274f9664eb8b57123b4059efac160233732c732058d87a02a176c2af0f7	73cea44224f460171533cb1c307275c9cc5db9b698baa2d3bd04c81ff9f7ea4b	source_specimens_1600.jsonl#RAG-hotpotqa-5a72abb95542992359bc3162:B	RIDI-RAG-NATURE-v2-PROSPECTIVE/C2/QWEN3-BM25-K10-RANDOM	0f7babda273f68e2095343f2fb33f2dca3c8720f95ed87ca3a0f47d1b337b063	NO_AUTHORITATIVE_REQUIREMENT_SPECIFIED	TRUE	Primary registered RAG reference/random pair; exact grade-vector equality verified structurally; endpoints hash-bound without comparing outputs; no authoritative source support-count rule specified.
RAG-hotpotqa-5a72ac8a5542992359bc3164	77651e3f3810135d84c5ba92b1380c408dd9150851eb76ab96b68628fc117a36	8afcd55ea0ff7df7287c23239ffc0a1c3094fcf728f8b328e069cc7a77075d3c	902219f05c35a05ff194fa832e89d7ec5bc32180748858945ae97da57b45098c	source_specimens_1600.jsonl#RAG-hotpotqa-5a72ac8a5542992359bc3164:A	3bdebf6bb71c209541fa8be604a1d6b940c3befa5badc2853968d23d0841346b	7699abba6d4fe333596ceb20e22093308ff178e1e96a5a23a6652d90b66564df	source_specimens_1600.jsonl#RAG-hotpotqa-5a72ac8a5542992359bc3164:B	RIDI-RAG-NATURE-v2-PROSPECTIVE/C2/QWEN3-BM25-K10-RANDOM	0f7babda273f68e2095343f2fb33f2dca3c8720f95ed87ca3a0f47d1b337b063	NO_AUTHORITATIVE_REQUIREMENT_SPECIFIED	TRUE	Primary registered RAG reference/random pair; exact grade-vector equality verified structurally; endpoints hash-bound without comparing outputs; no authoritative source support-count rule specified.
RAG-hotpotqa-5a72aec45542994cef4bc3d7	0a8b96b38befd11093c84d8ae38e339756d86387a6058e2db807eab0cd5e0693	ebc2d760766970dcfc8cbfd544ade6b7ca564acdf9de456a101b06dbc7b71656	27636efcfcacd91953f67c6ea5932f671fad279c5aebe403bb1a638502c306db	source_specimens_1600.jsonl#RAG-hotpotqa-5a72aec45542994cef4bc3d7:A	52c783cc339e6c7b897c74cf5e7d755febaf294b6c1d7fc9aa077e8588c6ceb0	fabb491127a0b933d51c7776e05acd44c3553e44d71e9645263998254aa05616	source_specimens_1600.jsonl#RAG-hotpotqa-5a72aec45542994cef4bc3d7:B	RIDI-RAG-NATURE-v2-PROSPECTIVE/C2/QWEN3-BM25-K10-RANDOM	0f7babda273f68e2095343f2fb33f2dca3c8720f95ed87ca3a0f47d1b337b063	NO_AUTHORITATIVE_REQUIREMENT_SPECIFIED	TRUE	Primary registered RAG reference/random pair; exact grade-vector equality verified structurally; endpoints hash-bound without comparing outputs; no authoritative source support-count rule specified.
RAG-hotpotqa-5a72af155542992359bc316c	30c1cbb9d14bd09e53cbb846c9629c88ca30db914ddf1074e79ac6634c629d54	77bb1ad96eebb10c8751f6121e25a6a93b8fa2e214ec04bf5d6de7285e2705c5	e48b1991e973e21c4d368ed91c4bec7bf005b15266cb56c3681257fd3ca3e5e7	source_specimens_1600.jsonl#RAG-hotpotqa-5a72af155542992359bc316c:A	03daedaff6c14b2b3841ed9938207428548c5dc8609067380081b72fa35ead46	6b7d71ce55588578b9806e04afdbb0bf3da7ad16444de0c59f2c3eb2f033e7ca	source_specimens_1600.jsonl#RAG-hotpotqa-5a72af155542992359bc316c:B	RIDI-RAG-NATURE-v2-PROSPECTIVE/C2/QWEN3-BM25-K10-RANDOM	0f7babda273f68e2095343f2fb33f2dca3c8720f95ed87ca3a0f47d1b337b063	NO_AUTHORITATIVE_REQUIREMENT_SPECIFIED	TRUE	Primary registered RAG reference/random pair; exact grade-vector equality verified structurally; endpoints hash-bound without comparing outputs; no authoritative source support-count rule specified.
RAG-hotpotqa-5a72b2dc5542992359bc3173	3117aef437f5d1760e204d35eea113a3ebbeee42f0ce04b7d7774e815e774414	2a2646de285d9f0a6e238c3c18edf8e9e2b8a1919f560f4bc799d5c5d366dd67	3e02e3c252edb4b4a1de52dee337ed1b092f8f615b1959e8677f9b5751fc39fb	source_specimens_1600.jsonl#RAG-hotpotqa-5a72b2dc5542992359bc3173:A	3677ad4c65ba3f3e705f18b9b5d5fcd2ed4346d6f34614228cdf1827dd318a11	cd4c502dc2c93898477f0f56f295e09d84e855489e4f8afddfae322ac09c0e77	source_specimens_1600.jsonl#RAG-hotpotqa-5a72b2dc5542992359bc3173:B	RIDI-RAG-NATURE-v2-PROSPECTIVE/C2/QWEN3-BM25-K10-RANDOM	0f7babda273f68e2095343f2fb33f2dca3c8720f95ed87ca3a0f47d1b337b063	NO_AUTHORITATIVE_REQUIREMENT_SPECIFIED	TRUE	Primary registered RAG reference/random pair; exact grade-vector equality verified structurally; endpoints hash-bound without comparing outputs; no authoritative source support-count rule specified.
RAG-hotpotqa-5a72b3335542994cef4bc3dc	0b47cda926b77288ab8dcc9d390af7e643402d900c91f1e2b1484d9ed2dafb5b	4a1e1aecda1e7ec58c050e235a49c9f4940f77fa62949728ec8ea8d50c349097	1a5e4337a6de681bb9b641fc4bae6fbd729ef507a9323f5ea2e81136a569f778	source_specimens_1600.jsonl#RAG-hotpotqa-5a72b3335542994cef4bc3dc:A	b96187a30090d26a141d02098662818d383a323e5dedc296f56f61d911f9e159	39df4fcbd3225868ab0c9424dd456e66a9023480fd74be7b4d791ffaaa9efe8d	source_specimens_1600.jsonl#RAG-hotpotqa-5a72b3335542994cef4bc3dc:B	RIDI-RAG-NATURE-v2-PROSPECTIVE/C2/QWEN3-BM25-K10-RANDOM	0f7babda273f68e2095343f2fb33f2dca3c8720f95ed87ca3a0f47d1b337b063	NO_AUTHORITATIVE_REQUIREMENT_SPECIFIED	TRUE	Primary registered RAG reference/random pair; exact grade-vector equality verified structurally; endpoints hash-bound without comparing outputs; no authoritative source support-count rule specified.
RAG-hotpotqa-5a72b8de5542994cef4bc3df	4556983f5fccd40bb858309141e1176364981c0ce9c586750691f76f174ec807	29716959f01b7e5c9ee4359ad066fd2a1c4f9c41adfa5efa8c79c1d1aa63ca4c	07621d0f1338e55e20adafbd55a9454974d5f30fa07acfe4006a4712a15d1ba4	source_specimens_1600.jsonl#RAG-hotpotqa-5a72b8de5542994cef4bc3df:A	078d337662eabfa11903c24db63fdff82c68ceacb5470b813147c2f59181e760	9fe38cc8494aaf7701880d2caf386e502e7db75b2f45784c137120e70720936e	source_specimens_1600.jsonl#RAG-hotpotqa-5a72b8de5542994cef4bc3df:B	RIDI-RAG-NATURE-v2-PROSPECTIVE/C2/QWEN3-BM25-K10-RANDOM	0f7babda273f68e2095343f2fb33f2dca3c8720f95ed87ca3a0f47d1b337b063	NO_AUTHORITATIVE_REQUIREMENT_SPECIFIED	TRUE	Primary registered RAG reference/random pair; exact grade-vector equality verified structurally; endpoints hash-bound without comparing outputs; no authoritative source support-count rule specified.
RAG-hotpotqa-5a72b9155542992359bc3187	0abf23ad237895454f9c6232ef9c3c501d98f9d917da1da9de10acd75dd0b8bc	07c73c16a2d7f1fc6d2aa05bdde40d5de4b4b6dec2b0359ddfca399415c7e149	399ec03347a2a107a7a85eeb10b5fd329c953dd55ebdc355feba4e7a15c838c2	source_specimens_1600.jsonl#RAG-hotpotqa-5a72b9155542992359bc3187:A	c84ce53169a1e252b8c78a2c1ebff1925c2668faba1c9c2fc17070b70b56c7ac	ea13296b6dd3890e77f5a10f6b7e4954324db85e9b97cee22fd64c4c772da5c3	source_specimens_1600.jsonl#RAG-hotpotqa-5a72b9155542992359bc3187:B	RIDI-RAG-NATURE-v2-PROSPECTIVE/C2/QWEN3-BM25-K10-RANDOM	0f7babda273f68e2095343f2fb33f2dca3c8720f95ed87ca3a0f47d1b337b063	NO_AUTHORITATIVE_REQUIREMENT_SPECIFIED	TRUE	Primary registered RAG reference/random pair; exact grade-vector equality verified structurally; endpoints hash-bound without comparing outputs; no authoritative source support-count rule specified.
RAG-hotpotqa-5a72ba165542992359bc318a	daf94fa1039d34fc70ca23da24367ee7166fa4c43055ce37babcdee76c8b47d9	9a4259ccb3be04b6fad7e01183e7d58a3a7f79888e580cceea2035717325df02	c2208bf309779bbb988995b415b6b19e48daca1e7c90a0250dd21df8a34d14a7	source_specimens_1600.jsonl#RAG-hotpotqa-5a72ba165542992359bc318a:A	73c3887860aae0887d8002c4a25256a88104e97eeb434ddc84bb902372e76aca	73bd7bda3ed60b221e8b27659f2683011061b8c70927c8cbc174076c6b519e72	source_specimens_1600.jsonl#RAG-hotpotqa-5a72ba165542992359bc318a:B	RIDI-RAG-NATURE-v2-PROSPECTIVE/C2/QWEN3-BM25-K10-RANDOM	0f7babda273f68e2095343f2fb33f2dca3c8720f95ed87ca3a0f47d1b337b063	NO_AUTHORITATIVE_REQUIREMENT_SPECIFIED	TRUE	Primary registered RAG reference/random pair; exact grade-vector equality verified structurally; endpoints hash-bound without comparing outputs; no authoritative source support-count rule specified.
RAG-hotpotqa-5a72ba1a5542992359bc318b	46a335af36dbb44bac8cf28e05e65416cb5097be82060d93f00e7f433ab870cf	6df7e003621c6e09eead55fc127a8c29edea0e27e551136d3e7ec93c97a30019	a5c59bb66742055021a24671d043b7bac0df5eb228f0fdaeacf0eb5d4d558887	source_specimens_1600.jsonl#RAG-hotpotqa-5a72ba1a5542992359bc318b:A	9acf186debb15e664cdaca81a62d10100e9f7af2a09de7e597d4e71066605769	f4255d2f5bfe2d8c682d212e9dc9d47f6c146036343108669d9af6f12b4f5e93	source_specimens_1600.jsonl#RAG-hotpotqa-5a72ba1a5542992359bc318b:B	RIDI-RAG-NATURE-v2-PROSPECTIVE/C2/QWEN3-BM25-K10-RANDOM	0f7babda273f68e2095343f2fb33f2dca3c8720f95ed87ca3a0f47d1b337b063	NO_AUTHORITATIVE_REQUIREMENT_SPECIFIED	TRUE	Primary registered RAG reference/random pair; exact grade-vector equality verified structurally; endpoints hash-bound without comparing outputs; no authoritative source support-count rule specified.
RAG-hotpotqa-5a72bb045542994cef4bc3e4	0bfa448b29b55f5623d6ae90701e261c88c4006e6a79f1d04cae89fcae429870	2d02cc180ecfcfb40a1d405ce27b752eb6c29070f8a0cc909c67a78064f61bb8	e17bea09386513b48be9a3fa9646c4fbb35e6f24d8bcb63d5047f2d2684882e7	source_specimens_1600.jsonl#RAG-hotpotqa-5a72bb045542994cef4bc3e4:A	0729ac7689280f09b9e557062a36ca304778c65355ee65b35c5428b79cbe29df	935f43691f61b5e4aa9b11b04d744e9830ce267546b161e5025acb0850bb8082	source_specimens_1600.jsonl#RAG-hotpotqa-5a72bb045542994cef4bc3e4:B	RIDI-RAG-NATURE-v2-PROSPECTIVE/C2/QWEN3-BM25-K10-RANDOM	0f7babda273f68e2095343f2fb33f2dca3c8720f95ed87ca3a0f47d1b337b063	NO_AUTHORITATIVE_REQUIREMENT_SPECIFIED	TRUE	Primary registered RAG reference/random pair; exact grade-vector equality verified structurally; endpoints hash-bound without comparing outputs; no authoritative source support-count rule specified.
RAG-hotpotqa-5a72bbfa5542992359bc318d	82afc3f70fa9bf75c1bc73c3f930abc03c0744b3610ec3a27418de2793323114	06617dbd5c7d66f983fad3cb5d3840a7531a97af2e963a58608cc6b5be2b0c3c	01a60924f269fbf9da862c55727609fa05a9e90c8f2d1004bfea354b92a6edc0	source_specimens_1600.jsonl#RAG-hotpotqa-5a72bbfa5542992359bc318d:A	baa3d102fd5cfa0c145ea8c645243953070ca609888906996fa9b2257ec2ba9d	ea3c63401c3033eed95d67274b8efb63d013bb78475439b0c3c2b5fe95d646bb	source_specimens_1600.jsonl#RAG-hotpotqa-5a72bbfa5542992359bc318d:B	RIDI-RAG-NATURE-v2-PROSPECTIVE/C2/QWEN3-BM25-K10-RANDOM	0f7babda273f68e2095343f2fb33f2dca3c8720f95ed87ca3a0f47d1b337b063	NO_AUTHORITATIVE_REQUIREMENT_SPECIFIED	TRUE	Primary registered RAG reference/random pair; exact grade-vector equality verified structurally; endpoints hash-bound without comparing outputs; no authoritative source support-count rule specified.
RAG-hotpotqa-5a72bd0b5542992359bc318f	e0cb7609ba3cd88fb73d0bca8aa6d31ae5d90f4c65170bdff3373bc1f1f40b71	dd49ed61a493c534fef80642d2a4213d597f9ae2eab553d0cc58b132b969dda9	ad462bbd7343c3a5e2594278f9ec6d1a4089a396513035f5e841bafbc04e481e	source_specimens_1600.jsonl#RAG-hotpotqa-5a72bd0b5542992359bc318f:A	61f2c2ed9d0fd7325314989e53e8ab134e621da7859ac71f04e1b75602a5f1cd	d7f5278985b951177f60bc6a7723747addb39c5038edfb66e055a3185b8d43ab	source_specimens_1600.jsonl#RAG-hotpotqa-5a72bd0b5542992359bc318f:B	RIDI-RAG-NATURE-v2-PROSPECTIVE/C2/QWEN3-BM25-K10-RANDOM	0f7babda273f68e2095343f2fb33f2dca3c8720f95ed87ca3a0f47d1b337b063	NO_AUTHORITATIVE_REQUIREMENT_SPECIFIED	TRUE	Primary registered RAG reference/random pair; exact grade-vector equality verified structurally; endpoints hash-bound without comparing outputs; no authoritative source support-count rule specified.
RAG-hotpotqa-5a72c6565542992359bc31a7	d0acb780d915c776383f2aae3162daf5dc0c973384325de6663933ef102b3a99	fc98a48862768b8526eb3e5a5612ad57236fddeeebcbc3abf88edfd4ea999bbf	f1199201ef407eb02fc50c31f4d87899f9688f56dcaa470686152eda0fba84ea	source_specimens_1600.jsonl#RAG-hotpotqa-5a72c6565542992359bc31a7:A	0dff43d99ea2401d06c5f3755825827708da7c98fa0ff8bcd3b3ccdb6fb8bc36	b477253c95d205aace7d01f203e5b53b1e2cd188ee5611a5c1e64101465d08ab	source_specimens_1600.jsonl#RAG-hotpotqa-5a72c6565542992359bc31a7:B	RIDI-RAG-NATURE-v2-PROSPECTIVE/C2/QWEN3-BM25-K10-RANDOM	0f7babda273f68e2095343f2fb33f2dca3c8720f95ed87ca3a0f47d1b337b063	NO_AUTHORITATIVE_REQUIREMENT_SPECIFIED	TRUE	Primary registered RAG reference/random pair; exact grade-vector equality verified structurally; endpoints hash-bound without comparing outputs; no authoritative source support-count rule specified.
RAG-hotpotqa-5a72c6f65542994cef4bc402	03ad96614eaf4e7b7f2a9c3e4a95efb35029a7fe388eb8090f56ef7a33c3f226	b7e02b47e7b8ab652ca78a218e6c45caf041bd5622c3865dee360b6f0852990e	7688af0ab4c528c9796a62232b431a0dc4951e8f3b58b37a6803e25281f0a7b1	source_specimens_1600.jsonl#RAG-hotpotqa-5a72c6f65542994cef4bc402:A	8ceeee018b736f6aabd41a1afa02d3f73f276a3770ee60e03444b203dcfecce7	01b45214f32d44d98e166a44b301293bf22b62d2565798c99e8857db8fc71829	source_specimens_1600.jsonl#RAG-hotpotqa-5a72c6f65542994cef4bc402:B	RIDI-RAG-NATURE-v2-PROSPECTIVE/C2/QWEN3-BM25-K10-RANDOM	0f7babda273f68e2095343f2fb33f2dca3c8720f95ed87ca3a0f47d1b337b063	NO_AUTHORITATIVE_REQUIREMENT_SPECIFIED	TRUE	Primary registered RAG reference/random pair; exact grade-vector equality verified structurally; endpoints hash-bound without comparing outputs; no authoritative source support-count rule specified.
RAG-hotpotqa-5a72c9e85542991f9a20c595	5ea45d921b11946895a19ac6bc087190b9e0ba174a49c25808aae26aa9579cee	59048c260463b40b766e5dcef0117ca3dc3ec2dc0efd59ba8c06c92aaf071ad7	7560e949314ad8c2fee6e22794b6e9fad3609a96f725d2553f45e2ccc670c0c5	source_specimens_1600.jsonl#RAG-hotpotqa-5a72c9e85542991f9a20c595:A	66f75990c5112e22181dd7bce5cb42193db8dca7edae8466a05bd9c787bceec6	5f0eb9cfdd4bc243e81de50479a8f6a9ce29b9894c852e5250ced68365bb5320	source_specimens_1600.jsonl#RAG-hotpotqa-5a72c9e85542991f9a20c595:B	RIDI-RAG-NATURE-v2-PROSPECTIVE/C2/QWEN3-BM25-K10-RANDOM	0f7babda273f68e2095343f2fb33f2dca3c8720f95ed87ca3a0f47d1b337b063	NO_AUTHORITATIVE_REQUIREMENT_SPECIFIED	TRUE	Primary registered RAG reference/random pair; exact grade-vector equality verified structurally; endpoints hash-bound without comparing outputs; no authoritative source support-count rule specified.
RAG-hotpotqa-5a72d3525542991f9a20c5ab	8a55694d12100ab1c27c86f8c930231f485735d15d5ec5d2bf7b83b99c2aabff	c6d3e4a2d7703e2a3471e36c2aa1b854429b86a4c35c67fe4c7f5f3b98d817af	cd5a90e41ed946b734efb1724bae363501bb1330659475ba103038cbf6caa71c	source_specimens_1600.jsonl#RAG-hotpotqa-5a72d3525542991f9a20c5ab:A	014a5869a926e391708f1868dd16185ffd33c8497558c5a337d3fab8ca906207	d5e83c09c336c0c8b13e9932482c0d1ec12e920162da2c1967f997d3766093e1	source_specimens_1600.jsonl#RAG-hotpotqa-5a72d3525542991f9a20c5ab:B	RIDI-RAG-NATURE-v2-PROSPECTIVE/C2/QWEN3-BM25-K10-RANDOM	0f7babda273f68e2095343f2fb33f2dca3c8720f95ed87ca3a0f47d1b337b063	NO_AUTHORITATIVE_REQUIREMENT_SPECIFIED	TRUE	Primary registered RAG reference/random pair; exact grade-vector equality verified structurally; endpoints hash-bound without comparing outputs; no authoritative source support-count rule specified.
RAG-hotpotqa-5a72d7b35542991f9a20c5be	4f774b4177966a4ade31f66635d68231f32dd30460b73c07e41711775be5af9a	8bf6250abc9a628829b3809210d8f1366f199c7aa6c62fd773ea504fb8d57faa	6def1f5b16aaf199b1e450591765f95dbc3eeab9a6c22691cdb009d23919ac3f	source_specimens_1600.jsonl#RAG-hotpotqa-5a72d7b35542991f9a20c5be:A	05bc4ac9f0193ad7803c8ea738370744c3eb6ee79d88832d222c79fce56f1538	138e4783667c9ce85ea14fb7d7e47be5223549a78c40a522fb87d1c3fd5582a5	source_specimens_1600.jsonl#RAG-hotpotqa-5a72d7b35542991f9a20c5be:B	RIDI-RAG-NATURE-v2-PROSPECTIVE/C2/QWEN3-BM25-K10-RANDOM	0f7babda273f68e2095343f2fb33f2dca3c8720f95ed87ca3a0f47d1b337b063	NO_AUTHORITATIVE_REQUIREMENT_SPECIFIED	TRUE	Primary registered RAG reference/random pair; exact grade-vector equality verified structurally; endpoints hash-bound without comparing outputs; no authoritative source support-count rule specified.
RAG-hotpotqa-5a72dcb45542992359bc31af	f06a6e271f386a2aef9d6c9b7eea34c9eb8522bb44cebe618615a99547086773	40e90c66dab13cfee56489d25389eb4cb1399352adbd7b724bb5f61508a2a92d	a5765658d8068cf59646103c1d737f4cfd1c4e64751513c5cb938ab39fc6a38e	source_specimens_1600.jsonl#RAG-hotpotqa-5a72dcb45542992359bc31af:A	53a50ea73cd65b5a9cb17cb4eb5636c9b4e68eb212914a085dcccdac64853c18	b440416cdec180e47cdefe5081fc09986a39db38922a84cde271bb9f734868bf	source_specimens_1600.jsonl#RAG-hotpotqa-5a72dcb45542992359bc31af:B	RIDI-RAG-NATURE-v2-PROSPECTIVE/C2/QWEN3-BM25-K10-RANDOM	0f7babda273f68e2095343f2fb33f2dca3c8720f95ed87ca3a0f47d1b337b063	NO_AUTHORITATIVE_REQUIREMENT_SPECIFIED	TRUE	Primary registered RAG reference/random pair; exact grade-vector equality verified structurally; endpoints hash-bound without comparing outputs; no authoritative source support-count rule specified.
RAG-hotpotqa-5a72df275542992359bc31b3	f66c8eb2177055fd862a77bc99891b72bfad0bd0a35cb99d616e66d0b6de26ad	61a5718c2c88e9cfda55700041836590a6bfa9a0723ace7a31c2bb416b7988d8	71c6eb9346a7beaad5a622064f9286b239b8f270ca177df263e60d7f3063ad5e	source_specimens_1600.jsonl#RAG-hotpotqa-5a72df275542992359bc31b3:A	45b851cd34555e2f85d19aacff90dfc63d6f33b35683d143ac7688d260509fbc	295cd64300e7b4f29298095865f24bf9067f41f462009879e7211c8dee2e68c8	source_specimens_1600.jsonl#RAG-hotpotqa-5a72df275542992359bc31b3:B	RIDI-RAG-NATURE-v2-PROSPECTIVE/C2/QWEN3-BM25-K10-RANDOM	0f7babda273f68e2095343f2fb33f2dca3c8720f95ed87ca3a0f47d1b337b063	NO_AUTHORITATIVE_REQUIREMENT_SPECIFIED	TRUE	Primary registered RAG reference/random pair; exact grade-vector equality verified structurally; endpoints hash-bound without comparing outputs; no authoritative source support-count rule specified.
RAG-hotpotqa-5a72df8d5542992359bc31b4	0b188347983d4c5b42b48e550d4ed624912062a519748679da500e92a8d99218	39b1201165f666884e67afbacbde32a9c31c9094bb0479fd5a51aaaa6173ca90	04ea06ec6d031c36308b75cdd9c4e760cd0c929b5da1f2df3f7af7da40e26abb	source_specimens_1600.jsonl#RAG-hotpotqa-5a72df8d5542992359bc31b4:A	2c8cc1aea4f713cf594b3f4e3d9b664125b4d42203986e1357cb72f96da6d521	b5757be4f3a244003ebaf871386f21a13eb6b99da91c7ffa47ab0cf8e4a158b8	source_specimens_1600.jsonl#RAG-hotpotqa-5a72df8d5542992359bc31b4:B	RIDI-RAG-NATURE-v2-PROSPECTIVE/C2/QWEN3-BM25-K10-RANDOM	0f7babda273f68e2095343f2fb33f2dca3c8720f95ed87ca3a0f47d1b337b063	NO_AUTHORITATIVE_REQUIREMENT_SPECIFIED	TRUE	Primary registered RAG reference/random pair; exact grade-vector equality verified structurally; endpoints hash-bound without comparing outputs; no authoritative source support-count rule specified.
RAG-hotpotqa-5a72e28f5542992359bc31ba	e46c60f189f79a9869fc4026a9fa8106d42ae8cb0c49283270a39bf94aedbb6f	5018d1666074aa9f26c596aa9d4687fc93c9f8de437276167eed5abfb7ab82c4	21258836de4a84caf17c335bf159669f3316ce8de4334d802eaa47430bdfb8ef	source_specimens_1600.jsonl#RAG-hotpotqa-5a72e28f5542992359bc31ba:A	e9d0ec13d6956e9f7c778243f430c45ece71ae569fa8d9db05cfe08f711e79fa	4f2d11cb32169b94ed28279a161aec3be709fe20026ea3587fd9f439c7d01a04	source_specimens_1600.jsonl#RAG-hotpotqa-5a72e28f5542992359bc31ba:B	RIDI-RAG-NATURE-v2-PROSPECTIVE/C2/QWEN3-BM25-K10-RANDOM	0f7babda273f68e2095343f2fb33f2dca3c8720f95ed87ca3a0f47d1b337b063	NO_AUTHORITATIVE_REQUIREMENT_SPECIFIED	TRUE	Primary registered RAG reference/random pair; exact grade-vector equality verified structurally; endpoints hash-bound without comparing outputs; no authoritative source support-count rule specified.
RAG-hotpotqa-5a72e4375542992359bc31bf	5a8e0aece97facd9769f0047c332e6d2cfd431c8b8ccc7f81095b3300ef73673	0cd8d11d2c252f0b52788aa8fe7a29ac62e34724752d256a80bbb232abcbcd62	c6c2a5ce35076d735eb14c9c77c541d1ed7b9a41ddedd73372fbf554fdd1637d	source_specimens_1600.jsonl#RAG-hotpotqa-5a72e4375542992359bc31bf:A	9bf10360bc863e8b39aedc3379f6630d33e1f4c4fba4bc7a49a8bd7b387c7ebe	9ac8723dcc7fc17184d4573be2ad5264fc8ccf03c00bf2a84c3f8b2af14902a4	source_specimens_1600.jsonl#RAG-hotpotqa-5a72e4375542992359bc31bf:B	RIDI-RAG-NATURE-v2-PROSPECTIVE/C2/QWEN3-BM25-K10-RANDOM	0f7babda273f68e2095343f2fb33f2dca3c8720f95ed87ca3a0f47d1b337b063	NO_AUTHORITATIVE_REQUIREMENT_SPECIFIED	TRUE	Primary registered RAG reference/random pair; exact grade-vector equality verified structurally; endpoints hash-bound without comparing outputs; no authoritative source support-count rule specified.
RAG-hotpotqa-5a72f0e25542991f9a20c5cf	ecb59d80c0313bb2fe7a44c4bdff2ec01d4c757dba3d4d96507f47e10308eb42	4497e55ab9e936cd388fd7ee17cc6c03a9cffc82a3b50cd255c8d72046f0631b	9342cfdc7fcbad8a0c0ed0b6eaca92438dbf174c368e826ee1183c8bd0ddd15a	source_specimens_1600.jsonl#RAG-hotpotqa-5a72f0e25542991f9a20c5cf:A	5eab435bb20571a189e787c74ed57be96a74afdfa5d10d29da8b7c2bb1768a36	f2325350e9706e9e42de14f4dfe5c6ad9e26d12b17366868ddfc6118d8fdd5df	source_specimens_1600.jsonl#RAG-hotpotqa-5a72f0e25542991f9a20c5cf:B	RIDI-RAG-NATURE-v2-PROSPECTIVE/C2/QWEN3-BM25-K10-RANDOM	0f7babda273f68e2095343f2fb33f2dca3c8720f95ed87ca3a0f47d1b337b063	NO_AUTHORITATIVE_REQUIREMENT_SPECIFIED	TRUE	Primary registered RAG reference/random pair; exact grade-vector equality verified structurally; endpoints hash-bound without comparing outputs; no authoritative source support-count rule specified.
RAG-hotpotqa-5a72f1cf5542994cef4bc414	9b00792df1ea4fbb143ec24fd8a1ce3dc8f9846524c873368031ccb618dda9e1	0826a740f657da5ad8738c3049f7e2519b93e68f56c761790b9affd5e8e476c3	7601b61924a30c0dae4e15f35494dfe1c51b71d75ecb920af20a2b493df3b9b2	source_specimens_1600.jsonl#RAG-hotpotqa-5a72f1cf5542994cef4bc414:A	0e00c5eb68658f4b14b26f0e78dda066ce71714f6f31444ca4b58a0dc41c2859	2a53d1b0916822398b845aeed22c8f410837e32a000570e6db71cf951d84e4e6	source_specimens_1600.jsonl#RAG-hotpotqa-5a72f1cf5542994cef4bc414:B	RIDI-RAG-NATURE-v2-PROSPECTIVE/C2/QWEN3-BM25-K10-RANDOM	0f7babda273f68e2095343f2fb33f2dca3c8720f95ed87ca3a0f47d1b337b063	NO_AUTHORITATIVE_REQUIREMENT_SPECIFIED	TRUE	Primary registered RAG reference/random pair; exact grade-vector equality verified structurally; endpoints hash-bound without comparing outputs; no authoritative source support-count rule specified.
RAG-hotpotqa-5a72f3a85542992359bc31e5	e7bfba9d29024e3f324f7147d0d3b495d5b8390a2a7840e930fda4801f73de90	fbff008ab714258cbe4810235f48faa7f4e15bd94c2115caf590b0b3ab1bbb43	6dd03fa5b4f37f988955aab23ed1d21a2b1c0ad7192624d1801e5f2102e6c537	source_specimens_1600.jsonl#RAG-hotpotqa-5a72f3a85542992359bc31e5:A	769311861492b65efedb2cc1a74a2303b6514d7c4f91ab55f8db9007a9b299b4	ed100d60107d840ebd60890312f932827bb62a133c2dfaa20ca9df3e35c73ac5	source_specimens_1600.jsonl#RAG-hotpotqa-5a72f3a85542992359bc31e5:B	RIDI-RAG-NATURE-v2-PROSPECTIVE/C2/QWEN3-BM25-K10-RANDOM	0f7babda273f68e2095343f2fb33f2dca3c8720f95ed87ca3a0f47d1b337b063	NO_AUTHORITATIVE_REQUIREMENT_SPECIFIED	TRUE	Primary registered RAG reference/random pair; exact grade-vector equality verified structurally; endpoints hash-bound without comparing outputs; no authoritative source support-count rule specified.
RAG-hotpotqa-5a72f45a5542992359bc31e6	2dafedee62912a163bbe6154305dc81eecd6d3c487fea19b7d462951a1d26ff4	a83d6fb603fe3e744db7b607f340c2dde80655f17d0bd9b6ab8a0178f09a7c7e	03c7784540b4995e0ef8c5b2ff0cbf70004189f3319067f3d1b85b8b02402c5a	source_specimens_1600.jsonl#RAG-hotpotqa-5a72f45a5542992359bc31e6:A	ee60d1bb29f4e91c458b26aea4aa0a4723dacb0edd54a056b630fe9646815580	a2008699f335b66513981cbd450e17d1d8876ba7c15a95b34d6ffe171099d346	source_specimens_1600.jsonl#RAG-hotpotqa-5a72f45a5542992359bc31e6:B	RIDI-RAG-NATURE-v2-PROSPECTIVE/C2/QWEN3-BM25-K10-RANDOM	0f7babda273f68e2095343f2fb33f2dca3c8720f95ed87ca3a0f47d1b337b063	NO_AUTHORITATIVE_REQUIREMENT_SPECIFIED	TRUE	Primary registered RAG reference/random pair; exact grade-vector equality verified structurally; endpoints hash-bound without comparing outputs; no authoritative source support-count rule specified.
RAG-hotpotqa-5a72f74a55429901807daf59	b4bf74111285bfd541a2d5b61045ab53944cbf6909df3e2b04fcecbaabb4fff2	9ce3b2f76374054efb5cfc1b880e61503670780b8a3b33197446ee408253e6f9	6995df951954e155a1c25fca6b9f4b785a5ef1c76479b657678839032d9ce9ca	source_specimens_1600.jsonl#RAG-hotpotqa-5a72f74a55429901807daf59:A	7bf44dda19477279c66fd3d96da1875d3eaf10d757416030dbd314be870c5c53	bf3100aa672e1f588baa77d2fddd79f492266feac1645af74c2ac133135f0686	source_specimens_1600.jsonl#RAG-hotpotqa-5a72f74a55429901807daf59:B	RIDI-RAG-NATURE-v2-PROSPECTIVE/C2/QWEN3-BM25-K10-RANDOM	0f7babda273f68e2095343f2fb33f2dca3c8720f95ed87ca3a0f47d1b337b063	NO_AUTHORITATIVE_REQUIREMENT_SPECIFIED	TRUE	Primary registered RAG reference/random pair; exact grade-vector equality verified structurally; endpoints hash-bound without comparing outputs; no authoritative source support-count rule specified.
RAG-hotpotqa-5a72f7df5542991f9a20c5d7	aeb893412703404caa4c7446cf22371f620a68ab90d3898bf9df127323308774	f30e13e1d74e59e85133266484400463dc40d9f52dfd71006732c296ad41b391	c948a947b79faa7c30b63f0e9acbc8a1ed43b5115cf07f6a47048bfa04a53f0f	source_specimens_1600.jsonl#RAG-hotpotqa-5a72f7df5542991f9a20c5d7:A	c0696f09bfd2ea3b7cbaafc6a5fec6d45fa96850e517f9db9c412e073aa7ebf6	4e971ebb49c5f6a5d822c55028a85c319240c12ded8ceeed61a54d94cd56fd72	source_specimens_1600.jsonl#RAG-hotpotqa-5a72f7df5542991f9a20c5d7:B	RIDI-RAG-NATURE-v2-PROSPECTIVE/C2/QWEN3-BM25-K10-RANDOM	0f7babda273f68e2095343f2fb33f2dca3c8720f95ed87ca3a0f47d1b337b063	NO_AUTHORITATIVE_REQUIREMENT_SPECIFIED	TRUE	Primary registered RAG reference/random pair; exact grade-vector equality verified structurally; endpoints hash-bound without comparing outputs; no authoritative source support-count rule specified.
RAG-hotpotqa-5a72fc865542991f9a20c5e9	40aa0684cba9a33bd36e864f9d8aa112179fb3ed08284821c5a9f3c026a23cea	9df33b6a4a8fab6fdfe1393280ff0377e88bfb9530d0a299f704fa598f1dc315	dc56555393a266c7dce81d386f33a6a40f485c62fc4876cc4fa514e7d0d2ff80	source_specimens_1600.jsonl#RAG-hotpotqa-5a72fc865542991f9a20c5e9:A	31840d9968533c03753f59113fa9df65dc34141d5ba162e42ee4dbef88586284	e2f9e86dc900877c923a6bcb9b2f13d815544afc02a9e5df44e0820d4b9b9a83	source_specimens_1600.jsonl#RAG-hotpotqa-5a72fc865542991f9a20c5e9:B	RIDI-RAG-NATURE-v2-PROSPECTIVE/C2/QWEN3-BM25-K10-RANDOM	0f7babda273f68e2095343f2fb33f2dca3c8720f95ed87ca3a0f47d1b337b063	NO_AUTHORITATIVE_REQUIREMENT_SPECIFIED	TRUE	Primary registered RAG reference/random pair; exact grade-vector equality verified structurally; endpoints hash-bound without comparing outputs; no authoritative source support-count rule specified.
RAG-hotpotqa-5a7300b85542994cef4bc41a	7f7f59c4d7505c00812ef87212cb228d8fa4f7dee4cd8c45e60fc96d4e7b823d	92c868ca47ed6983d02260a58a289d456a60268a90eb37ea6a61fa7af24f90eb	cc882758c98c5180e0754fce432ab6578e38050d8016484304fcb9bbd2776cff	source_specimens_1600.jsonl#RAG-hotpotqa-5a7300b85542994cef4bc41a:A	435219f45ebab216a00fa85aa428821546a578712adfd97fa9016d162646e9ab	e7354650a9bcd9758850f8a8ec45978d4cafeb490f78a29037db49e5c0a10e56	source_specimens_1600.jsonl#RAG-hotpotqa-5a7300b85542994cef4bc41a:B	RIDI-RAG-NATURE-v2-PROSPECTIVE/C2/QWEN3-BM25-K10-RANDOM	0f7babda273f68e2095343f2fb33f2dca3c8720f95ed87ca3a0f47d1b337b063	NO_AUTHORITATIVE_REQUIREMENT_SPECIFIED	TRUE	Primary registered RAG reference/random pair; exact grade-vector equality verified structurally; endpoints hash-bound without comparing outputs; no authoritative source support-count rule specified.
RAG-hotpotqa-5a73024f5542991f9a20c5fc	e9521da16cba2acd1c213f4a91b3fc6d086cdc0d424f52c517873eed7d00edab	d61faf40015f2d04a3435e12b3b222d86d8299b8640aa008f9ebffcb206dbd52	60a38734693d07a4de93feae1eb927ed8bf61298a13f62897ee9fcb77906c868	source_specimens_1600.jsonl#RAG-hotpotqa-5a73024f5542991f9a20c5fc:A	32631731e6437f92ef8889f761fa514e6e5367074b3c3feac7b1abe39b6b920e	86a58de06ed0ea9895bd84f5921d3638f87956e40b101efb8794667378ad08b8	source_specimens_1600.jsonl#RAG-hotpotqa-5a73024f5542991f9a20c5fc:B	RIDI-RAG-NATURE-v2-PROSPECTIVE/C2/QWEN3-BM25-K10-RANDOM	0f7babda273f68e2095343f2fb33f2dca3c8720f95ed87ca3a0f47d1b337b063	NO_AUTHORITATIVE_REQUIREMENT_SPECIFIED	TRUE	Primary registered RAG reference/random pair; exact grade-vector equality verified structurally; endpoints hash-bound without comparing outputs; no authoritative source support-count rule specified.
RAG-hotpotqa-5a7302b75542991f9a20c5fd	3d050b99c932eced87a9be81d912582ece68841b721735aacb03f8e4cd2afbc4	1b98f57ac8dde6552948c293dff5fd953d139d8fd91f8d03fc9f4471ec49b889	a626ee15fe8dbe628bccb7114f1fca4afd7819bb15e33a9f0537e4c1c051ed06	source_specimens_1600.jsonl#RAG-hotpotqa-5a7302b75542991f9a20c5fd:A	a6269f507802cca58dfa880689d591eaa7475a6691813c568b57cff0920de10b	4258666e417137bea181d145410a428b9a7262262a74848f29708d5aeba6e560	source_specimens_1600.jsonl#RAG-hotpotqa-5a7302b75542991f9a20c5fd:B	RIDI-RAG-NATURE-v2-PROSPECTIVE/C2/QWEN3-BM25-K10-RANDOM	0f7babda273f68e2095343f2fb33f2dca3c8720f95ed87ca3a0f47d1b337b063	NO_AUTHORITATIVE_REQUIREMENT_SPECIFIED	TRUE	Primary registered RAG reference/random pair; exact grade-vector equality verified structurally; endpoints hash-bound without comparing outputs; no authoritative source support-count rule specified.
RAG-hotpotqa-5a7306a655429901807daf67	20c2fd45b580718ae6592101e90a35129fdd568ec809201636561e0edceade60	172c0110fd22ecb6b7fbbd209fe338f204d94c5620a8fde9991f8ca6ede0da01	11d97bb2f84eae14a2c33800689f5c03e3080e562e73a9efda700e9f55c72673	source_specimens_1600.jsonl#RAG-hotpotqa-5a7306a655429901807daf67:A	e3832afa8fc579d577e60d418bef34b49ecb59203b46ff30f7a0d5ac198769ed	8c1bce137aadfbc8895b8b7067e22e11350e62a39de6e3526761a68f896db8ab	source_specimens_1600.jsonl#RAG-hotpotqa-5a7306a655429901807daf67:B	RIDI-RAG-NATURE-v2-PROSPECTIVE/C2/QWEN3-BM25-K10-RANDOM	0f7babda273f68e2095343f2fb33f2dca3c8720f95ed87ca3a0f47d1b337b063	NO_AUTHORITATIVE_REQUIREMENT_SPECIFIED	TRUE	Primary registered RAG reference/random pair; exact grade-vector equality verified structurally; endpoints hash-bound without comparing outputs; no authoritative source support-count rule specified.
RAG-hotpotqa-5a73073d55429901807daf69	a378919e08187de0931b08da99ce06a8194d9162163d5abd59703c8d37b23445	97e594080b256a3cb4aefbc92d285153e46e38213daa4c8c0478d314b9eb74fe	8c6621df4444293236a1372bf6b8c0e7d43dc55fd7d670755762d661e4ed883c	source_specimens_1600.jsonl#RAG-hotpotqa-5a73073d55429901807daf69:A	7d4a7664052d29c45fecd30f136ceb529c90cc32d2a86acc2a7fafd9c53b0531	3050de67e8349be7764d5eab8c36814b5a40e063974b8c7ae935dde2334b3d49	source_specimens_1600.jsonl#RAG-hotpotqa-5a73073d55429901807daf69:B	RIDI-RAG-NATURE-v2-PROSPECTIVE/C2/QWEN3-BM25-K10-RANDOM	0f7babda273f68e2095343f2fb33f2dca3c8720f95ed87ca3a0f47d1b337b063	NO_AUTHORITATIVE_REQUIREMENT_SPECIFIED	TRUE	Primary registered RAG reference/random pair; exact grade-vector equality verified structurally; endpoints hash-bound without comparing outputs; no authoritative source support-count rule specified.
RAG-hotpotqa-5a73090455429901807daf6e	a2409ff17b8252e5bf1df20e05951bf22ca545eee88f3f5bac7ac044edea9905	02eeaf3d94951c80d49057e62277d7b56fc302ca09b6ad5b7453411cfeba6aab	811d4697eb5c8fa96a2ec4e37c4e868145792666783ac07ddc09d0a478c929e3	source_specimens_1600.jsonl#RAG-hotpotqa-5a73090455429901807daf6e:A	ab15a2aade9b6901b131646f81875f079fcc8cdb523c9e72f5b559bd06cdbc76	3025bc3141c39d27a956a88037debbdc92a9a4f0e912ea1def9d5739fd8fe1a5	source_specimens_1600.jsonl#RAG-hotpotqa-5a73090455429901807daf6e:B	RIDI-RAG-NATURE-v2-PROSPECTIVE/C2/QWEN3-BM25-K10-RANDOM	0f7babda273f68e2095343f2fb33f2dca3c8720f95ed87ca3a0f47d1b337b063	NO_AUTHORITATIVE_REQUIREMENT_SPECIFIED	TRUE	Primary registered RAG reference/random pair; exact grade-vector equality verified structurally; endpoints hash-bound without comparing outputs; no authoritative source support-count rule specified.
RAG-hotpotqa-5a7309a15542992359bc320c	12a29f8039267ca3a28f9cd2cd00fac22e7a0a7d253b868722f21a87f1c32dab	10fbf095824867925c371da7d0d91e9b9d72a66e50c2b626dc2168a6afd9557f	1834e0b8a1d1213754da81692d944294dcd25c7ad2b0a056eebe249593256923	source_specimens_1600.jsonl#RAG-hotpotqa-5a7309a15542992359bc320c:A	e9a3e1024d3afe750bdd233848c11bf3fd6ae0827b2346b93f27f1d1b8c6bc07	f9197abda85819a7088cc1d8bc492467e5bd7c70d7953060c988db35d1981b14	source_specimens_1600.jsonl#RAG-hotpotqa-5a7309a15542992359bc320c:B	RIDI-RAG-NATURE-v2-PROSPECTIVE/C2/QWEN3-BM25-K10-RANDOM	0f7babda273f68e2095343f2fb33f2dca3c8720f95ed87ca3a0f47d1b337b063	NO_AUTHORITATIVE_REQUIREMENT_SPECIFIED	TRUE	Primary registered RAG reference/random pair; exact grade-vector equality verified structurally; endpoints hash-bound without comparing outputs; no authoritative source support-count rule specified.
RAG-hotpotqa-5a730a6b5542992359bc3210	12e622ff1051f9eb12a22cae8dc161db4bbd19aa8ebffeebef50232a9a8772a9	e0febacd235984c48ec4c31910d3a60c0bead22c7b7220982bd4ce9c395c244c	2eaf333c410d21999f4c1b5dcc34eb047bd5c35920e5849467dd84a3f58c3ae4	source_specimens_1600.jsonl#RAG-hotpotqa-5a730a6b5542992359bc3210:A	6bce7acf73a30490153ddcc0872cade19b269d37ba5b6dbbaed5809293881bc6	5b438f08af19ec40ab837e7416ed16689e948325672b4a12ab48eeb3da80ad72	source_specimens_1600.jsonl#RAG-hotpotqa-5a730a6b5542992359bc3210:B	RIDI-RAG-NATURE-v2-PROSPECTIVE/C2/QWEN3-BM25-K10-RANDOM	0f7babda273f68e2095343f2fb33f2dca3c8720f95ed87ca3a0f47d1b337b063	NO_AUTHORITATIVE_REQUIREMENT_SPECIFIED	TRUE	Primary registered RAG reference/random pair; exact grade-vector equality verified structurally; endpoints hash-bound without comparing outputs; no authoritative source support-count rule specified.
RAG-hotpotqa-5a730abe5542994cef4bc42f	bd1b981faac1e954e863c490f64b6738af7b4ff5bef4101228b058e7dc19788a	7ed6e84c4a72d9b8c82d469be4c123f3728eabcf41f3c668bb1a2062e5316e71	0fd9246206e35794d52d488dadf72b3992b06e504f5f18e51020db17f851e92d	source_specimens_1600.jsonl#RAG-hotpotqa-5a730abe5542994cef4bc42f:A	5274095b25a7132564891177af6fb33492c8003d07c6e5dff3324d45edea5cb8	341ea70204c5796e3ff873a5e9471f4e23109f3981676c8aa2b112c0ff113293	source_specimens_1600.jsonl#RAG-hotpotqa-5a730abe5542994cef4bc42f:B	RIDI-RAG-NATURE-v2-PROSPECTIVE/C2/QWEN3-BM25-K10-RANDOM	0f7babda273f68e2095343f2fb33f2dca3c8720f95ed87ca3a0f47d1b337b063	NO_AUTHORITATIVE_REQUIREMENT_SPECIFIED	TRUE	Primary registered RAG reference/random pair; exact grade-vector equality verified structurally; endpoints hash-bound without comparing outputs; no authoritative source support-count rule specified.
RAG-hotpotqa-5a7312675542994cef4bc43d	36132a8adef3aa4a0d3463dd63a80b8d44e7aff9d10030c78c1a665ba3a2dfd0	ef1a5a2e56232b3ce8afecfc8f70a1f950a34c509a795ca81b3aefa595b6f5ca	d872f8fb98b7a2001310efaa5b7f1fdae3fcc7ba319352566425e9361d002398	source_specimens_1600.jsonl#RAG-hotpotqa-5a7312675542994cef4bc43d:A	77832927ca3503f305846a1f63876c0b5a47f24456991e21cd999638adfcf9eb	fa8423f9f6f88a56fd9aafeafa45784e19f14f13896619ec77497b8a0d34479e	source_specimens_1600.jsonl#RAG-hotpotqa-5a7312675542994cef4bc43d:B	RIDI-RAG-NATURE-v2-PROSPECTIVE/C2/QWEN3-BM25-K10-RANDOM	0f7babda273f68e2095343f2fb33f2dca3c8720f95ed87ca3a0f47d1b337b063	NO_AUTHORITATIVE_REQUIREMENT_SPECIFIED	TRUE	Primary registered RAG reference/random pair; exact grade-vector equality verified structurally; endpoints hash-bound without comparing outputs; no authoritative source support-count rule specified.
RAG-hotpotqa-5a7313865542994cef4bc442	4a2f2fd94a3840c3a30c951a0a2177fc089e7618270b6b7d9565cedbad10e42b	d9602091d392145cb7272ae36298fad04da14696b992c1963bcb13c379e9345e	62c2ceb32be89ac4afe9a9ea5fa29042d9ae5c11ed7b8d7ad7696964ef5fe9b5	source_specimens_1600.jsonl#RAG-hotpotqa-5a7313865542994cef4bc442:A	1de5d904276a70c44ae7058b650f0d74080ac40036855d03d7565b9ba1181392	1c02c5314f6426e80b78659931a345a6c371b5c34fd62096fa32a1ec6faec217	source_specimens_1600.jsonl#RAG-hotpotqa-5a7313865542994cef4bc442:B	RIDI-RAG-NATURE-v2-PROSPECTIVE/C2/QWEN3-BM25-K10-RANDOM	0f7babda273f68e2095343f2fb33f2dca3c8720f95ed87ca3a0f47d1b337b063	NO_AUTHORITATIVE_REQUIREMENT_SPECIFIED	TRUE	Primary registered RAG reference/random pair; exact grade-vector equality verified structurally; endpoints hash-bound without comparing outputs; no authoritative source support-count rule specified.
RAG-hotpotqa-5a7319bc5542992359bc3235	a977ea2e6b82aead299f2e4e01b72267286f78496de76f715ca7b43801bf73e0	523be8d5ae462bbad62e712216d59398f1aa04b0d08634806509a71a84505035	4c803bece2cffa3ab61fdc298b51995adbab131dd5a66ad00c09e4d124151dc8	source_specimens_1600.jsonl#RAG-hotpotqa-5a7319bc5542992359bc3235:A	3b7e2436236d9fb1ff40f276b0dd149f159d7951ee783b8a439575e2685faa1b	19d3db133aaa7a065ed52b10c385c41ac1b277fcdd44e1941bd4ccdaedea58f0	source_specimens_1600.jsonl#RAG-hotpotqa-5a7319bc5542992359bc3235:B	RIDI-RAG-NATURE-v2-PROSPECTIVE/C2/QWEN3-BM25-K10-RANDOM	0f7babda273f68e2095343f2fb33f2dca3c8720f95ed87ca3a0f47d1b337b063	NO_AUTHORITATIVE_REQUIREMENT_SPECIFIED	TRUE	Primary registered RAG reference/random pair; exact grade-vector equality verified structurally; endpoints hash-bound without comparing outputs; no authoritative source support-count rule specified.
RAG-hotpotqa-5a7319e755429901807daf86	312c7cebd58c901afdf4aa9ce2f3bd403fd9b99dfc34f5ee439bfa1161970534	e3ed73963139dcfeacd37690267a886fba6295af24ba24f462588991dab87557	cde4b03089b4df7711e1c3b595d5c9e7b81de63864585a4c32f9b41f34fd6277	source_specimens_1600.jsonl#RAG-hotpotqa-5a7319e755429901807daf86:A	c120c6fdfecee82b670e41435120775e5b45219463e4b116838f6d2a9e984dc6	21a62b6064ae136e4878961c87f08d6514da80893a8a320a2ff24598fa2fb565	source_specimens_1600.jsonl#RAG-hotpotqa-5a7319e755429901807daf86:B	RIDI-RAG-NATURE-v2-PROSPECTIVE/C2/QWEN3-BM25-K10-RANDOM	0f7babda273f68e2095343f2fb33f2dca3c8720f95ed87ca3a0f47d1b337b063	NO_AUTHORITATIVE_REQUIREMENT_SPECIFIED	TRUE	Primary registered RAG reference/random pair; exact grade-vector equality verified structurally; endpoints hash-bound without comparing outputs; no authoritative source support-count rule specified.
RAG-hotpotqa-5a731a635542994cef4bc458	5ed076ae31b86399ad75275b320496e838659dbd439ab4d80ee3861930d778e9	51255d54c517a7dcce470b747a581ee7b96b7cc895ad89a8c81f1bef21807a46	1783f4f7aae17a71b53685d8767736b82b079ea77cc265b6ae50abc2e6039269	source_specimens_1600.jsonl#RAG-hotpotqa-5a731a635542994cef4bc458:A	f339fbc167de04bfd79e7b97029968ac14d19c33b627ee8fd2a90f172a754fc9	5f5cad648d105493a8dacb03d086a9d1da713ae21da4d676563e5941983d1641	source_specimens_1600.jsonl#RAG-hotpotqa-5a731a635542994cef4bc458:B	RIDI-RAG-NATURE-v2-PROSPECTIVE/C2/QWEN3-BM25-K10-RANDOM	0f7babda273f68e2095343f2fb33f2dca3c8720f95ed87ca3a0f47d1b337b063	NO_AUTHORITATIVE_REQUIREMENT_SPECIFIED	TRUE	Primary registered RAG reference/random pair; exact grade-vector equality verified structurally; endpoints hash-bound without comparing outputs; no authoritative source support-count rule specified.
RAG-hotpotqa-5a731c205542994cef4bc45d	66d830b2b4b05aa111e050bf39d84a5cd6602c86ed78a9c193e19375d5d2d9ee	cc8a09bc260a8f09b60c86385e3ff8a91e9e3c683c29129a8fd1fdaeee455b62	8ae6677206fe47758327ef1d88a5d64f4d55a03f3e5e183f6565d0f2ff97734e	source_specimens_1600.jsonl#RAG-hotpotqa-5a731c205542994cef4bc45d:A	85453ba5ddac30585bb7d70fb33a0f4af1ce74cacd9aa4a9ed3cdaa0d92b78ed	f8153535ec96058b5b71e1c5201d024c0fbf9d857857a0b9f5c1a68ec362809f	source_specimens_1600.jsonl#RAG-hotpotqa-5a731c205542994cef4bc45d:B	RIDI-RAG-NATURE-v2-PROSPECTIVE/C2/QWEN3-BM25-K10-RANDOM	0f7babda273f68e2095343f2fb33f2dca3c8720f95ed87ca3a0f47d1b337b063	NO_AUTHORITATIVE_REQUIREMENT_SPECIFIED	TRUE	Primary registered RAG reference/random pair; exact grade-vector equality verified structurally; endpoints hash-bound without comparing outputs; no authoritative source support-count rule specified.
RAG-hotpotqa-5a7320565542991f9a20c61d	0bd2c71d78c9da70f5d678150f0695e4d51c841eaa4e48e961ec65b4cd99c3d4	a7c006ad490bd46b422cbe843b52c131c29b448c756d4cfea1a299c0bfa0d733	3c537d1b49e3a5cc62a60a1e020b01320ef5bc4b5f184b5fc4e834936cca5cdc	source_specimens_1600.jsonl#RAG-hotpotqa-5a7320565542991f9a20c61d:A	1063e18bdb800e164279f5436b25aa05b0c1978522cbc39ee15e449e9b9adeed	7a67a0e2a7edaa6c1f420da7db5454349aed6950de90f991e4f770e21ca8edfe	source_specimens_1600.jsonl#RAG-hotpotqa-5a7320565542991f9a20c61d:B	RIDI-RAG-NATURE-v2-PROSPECTIVE/C2/QWEN3-BM25-K10-RANDOM	0f7babda273f68e2095343f2fb33f2dca3c8720f95ed87ca3a0f47d1b337b063	NO_AUTHORITATIVE_REQUIREMENT_SPECIFIED	TRUE	Primary registered RAG reference/random pair; exact grade-vector equality verified structurally; endpoints hash-bound without comparing outputs; no authoritative source support-count rule specified.
RAG-hotpotqa-5a7320ac5542991f9a20c620	f5376dd84be3d6bae498f212982dacdc89754a6a631f9d3aff41a259bc375e4c	ac2d6b8e71350e88b22529bdaaa5d2fabcceea4b5f0eecf76165e739fbf0b1d7	50ac9de874fa129fbd30c70fee6f87aeca482f2df307a0e6e3e4a5599a4de07b	source_specimens_1600.jsonl#RAG-hotpotqa-5a7320ac5542991f9a20c620:A	b1c15da56be08e327cf9b3b4bfdaea3683110cb01a2db9338734f891a3766635	438632db276bd453511a08057a60020c309185e1935f751a91342620b329e964	source_specimens_1600.jsonl#RAG-hotpotqa-5a7320ac5542991f9a20c620:B	RIDI-RAG-NATURE-v2-PROSPECTIVE/C2/QWEN3-BM25-K10-RANDOM	0f7babda273f68e2095343f2fb33f2dca3c8720f95ed87ca3a0f47d1b337b063	NO_AUTHORITATIVE_REQUIREMENT_SPECIFIED	TRUE	Primary registered RAG reference/random pair; exact grade-vector equality verified structurally; endpoints hash-bound without comparing outputs; no authoritative source support-count rule specified.
RAG-hotpotqa-5a7322165542994cef4bc470	1b1085ed220959c537a9745af58ee714cf07b07c3a9915c08adf925418a42555	d0115ed8179d49c05e6e241027857a5ffa3e770fdc391af26a61c95983ae19fe	6ac4074605bfd5362cebabbb69672ba5676510be603cc4346dff2c903fd288b6	source_specimens_1600.jsonl#RAG-hotpotqa-5a7322165542994cef4bc470:A	4469e32e22f6f809031f8f26f6ebe7a297a13391779057761732db5e4b6dbda4	e08d822b684a6804ac559fb77ef587d163ce90ae2a2ba1182684c1d66f27a15d	source_specimens_1600.jsonl#RAG-hotpotqa-5a7322165542994cef4bc470:B	RIDI-RAG-NATURE-v2-PROSPECTIVE/C2/QWEN3-BM25-K10-RANDOM	0f7babda273f68e2095343f2fb33f2dca3c8720f95ed87ca3a0f47d1b337b063	NO_AUTHORITATIVE_REQUIREMENT_SPECIFIED	TRUE	Primary registered RAG reference/random pair; exact grade-vector equality verified structurally; endpoints hash-bound without comparing outputs; no authoritative source support-count rule specified.
RAG-hotpotqa-5a7322a25542991f9a20c634	d68463a691b0dba06e642f0fd4ee29b051ed60db78ebc7c62337a249b06a0e2e	ce3aadb12c4a6c48fb657e6ddcd00e78196ff015a95a107f6cf7f0fe5186344a	5fe4655c92053dce9b32e0c7b17a604f37ec25e13909614f8f499fb153984c65	source_specimens_1600.jsonl#RAG-hotpotqa-5a7322a25542991f9a20c634:A	31d86133bf8b2c77279881bfb1ab0da4d5abf867219f7e0a44a19ffe79a92bcc	4d46eb5e02a374a55dbb0d00ae353f1053d5dac98f31fb6dbb41fb52c08045e5	source_specimens_1600.jsonl#RAG-hotpotqa-5a7322a25542991f9a20c634:B	RIDI-RAG-NATURE-v2-PROSPECTIVE/C2/QWEN3-BM25-K10-RANDOM	0f7babda273f68e2095343f2fb33f2dca3c8720f95ed87ca3a0f47d1b337b063	NO_AUTHORITATIVE_REQUIREMENT_SPECIFIED	TRUE	Primary registered RAG reference/random pair; exact grade-vector equality verified structurally; endpoints hash-bound without comparing outputs; no authoritative source support-count rule specified.
RAG-hotpotqa-5a73235c5542994cef4bc475	77a4fee222e6a264c55705ae6958c09492e496205814a8de3c96d65bf01184ee	0b998718e6f1c4c11d6fd9528bd656cf78e5cd94269d88f7bee3777989a2a018	2539bb81ed628104a0132edb95b0261ae6b64634a625d36a9a618e2a4cce5c5f	source_specimens_1600.jsonl#RAG-hotpotqa-5a73235c5542994cef4bc475:A	fdd69605d77bed935e1aea9189f9f32549639a363c388559c6fe7943916a2cea	b06bf70d082f32af9a7c796ba3627570013ff314b8a669fae9d968c9c93b4461	source_specimens_1600.jsonl#RAG-hotpotqa-5a73235c5542994cef4bc475:B	RIDI-RAG-NATURE-v2-PROSPECTIVE/C2/QWEN3-BM25-K10-RANDOM	0f7babda273f68e2095343f2fb33f2dca3c8720f95ed87ca3a0f47d1b337b063	NO_AUTHORITATIVE_REQUIREMENT_SPECIFIED	TRUE	Primary registered RAG reference/random pair; exact grade-vector equality verified structurally; endpoints hash-bound without comparing outputs; no authoritative source support-count rule specified.
RAG-hotpotqa-5a7323ad5542994cef4bc476	de09e829e5b421cdffdfb94416a8062029d484f83634224d8b7e4506b28bf57a	3d5ee86d6956e2401491a387deb148dffc1d05a1d9aaeabfdcbac5ac00b161ee	b72bde0a1404bc03af48330e6c9a873b5318d22e8dd9b4272cd9aa0b212543a1	source_specimens_1600.jsonl#RAG-hotpotqa-5a7323ad5542994cef4bc476:A	a10519edc73d45f5f66639049f0c40da99057b93fe39ecd296ba7891332791f0	5be533674b2f1d6664391facf397cf11dedab7dc9317d93a5d06ad1d9d7d5799	source_specimens_1600.jsonl#RAG-hotpotqa-5a7323ad5542994cef4bc476:B	RIDI-RAG-NATURE-v2-PROSPECTIVE/C2/QWEN3-BM25-K10-RANDOM	0f7babda273f68e2095343f2fb33f2dca3c8720f95ed87ca3a0f47d1b337b063	NO_AUTHORITATIVE_REQUIREMENT_SPECIFIED	TRUE	Primary registered RAG reference/random pair; exact grade-vector equality verified structurally; endpoints hash-bound without comparing outputs; no authoritative source support-count rule specified.
RAG-hotpotqa-5a7323ef5542994cef4bc477	c0f3f1d79889cffbb8a35daaea64a1d7a394c363ae7b7ef11767cffe04c014a9	7ec89b5ea7ff7d1de3495abd75b945ed45e44ca5203f44030e900f9e4523c472	a2d9b9d9c424dfa1d78abca11b91b6ca3e99a73247985428814a7582ed7b701c	source_specimens_1600.jsonl#RAG-hotpotqa-5a7323ef5542994cef4bc477:A	c84431bccf346a93b7a99ae61f8562397cd6aa12f80219bd7385db1345e58017	c5faea54ad6952695207fa18fefd63d654c2e15c04231508162ff7d9c712586e	source_specimens_1600.jsonl#RAG-hotpotqa-5a7323ef5542994cef4bc477:B	RIDI-RAG-NATURE-v2-PROSPECTIVE/C2/QWEN3-BM25-K10-RANDOM	0f7babda273f68e2095343f2fb33f2dca3c8720f95ed87ca3a0f47d1b337b063	NO_AUTHORITATIVE_REQUIREMENT_SPECIFIED	TRUE	Primary registered RAG reference/random pair; exact grade-vector equality verified structurally; endpoints hash-bound without comparing outputs; no authoritative source support-count rule specified.
RAG-hotpotqa-5a7324205542994cef4bc478	6e60cb5aae499fba8d40da71d3430cda72e33f55cfaf6f9ec79b3252f3c2ecd3	a5816689da57864db58844501b3fbf514ae8bc5cbf8d107a9505817c5c9ff3ae	379060472a01ce5527c72629b8b67ff0facef90eb435725a93bc7de477200072	source_specimens_1600.jsonl#RAG-hotpotqa-5a7324205542994cef4bc478:A	459482ec3d2cb60fa400d297b1c266fe1a249424f85980b0e44b0caa377dfed4	48b03030d93c0c78f560e2e7e906ef7748828fe0d03c33804dd20168668d5b1c	source_specimens_1600.jsonl#RAG-hotpotqa-5a7324205542994cef4bc478:B	RIDI-RAG-NATURE-v2-PROSPECTIVE/C2/QWEN3-BM25-K10-RANDOM	0f7babda273f68e2095343f2fb33f2dca3c8720f95ed87ca3a0f47d1b337b063	NO_AUTHORITATIVE_REQUIREMENT_SPECIFIED	TRUE	Primary registered RAG reference/random pair; exact grade-vector equality verified structurally; endpoints hash-bound without comparing outputs; no authoritative source support-count rule specified.
RAG-hotpotqa-5a7324e055429901807daf8f	c6735c29dd6f114603cebfbb92db3c948370de7c922e9c3cbc03a59e0b93eca9	413a8154e4b86fa3c9bba898f01ae930ee2a5b459eb9b258632a694b3c0eff2a	e41486a84c707b365b9cbcd1ab383434f4d1a33ce2e585e8db5c200269969f83	source_specimens_1600.jsonl#RAG-hotpotqa-5a7324e055429901807daf8f:A	5056e78c989a10e6c69d3147b92c6ed97f07c912aa1d6c18576016919713f5d0	76746a2c7dcda809bf861e4ad61a3134f3cb17d4d6c93d7fb18f6ee18687fd3e	source_specimens_1600.jsonl#RAG-hotpotqa-5a7324e055429901807daf8f:B	RIDI-RAG-NATURE-v2-PROSPECTIVE/C2/QWEN3-BM25-K10-RANDOM	0f7babda273f68e2095343f2fb33f2dca3c8720f95ed87ca3a0f47d1b337b063	NO_AUTHORITATIVE_REQUIREMENT_SPECIFIED	TRUE	Primary registered RAG reference/random pair; exact grade-vector equality verified structurally; endpoints hash-bound without comparing outputs; no authoritative source support-count rule specified.
RAG-hotpotqa-5a73250a5542991f9a20c643	3d117f39febe3a1f29d242dda603304bee1a9bae165b72a05f660a7dc75a4791	622b76b6a757150298cd14492062b9526b30cfe0d225ccfc9ad71a6679bebc4f	69bea3428301394f419ad889ad823fe09f0a214f6ecce8a7b53e50eb02d9986d	source_specimens_1600.jsonl#RAG-hotpotqa-5a73250a5542991f9a20c643:A	aca0eb1613b368afccb87a5f2debb81a8168feb32bb33f682f76e243ddbaceda	5a774b242d71da10ba88b5a75968d11a0268f1dc3e40acd132f77c59c45d5b81	source_specimens_1600.jsonl#RAG-hotpotqa-5a73250a5542991f9a20c643:B	RIDI-RAG-NATURE-v2-PROSPECTIVE/C2/QWEN3-BM25-K10-RANDOM	0f7babda273f68e2095343f2fb33f2dca3c8720f95ed87ca3a0f47d1b337b063	NO_AUTHORITATIVE_REQUIREMENT_SPECIFIED	TRUE	Primary registered RAG reference/random pair; exact grade-vector equality verified structurally; endpoints hash-bound without comparing outputs; no authoritative source support-count rule specified.
RAG-hotpotqa-5a73266d5542994cef4bc47d	8217c76f7ab8777a5ab0364270918f44dca334f50b93275f0330781ad0fcdb50	dc56c177d53b9986a2740f0deb126b9236c88a40fa31c4b886251b6a65d8c365	f90da5147090c39f3566cbba0629b4cdb156dab2526759975c7e83fee0587e01	source_specimens_1600.jsonl#RAG-hotpotqa-5a73266d5542994cef4bc47d:A	a4edf6c32cc0b207ee6bfa8a7c7ec87f5118d392a7e2be02c7ed3aadd467047d	9ebc8e19681379358a29562952e5a082dba524efe676164e2076dfc4df7eabae	source_specimens_1600.jsonl#RAG-hotpotqa-5a73266d5542994cef4bc47d:B	RIDI-RAG-NATURE-v2-PROSPECTIVE/C2/QWEN3-BM25-K10-RANDOM	0f7babda273f68e2095343f2fb33f2dca3c8720f95ed87ca3a0f47d1b337b063	NO_AUTHORITATIVE_REQUIREMENT_SPECIFIED	TRUE	Primary registered RAG reference/random pair; exact grade-vector equality verified structurally; endpoints hash-bound without comparing outputs; no authoritative source support-count rule specified.
RAG-hotpotqa-5a7326cb5542994cef4bc47f	c8df2ec5dcdbfd31de70ef05ea68f5b2dd3e7bd7603589d5e07e8d8f3cd3b7ee	019f6ae3269dfda5ff996ec0ffa3e464e6cdf279ff5c80307fe68aaced2de430	e78e4bd2b8eee0822b5539adf5922fc13e26ede093c302bbe46c89f4d6bff644	source_specimens_1600.jsonl#RAG-hotpotqa-5a7326cb5542994cef4bc47f:A	eb57d14539545959d9aaa3ce79422b76260cf30b9010bee80c031532bb6a9bbe	5f1a349de7998aba4ada074b2a4bfd72d148762e3ace94afc2b75dd8b4326a47	source_specimens_1600.jsonl#RAG-hotpotqa-5a7326cb5542994cef4bc47f:B	RIDI-RAG-NATURE-v2-PROSPECTIVE/C2/QWEN3-BM25-K10-RANDOM	0f7babda273f68e2095343f2fb33f2dca3c8720f95ed87ca3a0f47d1b337b063	NO_AUTHORITATIVE_REQUIREMENT_SPECIFIED	TRUE	Primary registered RAG reference/random pair; exact grade-vector equality verified structurally; endpoints hash-bound without comparing outputs; no authoritative source support-count rule specified.
RAG-hotpotqa-5a7326cd5542991f29ee2d11	190be52553b86d97ff424d4e4693134af2ff725923652b5ab459ab8bd1998e91	0cbb20c0b3d0720a2cb6e8816463539add0efafd726335b5ffcfd2a9b1593350	5a7596c2375ac5d4d197f5c78a375bfc00fdc8645061ba17be39fdeace24df9f	source_specimens_1600.jsonl#RAG-hotpotqa-5a7326cd5542991f29ee2d11:A	d881f2598d0336e200c8f6d8aa3874e698b48d1a082dc5126fcfc31bdfad636c	2bf9e78ae5dfb21ebe422adf139aef3552abbb363c559c91bcc4df1698db49b9	source_specimens_1600.jsonl#RAG-hotpotqa-5a7326cd5542991f29ee2d11:B	RIDI-RAG-NATURE-v2-PROSPECTIVE/C2/QWEN3-BM25-K10-RANDOM	0f7babda273f68e2095343f2fb33f2dca3c8720f95ed87ca3a0f47d1b337b063	NO_AUTHORITATIVE_REQUIREMENT_SPECIFIED	TRUE	Primary registered RAG reference/random pair; exact grade-vector equality verified structurally; endpoints hash-bound without comparing outputs; no authoritative source support-count rule specified.
RAG-hotpotqa-5a7327265542994cef4bc480	be899b2b4d2f2a7b136f0820ba693b0038f22c5d965e03ddaad2e045b76307df	04d2dc6721250bb0d231de9e912e3c40f118ee4e9affdaa0dabfc35862a2a83c	be05a9d6095598a1181de6ab4bbbda4f3e57c32cdd8d9fdb160218adaccb4aa5	source_specimens_1600.jsonl#RAG-hotpotqa-5a7327265542994cef4bc480:A	ef1c4ac5d33170d6ace39b021a6129d06ebdba970ef85f440ed84cc7362077e8	850abe1c1e2bc64f751494392380382d0e144db1372ddea166c9bb3af96e8cce	source_specimens_1600.jsonl#RAG-hotpotqa-5a7327265542994cef4bc480:B	RIDI-RAG-NATURE-v2-PROSPECTIVE/C2/QWEN3-BM25-K10-RANDOM	0f7babda273f68e2095343f2fb33f2dca3c8720f95ed87ca3a0f47d1b337b063	NO_AUTHORITATIVE_REQUIREMENT_SPECIFIED	TRUE	Primary registered RAG reference/random pair; exact grade-vector equality verified structurally; endpoints hash-bound without comparing outputs; no authoritative source support-count rule specified.
RAG-hotpotqa-5a7329a15542991f9a20c65f	a50ca3a3ea914d3b3cb48adbb0e9cf309e578c8848fb8238668f8938188ab746	0a82f35fd207b9bf2402f3e17467e8cbef76f0a8ddc185dd79bb603aa9cf306c	7a687fdf45f5b8f3d7751af04aa121832efde6744047f866673b94f584e48a22	source_specimens_1600.jsonl#RAG-hotpotqa-5a7329a15542991f9a20c65f:A	b89b6e8513711cae5d3eecd72430e39a3071915fac4a9085cc5c7474fcc3a506	b64507d86ec0ef0d92e351b7ecac735d67219d6d57ee618cd99ee94823ccb629	source_specimens_1600.jsonl#RAG-hotpotqa-5a7329a15542991f9a20c65f:B	RIDI-RAG-NATURE-v2-PROSPECTIVE/C2/QWEN3-BM25-K10-RANDOM	0f7babda273f68e2095343f2fb33f2dca3c8720f95ed87ca3a0f47d1b337b063	NO_AUTHORITATIVE_REQUIREMENT_SPECIFIED	TRUE	Primary registered RAG reference/random pair; exact grade-vector equality verified structurally; endpoints hash-bound without comparing outputs; no authoritative source support-count rule specified.
RAG-hotpotqa-5a732aa055429901807daf9f	f7bd4302fa5511df6fbda1277a81e6703fe06f4f39f6a316e0b20d89ef00b2c0	6f7f4d9fa97425d420012e3d7b0e019dd6652a08d550e46c5fb1c35a0a48a644	b800702fbe3efb57878e7d63d6661e49b9cc2aafd8dbff7e9196c1c4780175f8	source_specimens_1600.jsonl#RAG-hotpotqa-5a732aa055429901807daf9f:A	9ce44f1413784fa27ce1eae7642c22d98df495a66013d6eb099583adb3f934e1	3316021d95f4411ba4aab86739137a43dee33fc3afb37ce6189fbe082aa47ad4	source_specimens_1600.jsonl#RAG-hotpotqa-5a732aa055429901807daf9f:B	RIDI-RAG-NATURE-v2-PROSPECTIVE/C2/QWEN3-BM25-K10-RANDOM	0f7babda273f68e2095343f2fb33f2dca3c8720f95ed87ca3a0f47d1b337b063	NO_AUTHORITATIVE_REQUIREMENT_SPECIFIED	TRUE	Primary registered RAG reference/random pair; exact grade-vector equality verified structurally; endpoints hash-bound without comparing outputs; no authoritative source support-count rule specified.
RAG-hotpotqa-5a732aaa5542992359bc325a	5fbeff18abb992751bec13f0eae5062fc2c1b85ed1abaaa45af9a8d4ddf7dd8e	919668b6a51d667c20cfb3299691c1bbe002c6f1537a7b85dd260a69e3504d61	3b0ac9708559a9cd42bf0be40cbcc28cdb646cc8e43481cc48b91890c5fd9904	source_specimens_1600.jsonl#RAG-hotpotqa-5a732aaa5542992359bc325a:A	09d65ad0470834dede06e27954a1f992c961ab8101db43decf9c9dedc712f081	c77caa8ae5fc8666c0b1fc69a83a9f6d73931fc5f6f94c3f462ff736cfe04e6f	source_specimens_1600.jsonl#RAG-hotpotqa-5a732aaa5542992359bc325a:B	RIDI-RAG-NATURE-v2-PROSPECTIVE/C2/QWEN3-BM25-K10-RANDOM	0f7babda273f68e2095343f2fb33f2dca3c8720f95ed87ca3a0f47d1b337b063	NO_AUTHORITATIVE_REQUIREMENT_SPECIFIED	TRUE	Primary registered RAG reference/random pair; exact grade-vector equality verified structurally; endpoints hash-bound without comparing outputs; no authoritative source support-count rule specified.
RAG-hotpotqa-5a732ab25542991f29ee2d25	5783812dd9ba444589778b9d8945933d868c7645d39f9b51424237bccfb879f5	2eeaba680211e52862ae4f036221dcf2935c5324ea204cae71a79d1393764485	bbce1b508c1c298263c1dc49b9df8932b7b06cfa68b65d833af14f5160af81a4	source_specimens_1600.jsonl#RAG-hotpotqa-5a732ab25542991f29ee2d25:A	2cbfbd50820fca28a07eb19c267a6f12efdb56f671270a9e1c1b63855603c2a5	00a4716f76e9ad5ab3c37e1b837aada341a6b01bfe7cba55f1c56f1c08b7b578	source_specimens_1600.jsonl#RAG-hotpotqa-5a732ab25542991f29ee2d25:B	RIDI-RAG-NATURE-v2-PROSPECTIVE/C2/QWEN3-BM25-K10-RANDOM	0f7babda273f68e2095343f2fb33f2dca3c8720f95ed87ca3a0f47d1b337b063	NO_AUTHORITATIVE_REQUIREMENT_SPECIFIED	TRUE	Primary registered RAG reference/random pair; exact grade-vector equality verified structurally; endpoints hash-bound without comparing outputs; no authoritative source support-count rule specified.
RAG-nq-test1	3309b05e48331b638a2276f61f6f7be29dd8849cfdd2a71e7a5335d96c655334	6dcaaa20d80dc14227fbe2a6d00a06761c1242ce748aceaac1cdcb5c7afbb0f7	81952a3b81ee0ff6ec0c6a7533678ede90a4918f76f556766d446b9628bec991	source_specimens_1600.jsonl#RAG-nq-test1:A	85018d200ed41eec3cc2c0d2e56364d5f228a27b24ef5446a985795db6c48f4d	bac382837c84ff0b6759dc88bf0627d1cc64413841a83a86f05bc0c7f3c72529	source_specimens_1600.jsonl#RAG-nq-test1:B	RIDI-RAG-NATURE-v2-PROSPECTIVE/C2/QWEN3-BM25-K10-RANDOM	0f7babda273f68e2095343f2fb33f2dca3c8720f95ed87ca3a0f47d1b337b063	NO_AUTHORITATIVE_REQUIREMENT_SPECIFIED	TRUE	Primary registered RAG reference/random pair; exact grade-vector equality verified structurally; endpoints hash-bound without comparing outputs; no authoritative source support-count rule specified.
RAG-nq-test10	3f0b3cc3145cc8ca70d3ceb383cb4a147e4d4321c1f28396a137c477756d055e	b4583b4d09cec4e746d271e5e7bc4fbdd61202d28785544dba894b3314129970	11f1f5ce2bb133ea1919001faca75c34de0150b5f817bda8c749908734c48bef	source_specimens_1600.jsonl#RAG-nq-test10:A	e8eb661bf0069ff131928ba6e6c6c77b07abf6ed966e31527bdef0e3e8752004	31f2fb0dbb50517184c127062e0135fc5588f8ddd7e47ab6bd4e0035fc586373	source_specimens_1600.jsonl#RAG-nq-test10:B	RIDI-RAG-NATURE-v2-PROSPECTIVE/C2/QWEN3-BM25-K10-RANDOM	0f7babda273f68e2095343f2fb33f2dca3c8720f95ed87ca3a0f47d1b337b063	NO_AUTHORITATIVE_REQUIREMENT_SPECIFIED	TRUE	Primary registered RAG reference/random pair; exact grade-vector equality verified structurally; endpoints hash-bound without comparing outputs; no authoritative source support-count rule specified.
RAG-nq-test1003	c6b98c22021c7822442256be62a3198933c2eb1cb668da605ef4a9ab36b9cae5	4a1a7353da5018671b8dd69c80c860470dcdfad771524bcd90ccaf60af19b403	216d94350edeb73372571dad574b6acd9879040a85100840daeeb3eee49ca16e	source_specimens_1600.jsonl#RAG-nq-test1003:A	e94f42c67d6f74b03500d6a4392ed6779ca90fcc5ab4f270b587b3e8a8c9babf	95dfb6a11cfbf91650dd01dc4a8c6ee916cd140f6bef736168c33bb189a32dbe	source_specimens_1600.jsonl#RAG-nq-test1003:B	RIDI-RAG-NATURE-v2-PROSPECTIVE/C2/QWEN3-BM25-K10-RANDOM	0f7babda273f68e2095343f2fb33f2dca3c8720f95ed87ca3a0f47d1b337b063	NO_AUTHORITATIVE_REQUIREMENT_SPECIFIED	TRUE	Primary registered RAG reference/random pair; exact grade-vector equality verified structurally; endpoints hash-bound without comparing outputs; no authoritative source support-count rule specified.
RAG-nq-test1004	812bd22e6c49a143457dea2a701d467ff4c0f24970faac07d42c475305a4f374	bb99c6cd77de7d965750a94bebe11f76959b73012e057e8f51e5f55ec230960a	9da551945428656644792b4a05dc386c7194f01e7537c6d8f75c833d6519e802	source_specimens_1600.jsonl#RAG-nq-test1004:A	1c9488e08d09c7002c1a49136f68991d92d478362f179244a9ae3bcbb8687b26	830dcfe0107c2b3f4f4d1151a2eb96a4fec7b2909d43490ca9a232fdd1bc5996	source_specimens_1600.jsonl#RAG-nq-test1004:B	RIDI-RAG-NATURE-v2-PROSPECTIVE/C2/QWEN3-BM25-K10-RANDOM	0f7babda273f68e2095343f2fb33f2dca3c8720f95ed87ca3a0f47d1b337b063	NO_AUTHORITATIVE_REQUIREMENT_SPECIFIED	TRUE	Primary registered RAG reference/random pair; exact grade-vector equality verified structurally; endpoints hash-bound without comparing outputs; no authoritative source support-count rule specified.
RAG-nq-test1005	01608f1362da7d02632ab62caf2c5351f665adcc30aee448430be768513f45a2	de5f88aa66357f4d2865be75cc03543fe351e2c2e8cd6b9e9cd95efd4b444a32	27fddd0ddab4fcf628fc07a96e224faffa0a6babc9bb0fbf7d4f679ab5428840	source_specimens_1600.jsonl#RAG-nq-test1005:A	f655b5368d29e1578227d79998a22bc1167a772c8c851d9ae6a0f8d9826270e1	e73f72ab347d40b476bb641b6839aa34156da93732a9a9895000ecd5e81336aa	source_specimens_1600.jsonl#RAG-nq-test1005:B	RIDI-RAG-NATURE-v2-PROSPECTIVE/C2/QWEN3-BM25-K10-RANDOM	0f7babda273f68e2095343f2fb33f2dca3c8720f95ed87ca3a0f47d1b337b063	NO_AUTHORITATIVE_REQUIREMENT_SPECIFIED	TRUE	Primary registered RAG reference/random pair; exact grade-vector equality verified structurally; endpoints hash-bound without comparing outputs; no authoritative source support-count rule specified.
RAG-nq-test1006	0845e1cf672ccf72c735acb5234091d077d72ba2303a9fadf5d5a36f536b3257	0f088ff91979134afb651929c081f0f0881756d75993eb6e77bbf32c50de245c	a14938b92348e0ac86e806428043a1d60a00f3384c8be6525e66695c743a0278	source_specimens_1600.jsonl#RAG-nq-test1006:A	2351af1ef928e79fcfc36b9a235bfbac5bf7c5c408301afd1e22b05a64ae4beb	a91441de6566d734b0c3a8439c7e08cab4dad66b5c38104397f133826e395e4d	source_specimens_1600.jsonl#RAG-nq-test1006:B	RIDI-RAG-NATURE-v2-PROSPECTIVE/C2/QWEN3-BM25-K10-RANDOM	0f7babda273f68e2095343f2fb33f2dca3c8720f95ed87ca3a0f47d1b337b063	NO_AUTHORITATIVE_REQUIREMENT_SPECIFIED	TRUE	Primary registered RAG reference/random pair; exact grade-vector equality verified structurally; endpoints hash-bound without comparing outputs; no authoritative source support-count rule specified.
RAG-nq-test1009	98773eea497e1a3819126b502815c92c9a5cdd7290b5d78bc4cbccf16c36ff7f	a42bb8f2502511dca469a2a0a6ee674eb1c7ea4f3a42ebc22da0d44454148c1e	1c20a7e622f766e039b6374554ac93664cfd55c2e8fadd608a7a8d3e44dcb956	source_specimens_1600.jsonl#RAG-nq-test1009:A	ee4f0397e76377ffce0539ddff9cbffaa67c7326ec9148aec6cc4f474c864272	130b575c05364a05587079361022a342b69a9922eda12ceceb8d7dadc7d7a3fa	source_specimens_1600.jsonl#RAG-nq-test1009:B	RIDI-RAG-NATURE-v2-PROSPECTIVE/C2/QWEN3-BM25-K10-RANDOM	0f7babda273f68e2095343f2fb33f2dca3c8720f95ed87ca3a0f47d1b337b063	NO_AUTHORITATIVE_REQUIREMENT_SPECIFIED	TRUE	Primary registered RAG reference/random pair; exact grade-vector equality verified structurally; endpoints hash-bound without comparing outputs; no authoritative source support-count rule specified.
RAG-nq-test101	3c23fd2a96eb2e05c70bc9606654b0440c9306672db33ceec5c06a2c8f96150e	c8aecb618f554743a4a50e914b87b4373ff12265fd736b3480a9768ac7e2cdb3	eca0f94279cd6687c29bea1268fbb95c0691dcf096c2bacd5cad05628e4e17c6	source_specimens_1600.jsonl#RAG-nq-test101:A	6952a19805fdf45be60da0c77b38be330eac792ca8745e1dd959237968f6e64e	fb68b7f0582d88645fd9ce2b46f49d6ec7f5669164b9db848a8296e5383954f0	source_specimens_1600.jsonl#RAG-nq-test101:B	RIDI-RAG-NATURE-v2-PROSPECTIVE/C2/QWEN3-BM25-K10-RANDOM	0f7babda273f68e2095343f2fb33f2dca3c8720f95ed87ca3a0f47d1b337b063	NO_AUTHORITATIVE_REQUIREMENT_SPECIFIED	TRUE	Primary registered RAG reference/random pair; exact grade-vector equality verified structurally; endpoints hash-bound without comparing outputs; no authoritative source support-count rule specified.
RAG-nq-test1011	2a3411a9c58a3f0b5794964716b2334c334f2baa69bfea174c5a78f0093939c3	8b182d7ab65e901940d52d183dea7a5ecd614a40904aaef1a9641fa1cd31fa4b	d73a37a9f2712566ae2afd2ad9f5b011c7b16974dea5114b7cf48675c75908f4	source_specimens_1600.jsonl#RAG-nq-test1011:A	0d721b9bf0553c62fda92a096114254c55174cd383a1c3568a78ac8dc532146e	1d517e1fbac444faa49c574246605c59798ed118211ef7af9d92af98207409f4	source_specimens_1600.jsonl#RAG-nq-test1011:B	RIDI-RAG-NATURE-v2-PROSPECTIVE/C2/QWEN3-BM25-K10-RANDOM	0f7babda273f68e2095343f2fb33f2dca3c8720f95ed87ca3a0f47d1b337b063	NO_AUTHORITATIVE_REQUIREMENT_SPECIFIED	TRUE	Primary registered RAG reference/random pair; exact grade-vector equality verified structurally; endpoints hash-bound without comparing outputs; no authoritative source support-count rule specified.
RAG-nq-test1012	c57adc23363487ed05b68876cb844d839167b76d30a225b6588a7d1b14c57bd8	a291bfad6c7ff983d717d35b378b58443d9b5f1323f177f98278c6c72cfe6508	540c7cfd2c89a1fcdcad4b2a60aa31c3af9d37ec97ab873b3427ed244d08c0f4	source_specimens_1600.jsonl#RAG-nq-test1012:A	a137af0d7e97f16dbd250e1ab6c250b2e6a2866c52e84df8f5e756d9ada1160d	2dec7e1040be9800872bf32bc45d5f39f8827de833f101ec0b5bdfc3060812dd	source_specimens_1600.jsonl#RAG-nq-test1012:B	RIDI-RAG-NATURE-v2-PROSPECTIVE/C2/QWEN3-BM25-K10-RANDOM	0f7babda273f68e2095343f2fb33f2dca3c8720f95ed87ca3a0f47d1b337b063	NO_AUTHORITATIVE_REQUIREMENT_SPECIFIED	TRUE	Primary registered RAG reference/random pair; exact grade-vector equality verified structurally; endpoints hash-bound without comparing outputs; no authoritative source support-count rule specified.
RAG-nq-test1013	bf21e2e1b3a4c63790071e5ca65b9f41419aed1493aa9b232bd84887eafb59a0	079b959a9dbc4fcf4a2f57a9ae48dd61d1d9ba0325e5dfdeb82959e5b9bc18a2	be76432aa02b7b781bace755350976f98db6f42dafb87f61e6bfe88708cd2d1a	source_specimens_1600.jsonl#RAG-nq-test1013:A	7f7577bd68278411a7882ed5302f9247c7c339ebece62bb46630196bdb3a4df5	d8fb30f3d42187875f9baed9bf5ca1dcfc1a2ec67572d45e46edffba0c38a557	source_specimens_1600.jsonl#RAG-nq-test1013:B	RIDI-RAG-NATURE-v2-PROSPECTIVE/C2/QWEN3-BM25-K10-RANDOM	0f7babda273f68e2095343f2fb33f2dca3c8720f95ed87ca3a0f47d1b337b063	NO_AUTHORITATIVE_REQUIREMENT_SPECIFIED	TRUE	Primary registered RAG reference/random pair; exact grade-vector equality verified structurally; endpoints hash-bound without comparing outputs; no authoritative source support-count rule specified.
RAG-nq-test1014	3699c10ad6e05d2cb811b3eaa8b6a2b2d6e8a3674f4ddd8871097c4fef856d75	a0b926ba46ba89b7b7c258aabdec70e9a5f71f6b55060d6a627e753163f48bd5	badf3942e460fad39e65e4d27dd485f47c9151d78204b3ca33235becbad23a4a	source_specimens_1600.jsonl#RAG-nq-test1014:A	cc86315b728f96a52bb631c5cad759d0e5d4e555356aaa327e15872867362bed	2fd90cb24fb5d967475722cb4670c537b7a155aeed87e70bcda45a21073dca94	source_specimens_1600.jsonl#RAG-nq-test1014:B	RIDI-RAG-NATURE-v2-PROSPECTIVE/C2/QWEN3-BM25-K10-RANDOM	0f7babda273f68e2095343f2fb33f2dca3c8720f95ed87ca3a0f47d1b337b063	NO_AUTHORITATIVE_REQUIREMENT_SPECIFIED	TRUE	Primary registered RAG reference/random pair; exact grade-vector equality verified structurally; endpoints hash-bound without comparing outputs; no authoritative source support-count rule specified.
RAG-nq-test1016	b1c7521b533ad6e263d90375954b75e7771735c29f2480d554c5a9381abf3990	18a520c5702cc2a0346a9bfcde35960b41ed28d1b5e358585d0ef4fc0f8250c8	b7bf00d50995654a6df0c8e2937275d4151ddf5032d420ced5caf18c80b82fd3	source_specimens_1600.jsonl#RAG-nq-test1016:A	a93dc6eb3f746356a3fc41ea901c864cd4e486560703bc17773341972a429b79	c2c4991875b805b6d3e0779826d377421c1f47446c0c5e53b5515534618dfe65	source_specimens_1600.jsonl#RAG-nq-test1016:B	RIDI-RAG-NATURE-v2-PROSPECTIVE/C2/QWEN3-BM25-K10-RANDOM	0f7babda273f68e2095343f2fb33f2dca3c8720f95ed87ca3a0f47d1b337b063	NO_AUTHORITATIVE_REQUIREMENT_SPECIFIED	TRUE	Primary registered RAG reference/random pair; exact grade-vector equality verified structurally; endpoints hash-bound without comparing outputs; no authoritative source support-count rule specified.
RAG-nq-test1017	0dfdf008818959978b80f6164237a575f640e85a70da4fa0fafa0caf97433bc1	60aceaf0087a87cd5dced92e825d9e8f86155f260c7b1e5b6749dc5f8586d26e	4525807ae699b923dcddbbd4c29489ad31a52f093b93a3f13071283346590e1e	source_specimens_1600.jsonl#RAG-nq-test1017:A	57a9d74d98c8bfe8bc5ab6a443ce51800778b5300135ab1c74d4d838fba2570a	5dc417b1a99185d186f4339ce2646bfdcf99ae5d55321391829e7c2c54e3cb57	source_specimens_1600.jsonl#RAG-nq-test1017:B	RIDI-RAG-NATURE-v2-PROSPECTIVE/C2/QWEN3-BM25-K10-RANDOM	0f7babda273f68e2095343f2fb33f2dca3c8720f95ed87ca3a0f47d1b337b063	NO_AUTHORITATIVE_REQUIREMENT_SPECIFIED	TRUE	Primary registered RAG reference/random pair; exact grade-vector equality verified structurally; endpoints hash-bound without comparing outputs; no authoritative source support-count rule specified.
RAG-nq-test1018	964c111e57bfbc20fc8309092410ff1c3ebfaadc7ac1c42ee8907567be350b2c	7550ba4324fb8eac3f6fdd4aa60813c15a3966de82661c35b688a94af873c534	c8e6b5c77958cdce560b94c9a3ba566fbfbce69ec9f3da17f0cb649c33882cad	source_specimens_1600.jsonl#RAG-nq-test1018:A	bd009e6b4eec41addd70aecad126360b97baff09fb4662ee1e4cf8e92c6faa37	02ae622998e7ae863de7171e9376bc61fcee2279e1f63285afb40cdcd9bb03d7	source_specimens_1600.jsonl#RAG-nq-test1018:B	RIDI-RAG-NATURE-v2-PROSPECTIVE/C2/QWEN3-BM25-K10-RANDOM	0f7babda273f68e2095343f2fb33f2dca3c8720f95ed87ca3a0f47d1b337b063	NO_AUTHORITATIVE_REQUIREMENT_SPECIFIED	TRUE	Primary registered RAG reference/random pair; exact grade-vector equality verified structurally; endpoints hash-bound without comparing outputs; no authoritative source support-count rule specified.
RAG-nq-test1019	a5139eaef324756c825b341d0680a758bbf0c13ce70d19d96328cb31c4b4df72	33e490ac28db8d86b506ccc5fe77d014327396b0951e4350757fc77968bbbeeb	f5628caf9c05e879dcdccc75730efa11ac457f2316f8203268c6bd1e14601790	source_specimens_1600.jsonl#RAG-nq-test1019:A	b9e90aa28a862a6b96251209c89a938beb6d90029c9ed66b0e8f30cbead59f2b	98e9aaa23f9638bd285df3bbdbe592886f57ef6789c78c9437920ca11a7f2e63	source_specimens_1600.jsonl#RAG-nq-test1019:B	RIDI-RAG-NATURE-v2-PROSPECTIVE/C2/QWEN3-BM25-K10-RANDOM	0f7babda273f68e2095343f2fb33f2dca3c8720f95ed87ca3a0f47d1b337b063	NO_AUTHORITATIVE_REQUIREMENT_SPECIFIED	TRUE	Primary registered RAG reference/random pair; exact grade-vector equality verified structurally; endpoints hash-bound without comparing outputs; no authoritative source support-count rule specified.
RAG-nq-test1020	7763c3139ca79f72f857f54c55bb87dce853a88bc914e60fd485029e54a53d0a	f5bc43a3d54a28d60273a5b81d2fba3402916c8e8096705149e230103e0c85ed	cd9c2c14789a66605f70b442c01a9e615b0522dd9271aba93ff3d5865bccb068	source_specimens_1600.jsonl#RAG-nq-test1020:A	48f146699ff60d058f187a78852b7d6f1d88751d1ed617d14914874b930d4ce6	a6b68f11cc7eb6bfd5ad20146d345c5de39d2a0e5547728a8415c944cafaffca	source_specimens_1600.jsonl#RAG-nq-test1020:B	RIDI-RAG-NATURE-v2-PROSPECTIVE/C2/QWEN3-BM25-K10-RANDOM	0f7babda273f68e2095343f2fb33f2dca3c8720f95ed87ca3a0f47d1b337b063	NO_AUTHORITATIVE_REQUIREMENT_SPECIFIED	TRUE	Primary registered RAG reference/random pair; exact grade-vector equality verified structurally; endpoints hash-bound without comparing outputs; no authoritative source support-count rule specified.
RAG-nq-test1021	c27bc3d73d916d38bd1dc2455923fe734a9103d80c4c3a2f35bfb6e7892d69c5	1b9d89bc127b9e257ea4e2041be112aa376ccd6d0ea024e63788a41b94a17ca8	bfe7ebb576a1d9c6986013d51ff59838bbb03063d50e92e6ca6e0bc78c259339	source_specimens_1600.jsonl#RAG-nq-test1021:A	257f1e56767a768946be5bcfa75095aa97f0ef49168372f9470379938cd8ad14	d62ceefa4a22336093746235a5cd1c82dd3e4e10c4bc421358274272ebd9690b	source_specimens_1600.jsonl#RAG-nq-test1021:B	RIDI-RAG-NATURE-v2-PROSPECTIVE/C2/QWEN3-BM25-K10-RANDOM	0f7babda273f68e2095343f2fb33f2dca3c8720f95ed87ca3a0f47d1b337b063	NO_AUTHORITATIVE_REQUIREMENT_SPECIFIED	TRUE	Primary registered RAG reference/random pair; exact grade-vector equality verified structurally; endpoints hash-bound without comparing outputs; no authoritative source support-count rule specified.
RAG-nq-test1022	89478db18ff01100d1b25c7ef24b4f3563ff35954a0b26f4d2ee84334d8527a5	aca153ba3f563c1a8eeaddd3d4da94cfd6d33948b89f380200bc2f77e844d0b7	2f99c69b3eba86941281f6fe1ddffc17529736fa7b445216963454ce2afe7d76	source_specimens_1600.jsonl#RAG-nq-test1022:A	7423ca611cf9bd53f3950c11287232f6fbdefadd3fc4cb863564ea724b264052	96ef26620896e05804fef8b185acb8d85ef330ae4943471d7f870042ae69700c	source_specimens_1600.jsonl#RAG-nq-test1022:B	RIDI-RAG-NATURE-v2-PROSPECTIVE/C2/QWEN3-BM25-K10-RANDOM	0f7babda273f68e2095343f2fb33f2dca3c8720f95ed87ca3a0f47d1b337b063	NO_AUTHORITATIVE_REQUIREMENT_SPECIFIED	TRUE	Primary registered RAG reference/random pair; exact grade-vector equality verified structurally; endpoints hash-bound without comparing outputs; no authoritative source support-count rule specified.
RAG-nq-test1023	a343034ba126a0d1224e760f341be12794d775b82a994f82a8de00bafe76f5a2	89190e51296a5e83792b9dad375003914fcdfa42cef7c03e6d5d6cf942041d8e	9d857f7e3afbc396785b46892d8b506d5c788fca948b9c5cda055dc15a87d050	source_specimens_1600.jsonl#RAG-nq-test1023:A	d39494df3ca583535a695217c720e57c7c96b0e15fb68f7c6827a36e0ccba8d9	e5320fad29a692ba37c989422d6bcb569e993777525df0f4103f6bfda7ea54bb	source_specimens_1600.jsonl#RAG-nq-test1023:B	RIDI-RAG-NATURE-v2-PROSPECTIVE/C2/QWEN3-BM25-K10-RANDOM	0f7babda273f68e2095343f2fb33f2dca3c8720f95ed87ca3a0f47d1b337b063	NO_AUTHORITATIVE_REQUIREMENT_SPECIFIED	TRUE	Primary registered RAG reference/random pair; exact grade-vector equality verified structurally; endpoints hash-bound without comparing outputs; no authoritative source support-count rule specified.
RAG-nq-test1025	163583473d90bace543230cf67932bb62dbe35b05d8f5bd35304e397c0c2aaba	205a673f53b9b236cb0f25cd98eeea1aa03263599ce32090b5f4556539df02b4	f30bad9fd4c20d4ceb7a9e66e29f96223db9320e0f4a1248af33ef8cffaad4cd	source_specimens_1600.jsonl#RAG-nq-test1025:A	772ce9380f44826d01b72c676d2396b0d63472575085466f944005c6cc29ca20	6d1a8e64329a6b613934d8f16d811f2e074be4bddb968a15c4121e23db02cd93	source_specimens_1600.jsonl#RAG-nq-test1025:B	RIDI-RAG-NATURE-v2-PROSPECTIVE/C2/QWEN3-BM25-K10-RANDOM	0f7babda273f68e2095343f2fb33f2dca3c8720f95ed87ca3a0f47d1b337b063	NO_AUTHORITATIVE_REQUIREMENT_SPECIFIED	TRUE	Primary registered RAG reference/random pair; exact grade-vector equality verified structurally; endpoints hash-bound without comparing outputs; no authoritative source support-count rule specified.
RAG-nq-test1026	97bd4eeb7ac27e474da070d8af6da56622b832e825b5539e09720a3d48c4be9b	384f7e35a855021b36035b7f5670fab3f564aba2bdb38a6074f7cc15d4c4882f	4feb33d5e4a7e708ee4a00ed853666d54f511208af83125f3893f9f15b3cf479	source_specimens_1600.jsonl#RAG-nq-test1026:A	1b82687dc6f9342b810e1a6b0d2a3fa2cca0c3d37e6c7bd9444b968ff1cee2c6	a801985d9d495dc4d1bb31020642bdf7f6a70176ff012123559f160cc9255015	source_specimens_1600.jsonl#RAG-nq-test1026:B	RIDI-RAG-NATURE-v2-PROSPECTIVE/C2/QWEN3-BM25-K10-RANDOM	0f7babda273f68e2095343f2fb33f2dca3c8720f95ed87ca3a0f47d1b337b063	NO_AUTHORITATIVE_REQUIREMENT_SPECIFIED	TRUE	Primary registered RAG reference/random pair; exact grade-vector equality verified structurally; endpoints hash-bound without comparing outputs; no authoritative source support-count rule specified.
RAG-nq-test1027	2b6fba5f705fab39c2b376e0a71a457a520fcfbd5559bc4edf7dd0dafc8dbb68	47608483f7bbc266defd3f6d647fbdfd66cb587e199666e45785dac55e66827c	361d597c71df9074f3a82ed0447649329fe92fbab41e9d2ed82f5d9891bd6af5	source_specimens_1600.jsonl#RAG-nq-test1027:A	f22807bfafe20ccb5d0604841ef3d20e56773e2b93baf237c85d26dd7158c197	2e14036cc8d5a6c10cb168dba0ff9889d64d658708a443e4b6a2f4f01acc0319	source_specimens_1600.jsonl#RAG-nq-test1027:B	RIDI-RAG-NATURE-v2-PROSPECTIVE/C2/QWEN3-BM25-K10-RANDOM	0f7babda273f68e2095343f2fb33f2dca3c8720f95ed87ca3a0f47d1b337b063	NO_AUTHORITATIVE_REQUIREMENT_SPECIFIED	TRUE	Primary registered RAG reference/random pair; exact grade-vector equality verified structurally; endpoints hash-bound without comparing outputs; no authoritative source support-count rule specified.
RAG-nq-test1029	472ac062845229f16d77aab177125ea48a070284e59a3e9bf2176635054ddac5	84e2a98d804069ccde2ee46f3f7d3ae5b75206600d33d14539f4a4f48b656bfa	7952203bc2cfdd3d099a940e5e8bf208eedbf7272dda0ec93ed7920f5853dd37	source_specimens_1600.jsonl#RAG-nq-test1029:A	c0b6cb9dc319e8103c542dea4a5a268578239a8c04bcdf9f778254c506391493	b0cf31a99fb4480a8b15554045a544385d7801b3263bc7ca91db8779438af84b	source_specimens_1600.jsonl#RAG-nq-test1029:B	RIDI-RAG-NATURE-v2-PROSPECTIVE/C2/QWEN3-BM25-K10-RANDOM	0f7babda273f68e2095343f2fb33f2dca3c8720f95ed87ca3a0f47d1b337b063	NO_AUTHORITATIVE_REQUIREMENT_SPECIFIED	TRUE	Primary registered RAG reference/random pair; exact grade-vector equality verified structurally; endpoints hash-bound without comparing outputs; no authoritative source support-count rule specified.
RAG-nq-test103	4e30a9c31ce84d25df2bf1a4e832bf30c7753dfad99150aefb7b7552828a0a6d	cb9d5d2432e6b6a68ec6f6585f205492b24c90c392c7caac5beadd80d1c4ac95	ff964a6b288f3830a719b8590333877bdcc8706a8eef4d4466e8ae99efc32fa6	source_specimens_1600.jsonl#RAG-nq-test103:A	d80dd035defcb2eb689785672fe0026723984ef27a8bdb9eb170b7ca5aee0861	362a35c7bd20bd9ac208fce1dd233de7ba1885f3311aee039faceecc1cba8c79	source_specimens_1600.jsonl#RAG-nq-test103:B	RIDI-RAG-NATURE-v2-PROSPECTIVE/C2/QWEN3-BM25-K10-RANDOM	0f7babda273f68e2095343f2fb33f2dca3c8720f95ed87ca3a0f47d1b337b063	NO_AUTHORITATIVE_REQUIREMENT_SPECIFIED	TRUE	Primary registered RAG reference/random pair; exact grade-vector equality verified structurally; endpoints hash-bound without comparing outputs; no authoritative source support-count rule specified.
RAG-nq-test1031	d40c3f869445dda77d80924381d85eabcc39db934e89aa4d72214272854a311b	f1b823153fcdc20a35361e374b818f176a51b4fb1fb9b46d8bea909f5105d41a	27e8c588a9201b9dfac186425b9b5adebd9e602714e0d0b2ac61ed5ca968aaaa	source_specimens_1600.jsonl#RAG-nq-test1031:A	11e1c11c6c34ed8ed0e316a5f68c597660633d1a6e717ec6262e7cc91e053ce3	59e7e3050a873585cfcdf78ccddeee8e9a50d9b5862b03a8f9f4004d75c41209	source_specimens_1600.jsonl#RAG-nq-test1031:B	RIDI-RAG-NATURE-v2-PROSPECTIVE/C2/QWEN3-BM25-K10-RANDOM	0f7babda273f68e2095343f2fb33f2dca3c8720f95ed87ca3a0f47d1b337b063	NO_AUTHORITATIVE_REQUIREMENT_SPECIFIED	TRUE	Primary registered RAG reference/random pair; exact grade-vector equality verified structurally; endpoints hash-bound without comparing outputs; no authoritative source support-count rule specified.
RAG-nq-test1032	f2eb7f1ff4aa177cbe19d2860d1c38ca44fd82b23e6e29dc7e7ac7a369059c0f	f1cc33214a5e1b6ae3395e3a28f92902ea58c39af4efe26ad1ee4bafabb7c371	7f027af17816179864b1cbae1ef1461e7513a70a26d30d309c6e4f66f91b0309	source_specimens_1600.jsonl#RAG-nq-test1032:A	dc73fa1dc39de856f8bd076b0284964492c9a9617b8efb082f0d714db0677cc3	ac893a0a38f69c84c2c42342acdaf2d5c4701e3ca211b043c92d41c276c30c8b	source_specimens_1600.jsonl#RAG-nq-test1032:B	RIDI-RAG-NATURE-v2-PROSPECTIVE/C2/QWEN3-BM25-K10-RANDOM	0f7babda273f68e2095343f2fb33f2dca3c8720f95ed87ca3a0f47d1b337b063	NO_AUTHORITATIVE_REQUIREMENT_SPECIFIED	TRUE	Primary registered RAG reference/random pair; exact grade-vector equality verified structurally; endpoints hash-bound without comparing outputs; no authoritative source support-count rule specified.
RAG-nq-test1035	8caf18edd9a278b6807fd98682d4faee010ae00dbccdd5eeba57c93a360721f4	60e19ea94ff13ded74e6ca19d6063909d374951f86218a9e3e68833b46126734	e03c1c6433cd197f780537a90d1541744b314cf8eb196ca426f7dc4a41779c67	source_specimens_1600.jsonl#RAG-nq-test1035:A	018f1de8876594e57a383b69a1fcd605e811cf062695cc2ab947c737a697e308	e66408834f040464bb8146e4ed814a26f15bb871519db4194c7a764b4e8580c5	source_specimens_1600.jsonl#RAG-nq-test1035:B	RIDI-RAG-NATURE-v2-PROSPECTIVE/C2/QWEN3-BM25-K10-RANDOM	0f7babda273f68e2095343f2fb33f2dca3c8720f95ed87ca3a0f47d1b337b063	NO_AUTHORITATIVE_REQUIREMENT_SPECIFIED	TRUE	Primary registered RAG reference/random pair; exact grade-vector equality verified structurally; endpoints hash-bound without comparing outputs; no authoritative source support-count rule specified.
RAG-nq-test104	2c4d28de4ea406d610dfd30b918f05da62e5326cb5a8b5927d2f33599b0e5f5d	d38e04a39424425218e2cffefd7696e874ad55bd44ea2c7cbfa92b0f5e478fdd	e85e23daf3e87842cc596852c8b5eaf6df4d950208af3a705c6b033a43fd9af2	source_specimens_1600.jsonl#RAG-nq-test104:A	82ccea3fc3d0acfc106e18027e9b499d59c35c2299c4ec12d8e6240032457a2c	6020d802a3215de822a0d8365005ed45710e05c60a22edbce03ed89b20b94ba5	source_specimens_1600.jsonl#RAG-nq-test104:B	RIDI-RAG-NATURE-v2-PROSPECTIVE/C2/QWEN3-BM25-K10-RANDOM	0f7babda273f68e2095343f2fb33f2dca3c8720f95ed87ca3a0f47d1b337b063	NO_AUTHORITATIVE_REQUIREMENT_SPECIFIED	TRUE	Primary registered RAG reference/random pair; exact grade-vector equality verified structurally; endpoints hash-bound without comparing outputs; no authoritative source support-count rule specified.
RAG-nq-test1041	d0120158d3afad7db47d73a44705172970a6551f3826468501ea787a5346bd08	51b0b506cf42514bfcba957f2c870f57b40ef8c58ff310f1c58adbb8d7b9fe7e	6b9a3f22a72b1e548712e3ad8d0ce22324fa13778a006347b0043e980a507b06	source_specimens_1600.jsonl#RAG-nq-test1041:A	80e866e9c21612c1497b200ee19162b603260e05a47cb9a2c0d64d34d7089283	debf15f892062da4463a9da2edba7dbce6e41df04f2b13845afe379004ba4abc	source_specimens_1600.jsonl#RAG-nq-test1041:B	RIDI-RAG-NATURE-v2-PROSPECTIVE/C2/QWEN3-BM25-K10-RANDOM	0f7babda273f68e2095343f2fb33f2dca3c8720f95ed87ca3a0f47d1b337b063	NO_AUTHORITATIVE_REQUIREMENT_SPECIFIED	TRUE	Primary registered RAG reference/random pair; exact grade-vector equality verified structurally; endpoints hash-bound without comparing outputs; no authoritative source support-count rule specified.
RAG-nq-test1042	4450b62d3a6ce073b63a89bfd0a3aef31853ba303eb185b31a4543ecbaaeda31	993319848f84c703fd9e1a7804aec7ac0dde9016086f6900b26bde705b79ff49	00a32122c86576b26003a298ab29fa1205d9f8baee8ba8511f751858dbe7d5e2	source_specimens_1600.jsonl#RAG-nq-test1042:A	a3f461f42c0d04771a703ea4a09e75223de346722455910e2a0643c8bfac42a3	de321327ed8744da2d4e5dd86e8deaa59880320e4da080c80cab10a3094d3854	source_specimens_1600.jsonl#RAG-nq-test1042:B	RIDI-RAG-NATURE-v2-PROSPECTIVE/C2/QWEN3-BM25-K10-RANDOM	0f7babda273f68e2095343f2fb33f2dca3c8720f95ed87ca3a0f47d1b337b063	NO_AUTHORITATIVE_REQUIREMENT_SPECIFIED	TRUE	Primary registered RAG reference/random pair; exact grade-vector equality verified structurally; endpoints hash-bound without comparing outputs; no authoritative source support-count rule specified.
RAG-nq-test1044	0b09d293a87cc1e750e305381c0457e29860bd4d45f15376ac5e7e27983b937b	a8a57588634caf6396e2bdadbb28b3789c1a2f4dc77e161a87ec5cee9b95d54f	21009c816094e84359ee1ea7507fe84a3915bdcf24045d20f4936b17ebcdc4bf	source_specimens_1600.jsonl#RAG-nq-test1044:A	b0c0830a7ba08919ac2a30e532fbd1910614a6356d627edbb9d1988660a1771d	66411950ea169055f181c93de43c5818d8b64abb36ed2a8a4a641809e60198d2	source_specimens_1600.jsonl#RAG-nq-test1044:B	RIDI-RAG-NATURE-v2-PROSPECTIVE/C2/QWEN3-BM25-K10-RANDOM	0f7babda273f68e2095343f2fb33f2dca3c8720f95ed87ca3a0f47d1b337b063	NO_AUTHORITATIVE_REQUIREMENT_SPECIFIED	TRUE	Primary registered RAG reference/random pair; exact grade-vector equality verified structurally; endpoints hash-bound without comparing outputs; no authoritative source support-count rule specified.
RAG-nq-test1046	011f2ff4e735cf541bb3ba703d21868cfc95f3413decffaf64614e552cd79484	15408493974e63985a20b1a4c18026fb75b242d7c27cd67da7ee909bd178d4b5	fcdcbef9cef778c06c6383a4d50aca6f9d4698b6e6e2415219bb4076b5a829af	source_specimens_1600.jsonl#RAG-nq-test1046:A	9d796680f4ec68437359847539b37cb9f14c077b70bbec4ec692b5b7cad3762a	0af554aa9c21e853e4a2cef7c650f748537c3474376d0f665522d714cd51bd40	source_specimens_1600.jsonl#RAG-nq-test1046:B	RIDI-RAG-NATURE-v2-PROSPECTIVE/C2/QWEN3-BM25-K10-RANDOM	0f7babda273f68e2095343f2fb33f2dca3c8720f95ed87ca3a0f47d1b337b063	NO_AUTHORITATIVE_REQUIREMENT_SPECIFIED	TRUE	Primary registered RAG reference/random pair; exact grade-vector equality verified structurally; endpoints hash-bound without comparing outputs; no authoritative source support-count rule specified.
RAG-nq-test1048	dd0c038d4edae1f6c944668921b32e5e8305391bdbc9e90ca345dbd8560334bd	ee9b6642c2ecbb6a77f9b20e2f341fe7360d98fb20c931691208b4430fe996fd	369e346443307b0d5e9f5aeda2fdd9a88228d7f43407350618b2c817839341da	source_specimens_1600.jsonl#RAG-nq-test1048:A	988cb9950b4df343e82e73bce55b35d90e5f2fe9c558dcbfff240c6bc571cd5e	16f7b04fb6067a49dc9556fa886e7934663750c57d9c0bc922bb79ff148b64a4	source_specimens_1600.jsonl#RAG-nq-test1048:B	RIDI-RAG-NATURE-v2-PROSPECTIVE/C2/QWEN3-BM25-K10-RANDOM	0f7babda273f68e2095343f2fb33f2dca3c8720f95ed87ca3a0f47d1b337b063	NO_AUTHORITATIVE_REQUIREMENT_SPECIFIED	TRUE	Primary registered RAG reference/random pair; exact grade-vector equality verified structurally; endpoints hash-bound without comparing outputs; no authoritative source support-count rule specified.
RAG-nq-test1049	3b7f28bf708cec22726d3dac1e9260fcb345fd904a8089a4d71e80698ae500a0	a2cbf1a884e0fd129f6f52b3cc380cf85b13e89a65f3ff3821e4e4beb5ac476a	3670db16c43146d2e6199ba2bdf83538e557c35e61b6d229f21048c2cb65353f	source_specimens_1600.jsonl#RAG-nq-test1049:A	0ab5395da4b1bfe86c6ccd300fd4c8edac6f02da4911230d7f9edbf79d0c0ac5	dcce98a7da43f9085ec954526ffb99313910b0915a312c6e1d71c5b89650e6db	source_specimens_1600.jsonl#RAG-nq-test1049:B	RIDI-RAG-NATURE-v2-PROSPECTIVE/C2/QWEN3-BM25-K10-RANDOM	0f7babda273f68e2095343f2fb33f2dca3c8720f95ed87ca3a0f47d1b337b063	NO_AUTHORITATIVE_REQUIREMENT_SPECIFIED	TRUE	Primary registered RAG reference/random pair; exact grade-vector equality verified structurally; endpoints hash-bound without comparing outputs; no authoritative source support-count rule specified.
RAG-nq-test105	213abf99e4c2b4e66a6d1e97ea7e34334e5a67794160e92f699627148611caae	c1fdbed4b8fb5090ddab3621c862f496e7a9ae05acf3cde1aeda9f6d74ffccfb	7fba49ae1817bb380f33ea7afe88bd00eb773d5fa823fa9ead778a65ac91df0f	source_specimens_1600.jsonl#RAG-nq-test105:A	2eba31b8f38e015edadd6a210929ad9de22ae9d7b8cab62d28eaf5fed9f7e6c2	524ab8975e873a11dd99c2543c639ca8930baf5d2e3211509c4a7d99850c0f30	source_specimens_1600.jsonl#RAG-nq-test105:B	RIDI-RAG-NATURE-v2-PROSPECTIVE/C2/QWEN3-BM25-K10-RANDOM	0f7babda273f68e2095343f2fb33f2dca3c8720f95ed87ca3a0f47d1b337b063	NO_AUTHORITATIVE_REQUIREMENT_SPECIFIED	TRUE	Primary registered RAG reference/random pair; exact grade-vector equality verified structurally; endpoints hash-bound without comparing outputs; no authoritative source support-count rule specified.
RAG-nq-test1050	cbac2efe530c5b46af59aa23814c6d5746a17e9e2e141db37a0f165e654b6ab0	d04bab8a6002d786caabfbfbc4d994e0470fdee67369af2e77192be86e511189	78f47efd6da94eb476e412987d2ba0a43805f85fa1bbce5e5758f60c5434bcb7	source_specimens_1600.jsonl#RAG-nq-test1050:A	a4d3ac9b691ab4e4e518c0aac540991ff54f342904cde70e5fb943a4479208b3	f5227bbfc043dd00b494adc72574ddb8c1ab316002e98a13039689b3b8bb6fbd	source_specimens_1600.jsonl#RAG-nq-test1050:B	RIDI-RAG-NATURE-v2-PROSPECTIVE/C2/QWEN3-BM25-K10-RANDOM	0f7babda273f68e2095343f2fb33f2dca3c8720f95ed87ca3a0f47d1b337b063	NO_AUTHORITATIVE_REQUIREMENT_SPECIFIED	TRUE	Primary registered RAG reference/random pair; exact grade-vector equality verified structurally; endpoints hash-bound without comparing outputs; no authoritative source support-count rule specified.
RAG-nq-test1054	94d8b7d3b067c03bd4075b1abf0c9dce1312b58270fdd8e3957d9aeace4ed108	bd395aed52213661ad5035faf4fe3567a4a98f9ff86cad99d8944c6fc1175fae	a995148d7b91f0df9cb33b88896eef8e5a9d518e56cc72a43a37e8c065980c40	source_specimens_1600.jsonl#RAG-nq-test1054:A	1b0839f20c8ff70df6533cd4086e7f2d96c0f60c23a41a98fd8989da817f547b	9c377355394b11584e286fa3d1d83e01b18b9e83fec5a9dcd115a011b2c55f74	source_specimens_1600.jsonl#RAG-nq-test1054:B	RIDI-RAG-NATURE-v2-PROSPECTIVE/C2/QWEN3-BM25-K10-RANDOM	0f7babda273f68e2095343f2fb33f2dca3c8720f95ed87ca3a0f47d1b337b063	NO_AUTHORITATIVE_REQUIREMENT_SPECIFIED	TRUE	Primary registered RAG reference/random pair; exact grade-vector equality verified structurally; endpoints hash-bound without comparing outputs; no authoritative source support-count rule specified.
RAG-nq-test1056	d32082c313ec8239be861943c0ff33dabeacd42d77577ab23d60d7691a872b00	8d1132a433e6bf87fd44551ea7544c46c866714df302db0044beb0c073be216d	c86325609a8b95204c8770a32b4b5f0397b161714923a9ac1b6e488389fa7d73	source_specimens_1600.jsonl#RAG-nq-test1056:A	f444705518e194837de92c38b95017cbc56a20def5240540ecedaca0f2d279bf	86520b2f6393935dcc8cd690161d5f3b9c45acb03ceee86f152bb1c3ffea9c21	source_specimens_1600.jsonl#RAG-nq-test1056:B	RIDI-RAG-NATURE-v2-PROSPECTIVE/C2/QWEN3-BM25-K10-RANDOM	0f7babda273f68e2095343f2fb33f2dca3c8720f95ed87ca3a0f47d1b337b063	NO_AUTHORITATIVE_REQUIREMENT_SPECIFIED	TRUE	Primary registered RAG reference/random pair; exact grade-vector equality verified structurally; endpoints hash-bound without comparing outputs; no authoritative source support-count rule specified.
RAG-nq-test1057	fef4624f90efe6d9852afd2c6d68c3faed33c640b7436993d079344200b6e4be	6b704e37ded45569ad8b4bed4c53697924e4ee5cbf1423dac44395f6e791dfed	1e3ba86d29e57931371d3e8a9986ef35c833bae2722f70691214c0eb5a2c1071	source_specimens_1600.jsonl#RAG-nq-test1057:A	accca2cc5f3843ad9770a7110e514f037968db80a23be71abe59f6a54d4aeddd	71d9cea998f1f182c5012226c2d3050373a656e2948f3e0973893e4a076ad48e	source_specimens_1600.jsonl#RAG-nq-test1057:B	RIDI-RAG-NATURE-v2-PROSPECTIVE/C2/QWEN3-BM25-K10-RANDOM	0f7babda273f68e2095343f2fb33f2dca3c8720f95ed87ca3a0f47d1b337b063	NO_AUTHORITATIVE_REQUIREMENT_SPECIFIED	TRUE	Primary registered RAG reference/random pair; exact grade-vector equality verified structurally; endpoints hash-bound without comparing outputs; no authoritative source support-count rule specified.
RAG-nq-test1058	cc022c24a399f23edacb9464c3675f81e32b23d7a380bf976ddbb41662413e05	b1a1c5ba844c61063c788ec4b4138ee449d8f9459e11175e7036e09cd5fca388	00d4b332f228513191a3a789ff7a919a60667fa3d9790ef3b79f5a902e9f0edc	source_specimens_1600.jsonl#RAG-nq-test1058:A	3aa77ac58d360e523a67bdf71fdd53a2466c7a9a4aa9a5a3babaf9fe09eff29c	359d60168ef41a4084b26a0355c7918754809ecf61a6fe917ab3a22898818444	source_specimens_1600.jsonl#RAG-nq-test1058:B	RIDI-RAG-NATURE-v2-PROSPECTIVE/C2/QWEN3-BM25-K10-RANDOM	0f7babda273f68e2095343f2fb33f2dca3c8720f95ed87ca3a0f47d1b337b063	NO_AUTHORITATIVE_REQUIREMENT_SPECIFIED	TRUE	Primary registered RAG reference/random pair; exact grade-vector equality verified structurally; endpoints hash-bound without comparing outputs; no authoritative source support-count rule specified.
RAG-nq-test1059	3be5d4bfd5ca31bec2cfbcc35f7678f08dd22ef7c94133c83e3d374ded76463e	49b9b1e066647c637ee2897b5a67ea7d51cfa7ca9ed6bdf73388568201592d60	008acbaad29796a32ec77bd069335b34173b297c04044f5b4bec4429fc3f1e8f	source_specimens_1600.jsonl#RAG-nq-test1059:A	47b7ccfe20024f3fd54cf9452c21d56076355ed04c230738e21cdb4551739949	28b5a6c2c4bdb1fc09bb322731bc0438ae04ca876a4ecbf680b9a14bf7178791	source_specimens_1600.jsonl#RAG-nq-test1059:B	RIDI-RAG-NATURE-v2-PROSPECTIVE/C2/QWEN3-BM25-K10-RANDOM	0f7babda273f68e2095343f2fb33f2dca3c8720f95ed87ca3a0f47d1b337b063	NO_AUTHORITATIVE_REQUIREMENT_SPECIFIED	TRUE	Primary registered RAG reference/random pair; exact grade-vector equality verified structurally; endpoints hash-bound without comparing outputs; no authoritative source support-count rule specified.
RAG-nq-test106	8d1af9ba70f066c7500eb1ee62faf1a450ee00a7164ae60654f12f3f7bf2fed9	6b7eb4945e827169688001f9e057d43dcd6e654713f7194588cc6acb5034b087	8076b7f84f6531c69578298b307ebe27077520c10150824b3cf5b4605c53c718	source_specimens_1600.jsonl#RAG-nq-test106:A	d076388dc70347cda5a39ac6ac866e61bfad0fc5c13fcb51ed3c61fffea6bc65	f77541c49ff34b95d7c53edb81ddd550b5ce10522f55c8517b72d07bcbb78e19	source_specimens_1600.jsonl#RAG-nq-test106:B	RIDI-RAG-NATURE-v2-PROSPECTIVE/C2/QWEN3-BM25-K10-RANDOM	0f7babda273f68e2095343f2fb33f2dca3c8720f95ed87ca3a0f47d1b337b063	NO_AUTHORITATIVE_REQUIREMENT_SPECIFIED	TRUE	Primary registered RAG reference/random pair; exact grade-vector equality verified structurally; endpoints hash-bound without comparing outputs; no authoritative source support-count rule specified.
RAG-nq-test1061	28706c5ff6ea82afd1652da9ba0f609c149d97cba5bc4bcbbb9fa511b11a3a62	a6be1e50226054be6b70de019e78feb55ab5fbc457fabb20eb611cc779113324	2fe5c5a917fc78805895cc3542272e7b36cebe43d63f09ebdc0c0f66b34f632e	source_specimens_1600.jsonl#RAG-nq-test1061:A	984da85f19a3add7c234d3bab222bbbb73a43544c482dcf9dabfb455196d0894	3a9f7c15301cbe651aad067294da2b6f1746cff64ec1e228af6cb193b0ebacc3	source_specimens_1600.jsonl#RAG-nq-test1061:B	RIDI-RAG-NATURE-v2-PROSPECTIVE/C2/QWEN3-BM25-K10-RANDOM	0f7babda273f68e2095343f2fb33f2dca3c8720f95ed87ca3a0f47d1b337b063	NO_AUTHORITATIVE_REQUIREMENT_SPECIFIED	TRUE	Primary registered RAG reference/random pair; exact grade-vector equality verified structurally; endpoints hash-bound without comparing outputs; no authoritative source support-count rule specified.
RAG-nq-test1062	3bab348215e87391c9179c5cde68d29af03bf14f71692e20a1d8568e05d13ef2	4099c00f90a98a4c22fbd01000a3010e3e48ec7dced49916817ee0afa2cfc3e5	969497141376f9f0446e40d125e40d924813e1ddd3e0d7e645ddc3d1d4fc20ad	source_specimens_1600.jsonl#RAG-nq-test1062:A	249a4f544e3f2a38a7cc458614a952bbfaf21267416b38bfb4aec43d7aa9cd2d	90dc335708aaf2c31df1c7ea34efe2752096c0c0d0871ddda20d14d5e5e2f8c1	source_specimens_1600.jsonl#RAG-nq-test1062:B	RIDI-RAG-NATURE-v2-PROSPECTIVE/C2/QWEN3-BM25-K10-RANDOM	0f7babda273f68e2095343f2fb33f2dca3c8720f95ed87ca3a0f47d1b337b063	NO_AUTHORITATIVE_REQUIREMENT_SPECIFIED	TRUE	Primary registered RAG reference/random pair; exact grade-vector equality verified structurally; endpoints hash-bound without comparing outputs; no authoritative source support-count rule specified.
RAG-nq-test1063	cc5261bd29bb4b357c8408ba7a011220f11ce35772c457255681b8f260675641	e02c7f55fd411d82e3511b901f6cbb94d91a253955d3a94024de0120216c3ff8	31d672cdaf24ab01a8a107d866345fd9aa385da9ad6dc3453c76b58326ea2edb	source_specimens_1600.jsonl#RAG-nq-test1063:A	ab0f75c892ce82df04b907d60c2eba8bb3e4eef51eec3e9125b6519a7059b6bc	97b681ce69eb459a2ebcc48d369f3ab981d0f86ba398375dc0a4234ad268e8b0	source_specimens_1600.jsonl#RAG-nq-test1063:B	RIDI-RAG-NATURE-v2-PROSPECTIVE/C2/QWEN3-BM25-K10-RANDOM	0f7babda273f68e2095343f2fb33f2dca3c8720f95ed87ca3a0f47d1b337b063	NO_AUTHORITATIVE_REQUIREMENT_SPECIFIED	TRUE	Primary registered RAG reference/random pair; exact grade-vector equality verified structurally; endpoints hash-bound without comparing outputs; no authoritative source support-count rule specified.
RAG-nq-test1064	7f4f14a918b73f58d009a40bb1fb5919ac93d48c0e67db64d0dc224d7de21bc6	05038108a2bc530e7a5af86401f439f521f0dbeeff32997462c518b45172f362	ad364810c2cd632696ce6707721abd6b1c427076f069d997bb9196e42f8822df	source_specimens_1600.jsonl#RAG-nq-test1064:A	473d8e89d08abef01f781fda8f879b6cfd961f9dc9a7a78b68c8d38bfb7d4ed5	3704a62488b73b69d46e63d27e20a29d1bbddb8074dae10f5a977fd57b4a1c9b	source_specimens_1600.jsonl#RAG-nq-test1064:B	RIDI-RAG-NATURE-v2-PROSPECTIVE/C2/QWEN3-BM25-K10-RANDOM	0f7babda273f68e2095343f2fb33f2dca3c8720f95ed87ca3a0f47d1b337b063	NO_AUTHORITATIVE_REQUIREMENT_SPECIFIED	TRUE	Primary registered RAG reference/random pair; exact grade-vector equality verified structurally; endpoints hash-bound without comparing outputs; no authoritative source support-count rule specified.
RAG-nq-test1065	98627f9fbcb0c3dc2615954b467d7083fae8637b42ca470709871e18fb4d374e	4ed0c765eae1aa66f295700910216f37dd3f33ec48e2904b25d4078f3122a348	368e4fef311b2a3d3b9aa393ed1cfcb4dfec4055c43626b74a05f4c83da2f65e	source_specimens_1600.jsonl#RAG-nq-test1065:A	a9565b243da1a7ad9dca5793848a161be7795180962a4a497447876df8cb9cda	fded3acaa814717bcf4781e0f0163d5c99c0fb780dc69cc8af637e88160fee22	source_specimens_1600.jsonl#RAG-nq-test1065:B	RIDI-RAG-NATURE-v2-PROSPECTIVE/C2/QWEN3-BM25-K10-RANDOM	0f7babda273f68e2095343f2fb33f2dca3c8720f95ed87ca3a0f47d1b337b063	NO_AUTHORITATIVE_REQUIREMENT_SPECIFIED	TRUE	Primary registered RAG reference/random pair; exact grade-vector equality verified structurally; endpoints hash-bound without comparing outputs; no authoritative source support-count rule specified.
RAG-nq-test1068	1d189f5662286e8af8584b1fe4e2a1f42601dcfc021acf573ffef0c045e59021	1f86b17c26948f2c6b1e27c66048d5b177b16e138bc30f7761e533e5a0d299cf	a81dc2aa95ead374c0ac485eb19e415c9b34f80ad37c16945d4bbe1d8294ef15	source_specimens_1600.jsonl#RAG-nq-test1068:A	a806b89a10dbc54af9723eef3e1a0b12049dc49c2267a7087550dca8244aaf5d	6219116e7d0fc9c1b664e2959f7bcdeaad136d72d7a85bae54f82cc5ddf8b8e2	source_specimens_1600.jsonl#RAG-nq-test1068:B	RIDI-RAG-NATURE-v2-PROSPECTIVE/C2/QWEN3-BM25-K10-RANDOM	0f7babda273f68e2095343f2fb33f2dca3c8720f95ed87ca3a0f47d1b337b063	NO_AUTHORITATIVE_REQUIREMENT_SPECIFIED	TRUE	Primary registered RAG reference/random pair; exact grade-vector equality verified structurally; endpoints hash-bound without comparing outputs; no authoritative source support-count rule specified.
RAG-nq-test1069	d4104cea7c1502d989e5ed8a97e5b59fb5c42fc5c4b0f555c0d85ed9cf8f1e66	a2b283dfe5c67f9bc64d211bdd2054ba8f15c3734a3beae40a18afe0a5cf7ebe	2e202c9d27dc47592e96ec63bd1118eaff5f5bc9d98140c1444a61d88064ba93	source_specimens_1600.jsonl#RAG-nq-test1069:A	5c0e152257591ed4ffc48cda51c53c4634e745887b0dca67602f38bc50226843	621f48cb28bbec70812eb4099612104c05a218927b4a89ecef0cfbb7eea8c4b0	source_specimens_1600.jsonl#RAG-nq-test1069:B	RIDI-RAG-NATURE-v2-PROSPECTIVE/C2/QWEN3-BM25-K10-RANDOM	0f7babda273f68e2095343f2fb33f2dca3c8720f95ed87ca3a0f47d1b337b063	NO_AUTHORITATIVE_REQUIREMENT_SPECIFIED	TRUE	Primary registered RAG reference/random pair; exact grade-vector equality verified structurally; endpoints hash-bound without comparing outputs; no authoritative source support-count rule specified.
RAG-nq-test107	30e0ea3d60f33c3160ac9bbefc843cf4fd18e56b106448a2b2ff2b426b0015ad	ee47074a57abea51dfecf19a931faa3e8641d97d8ece1dfe931ea43e26219fb5	90f827d0d88dea9628062ce33fe3449ac93ce3cc930a3881060c83007af67803	source_specimens_1600.jsonl#RAG-nq-test107:A	85b5f736c170799a42924b67d986d4a8a1cbd2222c241eb74fac23ee5415e600	3f7cd5747c3fa412a22dd84cba2d609b2eb22f40e8ab8574dfb4017a703acf82	source_specimens_1600.jsonl#RAG-nq-test107:B	RIDI-RAG-NATURE-v2-PROSPECTIVE/C2/QWEN3-BM25-K10-RANDOM	0f7babda273f68e2095343f2fb33f2dca3c8720f95ed87ca3a0f47d1b337b063	NO_AUTHORITATIVE_REQUIREMENT_SPECIFIED	TRUE	Primary registered RAG reference/random pair; exact grade-vector equality verified structurally; endpoints hash-bound without comparing outputs; no authoritative source support-count rule specified.
RAG-nq-test1071	6e975978ce5e74be1e165c95ca10f4d3bcefa2edbcacdb31ee53ed2e831dbb91	57de719c7d3a721d2fffc5b65b85150c0dd1e2d30493f5be6f03b9b3e50c99bb	64bbe833706951eda9e1fe4606ad3bd068f30d03aead9c80a5b41c61fce4d342	source_specimens_1600.jsonl#RAG-nq-test1071:A	cd6c96eabbb0e0137cc5991df4512a31be5bc0f185095e2f62363f08eddb38d5	bd521e5103fbf8036136595000f85569ad82cfa50f0e7f91d158377a15a3812d	source_specimens_1600.jsonl#RAG-nq-test1071:B	RIDI-RAG-NATURE-v2-PROSPECTIVE/C2/QWEN3-BM25-K10-RANDOM	0f7babda273f68e2095343f2fb33f2dca3c8720f95ed87ca3a0f47d1b337b063	NO_AUTHORITATIVE_REQUIREMENT_SPECIFIED	TRUE	Primary registered RAG reference/random pair; exact grade-vector equality verified structurally; endpoints hash-bound without comparing outputs; no authoritative source support-count rule specified.
RAG-nq-test1072	fb47662abdf08a6c5d865a2390e35bf790fe98ea011371bee3f8394a0f1646e9	a38dfd9bcab9bc36bc689387502bb58180b6332c07fef2ab229474f2b84c7b8b	ec4557b73bc5e958e930cedc22832a6d57514c9c5b54cf402d048b5983bb415c	source_specimens_1600.jsonl#RAG-nq-test1072:A	9fbb9aae8ee57a24dee01684abfa3d65b5041452857c43ac51fc4b55d26a90ad	a8c61246affef09bb8525be273ee520223ff6d86c82ae4d4c05e7660aec86672	source_specimens_1600.jsonl#RAG-nq-test1072:B	RIDI-RAG-NATURE-v2-PROSPECTIVE/C2/QWEN3-BM25-K10-RANDOM	0f7babda273f68e2095343f2fb33f2dca3c8720f95ed87ca3a0f47d1b337b063	NO_AUTHORITATIVE_REQUIREMENT_SPECIFIED	TRUE	Primary registered RAG reference/random pair; exact grade-vector equality verified structurally; endpoints hash-bound without comparing outputs; no authoritative source support-count rule specified.
RAG-nq-test1073	af71430b77b64cc0e13a5be946c057a6403c334406fe358177780d307ae227c9	5d0b410d02e532262a7231759c43ce4370aea77da0af5b15629918b166dc3081	00496e64094db20099e57d12f67795f48a7d7cf2a03e80ecdcbf6e75fb7fa962	source_specimens_1600.jsonl#RAG-nq-test1073:A	7814703fa43e8374c2a716124d20846d66bfa04c44c8be371ca7161abef7906e	2d09c22f6f0a600aa08c5057ef2fb7b473bfe9b5108b0e8c29dd5133aaee2c17	source_specimens_1600.jsonl#RAG-nq-test1073:B	RIDI-RAG-NATURE-v2-PROSPECTIVE/C2/QWEN3-BM25-K10-RANDOM	0f7babda273f68e2095343f2fb33f2dca3c8720f95ed87ca3a0f47d1b337b063	NO_AUTHORITATIVE_REQUIREMENT_SPECIFIED	TRUE	Primary registered RAG reference/random pair; exact grade-vector equality verified structurally; endpoints hash-bound without comparing outputs; no authoritative source support-count rule specified.
RAG-nq-test1075	681f246ca52cdfe36c9532143e2b88b0f3a9ddb233d0d15adcc8ea4d697f621e	a13d63a029dc53a7c1900e749ae5bbcb86ea5732503ad25cb1e0e284204843d1	eeb3eaa3d0a9d1cde7891953990f7a46caebe96702402d1ad76cb94633332394	source_specimens_1600.jsonl#RAG-nq-test1075:A	308a1b105b8cd0702d744398de3fdc78b22275675e7fb2fa57091d1e8b556e12	a03e6f65021197e105d70d58844411a44d9d5062b80a0f73201bb30d384b8115	source_specimens_1600.jsonl#RAG-nq-test1075:B	RIDI-RAG-NATURE-v2-PROSPECTIVE/C2/QWEN3-BM25-K10-RANDOM	0f7babda273f68e2095343f2fb33f2dca3c8720f95ed87ca3a0f47d1b337b063	NO_AUTHORITATIVE_REQUIREMENT_SPECIFIED	TRUE	Primary registered RAG reference/random pair; exact grade-vector equality verified structurally; endpoints hash-bound without comparing outputs; no authoritative source support-count rule specified.
RAG-nq-test1076	a1d7e9023f07e7467e891d1d7ec9eda23102335a4611df57828edaed581f91b8	1a2ec7b85e7ee19ee1ff772661d16babd01a60d72a772a53a40ed714621d9696	e78e99bb99dc8346ed27f029dd6190fd1b5f74bc9c6c16eab2e50676c8ffa3f3	source_specimens_1600.jsonl#RAG-nq-test1076:A	4c543e27fbd589d564a1c8b0cc5a6cee905a179bbac6b2e2e00482d9c87b4367	711ca609505a5364282a5f016273e1e3adf2dc66b00ffa2e810de1bac638e68a	source_specimens_1600.jsonl#RAG-nq-test1076:B	RIDI-RAG-NATURE-v2-PROSPECTIVE/C2/QWEN3-BM25-K10-RANDOM	0f7babda273f68e2095343f2fb33f2dca3c8720f95ed87ca3a0f47d1b337b063	NO_AUTHORITATIVE_REQUIREMENT_SPECIFIED	TRUE	Primary registered RAG reference/random pair; exact grade-vector equality verified structurally; endpoints hash-bound without comparing outputs; no authoritative source support-count rule specified.
RAG-nq-test1077	d727ca8b670050c8dbf76124793209d3706ecfcfd778b9b2f49683a2560d847b	615a1f73b6ed4814a89e0d575ee6547e69737bd368a7b257e56fbb34008b4077	5d244699b1cd4cc15814103093667911f1da9987bb96685d106121633f309c67	source_specimens_1600.jsonl#RAG-nq-test1077:A	198a5b2754eaa3624f8f633f98339ca156e961f69ff2a043e6d25635790d92ea	4851d22cc6302c0120ae47d66437fdb4d0c8496128c543f5cdc9c88f3a66954d	source_specimens_1600.jsonl#RAG-nq-test1077:B	RIDI-RAG-NATURE-v2-PROSPECTIVE/C2/QWEN3-BM25-K10-RANDOM	0f7babda273f68e2095343f2fb33f2dca3c8720f95ed87ca3a0f47d1b337b063	NO_AUTHORITATIVE_REQUIREMENT_SPECIFIED	TRUE	Primary registered RAG reference/random pair; exact grade-vector equality verified structurally; endpoints hash-bound without comparing outputs; no authoritative source support-count rule specified.
RAG-nq-test1079	abebd93baf3d7457432729b70bb712f1a6d402e78b3bf5092f8f416f422a7c16	c2e1bbb9bdc21376ced7c870b49c31261ece2d814beb29493bd721a762374cc2	11e4d1bee95cb2222b3b6d3fb23f981af39810703944e708feb58b799ffff324	source_specimens_1600.jsonl#RAG-nq-test1079:A	f67a08ad5c06bd08498466abdda8f6303692c9b5a0b3ed83c880291ce9ffd32b	fecbe875c47ace83c3fc32db8247979864921158c65f80c295e2b3f46640917a	source_specimens_1600.jsonl#RAG-nq-test1079:B	RIDI-RAG-NATURE-v2-PROSPECTIVE/C2/QWEN3-BM25-K10-RANDOM	0f7babda273f68e2095343f2fb33f2dca3c8720f95ed87ca3a0f47d1b337b063	NO_AUTHORITATIVE_REQUIREMENT_SPECIFIED	TRUE	Primary registered RAG reference/random pair; exact grade-vector equality verified structurally; endpoints hash-bound without comparing outputs; no authoritative source support-count rule specified.
RAG-nq-test108	94d3f2ab2c00162ea289ac971a1d02edefb5a906bab4a4b0f9fb47d8a9857cae	64da922cc54ac7002e0f725d4836095288c896cd8a90147024b771f2bc795d6f	ca5b8b6a6a296c732daa7f4e2f5af87c2312851ddcf3d580156f7b621adbfead	source_specimens_1600.jsonl#RAG-nq-test108:A	c7697bfaba92380a106e839e5364dce54dc2e71f48aaff31a479fdef274fe3ee	ecb516518726d8de7ee461a44a28bbc15be5447925551412296fbc986ebe7d76	source_specimens_1600.jsonl#RAG-nq-test108:B	RIDI-RAG-NATURE-v2-PROSPECTIVE/C2/QWEN3-BM25-K10-RANDOM	0f7babda273f68e2095343f2fb33f2dca3c8720f95ed87ca3a0f47d1b337b063	NO_AUTHORITATIVE_REQUIREMENT_SPECIFIED	TRUE	Primary registered RAG reference/random pair; exact grade-vector equality verified structurally; endpoints hash-bound without comparing outputs; no authoritative source support-count rule specified.
RAG-nq-test1081	9989c069061a9ecc560692d584048263fa5cc488a4644f9e7533c158ed9d70e2	b3153dec6039f06c3974dab6002119a92a6abeb1e1c40f69274c02b6d1d0527f	c879a8e3510af37f0f582b0b8f86d6efcddcb2048e833d023b276b91c65accdd	source_specimens_1600.jsonl#RAG-nq-test1081:A	e33cc803f12d312eaa6d91b11d00a190b3e387a1e6af9189323100639d3133ef	67f62fedb785f230cae236ae5f68588b1d106fc0233f6692826dd5f19f3c0c32	source_specimens_1600.jsonl#RAG-nq-test1081:B	RIDI-RAG-NATURE-v2-PROSPECTIVE/C2/QWEN3-BM25-K10-RANDOM	0f7babda273f68e2095343f2fb33f2dca3c8720f95ed87ca3a0f47d1b337b063	NO_AUTHORITATIVE_REQUIREMENT_SPECIFIED	TRUE	Primary registered RAG reference/random pair; exact grade-vector equality verified structurally; endpoints hash-bound without comparing outputs; no authoritative source support-count rule specified.
RAG-nq-test1082	fe3eec258a37034f173dfa78e7d6d417a0ae48062f0b3de7c91b63b56d1f8913	a020a2147fa92ff8d2e44228f3282b25199a60bcc23c1a139452f62150d7fbf8	cbdd2b831e9aa333efc38086af1435fce2d510850afe691e7943bab8abb90198	source_specimens_1600.jsonl#RAG-nq-test1082:A	674638984d806407a1e913025f24a09237300b5a0336d075a397cad6d5ee804c	f318075d3c78b63c1fb3b8b7b0f7f9b2e719760386acbf0de276033418b45f55	source_specimens_1600.jsonl#RAG-nq-test1082:B	RIDI-RAG-NATURE-v2-PROSPECTIVE/C2/QWEN3-BM25-K10-RANDOM	0f7babda273f68e2095343f2fb33f2dca3c8720f95ed87ca3a0f47d1b337b063	NO_AUTHORITATIVE_REQUIREMENT_SPECIFIED	TRUE	Primary registered RAG reference/random pair; exact grade-vector equality verified structurally; endpoints hash-bound without comparing outputs; no authoritative source support-count rule specified.
RAG-nq-test1083	dfbafcf154e18b7efef35769b0a9214149eed8e11eca1ac49f3ce9018568fc7d	c4377627c1e2522f2f5dc0def4e5a2e5d918af4492cc92e82ea4aa1868bad0d0	faa5a22658bd2a3e3fd358d3ffd47b708f407d10fb050feff5831ac134953df6	source_specimens_1600.jsonl#RAG-nq-test1083:A	8b1af16227bab92b2de6e0a3ba3a0b02e5300789aa12e0a849a9f7945a9819ac	46248950844c41a075c9ef2e0344ca3b8f42a8b5690378db1f852daa8d7694c4	source_specimens_1600.jsonl#RAG-nq-test1083:B	RIDI-RAG-NATURE-v2-PROSPECTIVE/C2/QWEN3-BM25-K10-RANDOM	0f7babda273f68e2095343f2fb33f2dca3c8720f95ed87ca3a0f47d1b337b063	NO_AUTHORITATIVE_REQUIREMENT_SPECIFIED	TRUE	Primary registered RAG reference/random pair; exact grade-vector equality verified structurally; endpoints hash-bound without comparing outputs; no authoritative source support-count rule specified.
RAG-nq-test1084	00df7f160b0d739b6cd75c31a04fb4ceb839f995bb711a768a00cf460f3e368a	c5ca1ba439c1cb1f760d0429f74bf76512e11dfe57d636014031bb37d4b67296	81ee0dcf8b29ef65c9f5b32e72032d29001508ba469822863f3c5c28237d7d62	source_specimens_1600.jsonl#RAG-nq-test1084:A	fd3d4bf0a8b3f1a2449e13369a5e6454cd6b825da53be87353b8b6b0eb263a7c	759e37a9eeb066c718d95b223975eaeaa95d047591c76634c849f0fe8e2eac59	source_specimens_1600.jsonl#RAG-nq-test1084:B	RIDI-RAG-NATURE-v2-PROSPECTIVE/C2/QWEN3-BM25-K10-RANDOM	0f7babda273f68e2095343f2fb33f2dca3c8720f95ed87ca3a0f47d1b337b063	NO_AUTHORITATIVE_REQUIREMENT_SPECIFIED	TRUE	Primary registered RAG reference/random pair; exact grade-vector equality verified structurally; endpoints hash-bound without comparing outputs; no authoritative source support-count rule specified.
RAG-nq-test1085	187e4c62f94657cc435ee887903fb75b2551592db28c2d5f788a7ebed27aa4c1	3ddbe936b7e0f0eff5473b3d840f60c680ecc891a0d8c5a428151d22ee6dd3c2	935d6f5c01d68cfd36c7059ef3c4b68d8bab444a028d51ca44e4ecc99411ca01	source_specimens_1600.jsonl#RAG-nq-test1085:A	1b23ddee05e8ef539fa0be239add96674ee024de94c112e12e2c6c76f231fbe3	87671952ab346a09864d923222cab450879ca0c57dcb39665747ce1d364ccde7	source_specimens_1600.jsonl#RAG-nq-test1085:B	RIDI-RAG-NATURE-v2-PROSPECTIVE/C2/QWEN3-BM25-K10-RANDOM	0f7babda273f68e2095343f2fb33f2dca3c8720f95ed87ca3a0f47d1b337b063	NO_AUTHORITATIVE_REQUIREMENT_SPECIFIED	TRUE	Primary registered RAG reference/random pair; exact grade-vector equality verified structurally; endpoints hash-bound without comparing outputs; no authoritative source support-count rule specified.
RAG-nq-test1086	093ca38afb96d9ab251fd867aec2d8d0f4aa7bcaed6705f16c2a684200ef2c45	2da9e4db57c3d3bf505c4bc6ac221efef40affd0e13c7c50fe2027650bdc4c49	23a65212ad7bba1916d6c1568d49a15734e73d9b8a8fd8e1b40a6307378f37c3	source_specimens_1600.jsonl#RAG-nq-test1086:A	14aa702ea8da6a8b5854165d86b950cc5c18ec314ff20d88b2e9ef9f9dff7571	32f59a18667f44304e3c6f024218f94277d2a3f4af398369e280542f495e3318	source_specimens_1600.jsonl#RAG-nq-test1086:B	RIDI-RAG-NATURE-v2-PROSPECTIVE/C2/QWEN3-BM25-K10-RANDOM	0f7babda273f68e2095343f2fb33f2dca3c8720f95ed87ca3a0f47d1b337b063	NO_AUTHORITATIVE_REQUIREMENT_SPECIFIED	TRUE	Primary registered RAG reference/random pair; exact grade-vector equality verified structurally; endpoints hash-bound without comparing outputs; no authoritative source support-count rule specified.
RAG-nq-test1087	38eb42890d65c79b97fbbed801447be38a4d01a4d25bb3022091bc65aed2224f	4a762c1bfc1a9627d24b61be1c95b195a305f55b9addd13771cc7a5c4af66280	05b04eb056a20de2cdf4f8d6d4f81a5d24fd0a5ae7eb2f44c767ee098cb6a6c8	source_specimens_1600.jsonl#RAG-nq-test1087:A	534f82f10b77ab4946df5f21954fce42b0895275f11786ec89d9c724b3844397	af32b80870cde1b7ec8c80c40d227c8b6407daf0c703201f9c8151308c572485	source_specimens_1600.jsonl#RAG-nq-test1087:B	RIDI-RAG-NATURE-v2-PROSPECTIVE/C2/QWEN3-BM25-K10-RANDOM	0f7babda273f68e2095343f2fb33f2dca3c8720f95ed87ca3a0f47d1b337b063	NO_AUTHORITATIVE_REQUIREMENT_SPECIFIED	TRUE	Primary registered RAG reference/random pair; exact grade-vector equality verified structurally; endpoints hash-bound without comparing outputs; no authoritative source support-count rule specified.
RAG-nq-test1089	c52a7c22a8af3849aa9d282b58530fc42b69ab74279e9e11b60d6dbe2976732e	f60493d8f160895b0fcbba9334d6d629b1a9513f1194be96f4e2424d4125697e	dcd3c8d9d4b3fbab409c72df3d4f7736ca967625a4e21f3940747224e5ca2960	source_specimens_1600.jsonl#RAG-nq-test1089:A	c1b768de3fb5d9bfe9ba8051e099e9f455e11d09ad7e76334909dbb52f370590	ffde4c65026bdf3f594e84e4110549dd0105ea0330db80d46cccf76c0ac9c6ef	source_specimens_1600.jsonl#RAG-nq-test1089:B	RIDI-RAG-NATURE-v2-PROSPECTIVE/C2/QWEN3-BM25-K10-RANDOM	0f7babda273f68e2095343f2fb33f2dca3c8720f95ed87ca3a0f47d1b337b063	NO_AUTHORITATIVE_REQUIREMENT_SPECIFIED	TRUE	Primary registered RAG reference/random pair; exact grade-vector equality verified structurally; endpoints hash-bound without comparing outputs; no authoritative source support-count rule specified.
RAG-nq-test1090	742aae62d2bc6d5b85cdfced4b9e3734b30305ed8c7fedd16a9b8ad67ab29211	db75162f2092a7113c1579008d30f64beb1c708fdeafa6a6b245d7371076db73	c63049a80a04f62a0f36e263e5b5ca318b2374b60981f906a1cec38e2e485ec4	source_specimens_1600.jsonl#RAG-nq-test1090:A	722bc8fb5b785bd5d856d030a295ba4c157bd8b2c206c030bd5f2dec07f3bb27	d0f7cfa089b455087791a850dbee6311d512980b6b06e4ba3a9f9441fc737a5f	source_specimens_1600.jsonl#RAG-nq-test1090:B	RIDI-RAG-NATURE-v2-PROSPECTIVE/C2/QWEN3-BM25-K10-RANDOM	0f7babda273f68e2095343f2fb33f2dca3c8720f95ed87ca3a0f47d1b337b063	NO_AUTHORITATIVE_REQUIREMENT_SPECIFIED	TRUE	Primary registered RAG reference/random pair; exact grade-vector equality verified structurally; endpoints hash-bound without comparing outputs; no authoritative source support-count rule specified.
RAG-nq-test1093	a1935023de9d57a98e929a2cb3c1a9293356fdaf2423f2e743fc3a345c921dae	29d937bedcc9ea1d9d4f226a386acf6867d56d48a7017f995eb9d46ea9bc7a74	2e99d484775e69fee15793c415b1e4b842f23e95135200d58005dd41cf7683af	source_specimens_1600.jsonl#RAG-nq-test1093:A	6f906010ed111a3f6dbadfeac7cb3a47ac17fbb8fb79551bc200b109d305cee0	e0f42bff43e99ab3ae0f28bbec00a014e7ee064da61c7c9131e5414f1b99e0ad	source_specimens_1600.jsonl#RAG-nq-test1093:B	RIDI-RAG-NATURE-v2-PROSPECTIVE/C2/QWEN3-BM25-K10-RANDOM	0f7babda273f68e2095343f2fb33f2dca3c8720f95ed87ca3a0f47d1b337b063	NO_AUTHORITATIVE_REQUIREMENT_SPECIFIED	TRUE	Primary registered RAG reference/random pair; exact grade-vector equality verified structurally; endpoints hash-bound without comparing outputs; no authoritative source support-count rule specified.
RAG-nq-test1094	0520f2c317911f0c8747b647ddd16db501717bbf4478f71f794b5a6195dab8b3	28032442671f2bc07076d47c2cfd7dd2d6703ea02839ee457302e804caaad455	9027099712f27d5b0686d7e34d13ac28fc208e8cc2c12bec3d0a8e161f4b55e0	source_specimens_1600.jsonl#RAG-nq-test1094:A	7897bf67b2ffa4b656d22caf5f277398c944bf9ef3b12466bb7fd3196e50389e	ae5edb89aa9791b5b2f54edac362f672e887ebdb22e34354e158283307f28603	source_specimens_1600.jsonl#RAG-nq-test1094:B	RIDI-RAG-NATURE-v2-PROSPECTIVE/C2/QWEN3-BM25-K10-RANDOM	0f7babda273f68e2095343f2fb33f2dca3c8720f95ed87ca3a0f47d1b337b063	NO_AUTHORITATIVE_REQUIREMENT_SPECIFIED	TRUE	Primary registered RAG reference/random pair; exact grade-vector equality verified structurally; endpoints hash-bound without comparing outputs; no authoritative source support-count rule specified.
RAG-nq-test1095	179e186c881f103c606aedb699d61af2f5d6759beefad4dc3904dcb670c8d79e	0b41b2eee296c21c587a9c800123898fc920377c755982feee3cee815d23547e	b75a75a43aabeff9c1f3c1adf1cfbb17c22224345884f90fcccd8778365de886	source_specimens_1600.jsonl#RAG-nq-test1095:A	c145caac839d5124413ece8062efe29e2c6312b70668da7bdb49bcfdfe2fb831	f5c425dda53eae0137b2f87241cb5cb6fa99bdc7b952d7a03e882d2669eb7406	source_specimens_1600.jsonl#RAG-nq-test1095:B	RIDI-RAG-NATURE-v2-PROSPECTIVE/C2/QWEN3-BM25-K10-RANDOM	0f7babda273f68e2095343f2fb33f2dca3c8720f95ed87ca3a0f47d1b337b063	NO_AUTHORITATIVE_REQUIREMENT_SPECIFIED	TRUE	Primary registered RAG reference/random pair; exact grade-vector equality verified structurally; endpoints hash-bound without comparing outputs; no authoritative source support-count rule specified.
RAG-nq-test1096	3a9df8bd5f8c97f1a76b96375e501912006f502677152718ce54fc7f87e1b7e4	fe6292532d6ab5e449da78a8e843cc7e552e2c8dac366af3addcce6219dbf3e1	4b3819416599434beb964490fcad69cadfe9bf3237bece93eb175da97efc80b3	source_specimens_1600.jsonl#RAG-nq-test1096:A	05e1fc74d5593136975f5c3f03f996c497c9aa9fe10b1ee4bf934a870d135121	ad532e50bc5c92226804e6dc716de5f395d1afd2b36519961adb1fe3c764f6d6	source_specimens_1600.jsonl#RAG-nq-test1096:B	RIDI-RAG-NATURE-v2-PROSPECTIVE/C2/QWEN3-BM25-K10-RANDOM	0f7babda273f68e2095343f2fb33f2dca3c8720f95ed87ca3a0f47d1b337b063	NO_AUTHORITATIVE_REQUIREMENT_SPECIFIED	TRUE	Primary registered RAG reference/random pair; exact grade-vector equality verified structurally; endpoints hash-bound without comparing outputs; no authoritative source support-count rule specified.
RAG-nq-test1097	7aeed571504b2b33f908663ecced671eccefd67ef36650b081f2ada3c22aeb7a	563cd7f602d781b5cba7bcb843c3808423b3bfdfbcd99f4d4f490e69bda9ba23	bba367eba92512f279a7e088ad018f94980adf7ce06a0fff86a86009348c56c9	source_specimens_1600.jsonl#RAG-nq-test1097:A	4888f5109ffba007df479b9706180e9927ee197d801c518e6ac6e54285b562d7	73fdd9256cdcddb0e2a48dc4731c12533ce7b9d1208e052d0728b6928df032d8	source_specimens_1600.jsonl#RAG-nq-test1097:B	RIDI-RAG-NATURE-v2-PROSPECTIVE/C2/QWEN3-BM25-K10-RANDOM	0f7babda273f68e2095343f2fb33f2dca3c8720f95ed87ca3a0f47d1b337b063	NO_AUTHORITATIVE_REQUIREMENT_SPECIFIED	TRUE	Primary registered RAG reference/random pair; exact grade-vector equality verified structurally; endpoints hash-bound without comparing outputs; no authoritative source support-count rule specified.
RAG-nq-test1098	74bf19485831443c7d3c4b6c1e826c9c7ce92b18851216763bf5262932120c97	a667b8637a7a4276f6f8075f54c5fcbae2a08026f9a1e552bff5931d5312b31a	02891646aab447d1734f1e19427da254cb126ba2e4af4bc7da62b972d76c9619	source_specimens_1600.jsonl#RAG-nq-test1098:A	111e3e4e019f0eab7fd5af29885f3a90534303c403bc1ce66e65560692b1b4c2	f43320d96d3fb94c0d966ad2b89ef31c3d6803496b15057bd84289194558e7f5	source_specimens_1600.jsonl#RAG-nq-test1098:B	RIDI-RAG-NATURE-v2-PROSPECTIVE/C2/QWEN3-BM25-K10-RANDOM	0f7babda273f68e2095343f2fb33f2dca3c8720f95ed87ca3a0f47d1b337b063	NO_AUTHORITATIVE_REQUIREMENT_SPECIFIED	TRUE	Primary registered RAG reference/random pair; exact grade-vector equality verified structurally; endpoints hash-bound without comparing outputs; no authoritative source support-count rule specified.
RAG-nq-test1099	6ee1604a4558c0289b55c36b8c0deb7dc0e5634cced295d2ac6c3983dca391c1	0cc22abcd9d4ea50e503332bb2e9e2b65c5cadb02989275c450f589143aa0fc4	aab5d163e7060c8ec2ccc897de9fa66dc1c2745f193e4e8e1c41b48391b74307	source_specimens_1600.jsonl#RAG-nq-test1099:A	67d69bf7990e00f887ab72326ce721ba3f9c04fe94a559c10e45a4f068eb362a	c2bd5fcd133e3b89922c0aefba3e21f9717230d34f63f5859d25f2a306d6d8de	source_specimens_1600.jsonl#RAG-nq-test1099:B	RIDI-RAG-NATURE-v2-PROSPECTIVE/C2/QWEN3-BM25-K10-RANDOM	0f7babda273f68e2095343f2fb33f2dca3c8720f95ed87ca3a0f47d1b337b063	NO_AUTHORITATIVE_REQUIREMENT_SPECIFIED	TRUE	Primary registered RAG reference/random pair; exact grade-vector equality verified structurally; endpoints hash-bound without comparing outputs; no authoritative source support-count rule specified.
RAG-nq-test11	4f3d6211439b043532a725492e72ea4c665c6948942a8854e287e4baf67aa91b	0715e633795b8f8944fde529257a2fdd902181cce686398f17a7409171e1173d	ac89e5db9a59143033b6131785a4d7dc512eab19881d3b9c3e4ff1c41acf6338	source_specimens_1600.jsonl#RAG-nq-test11:A	bea74845cdc147b7c58d5be6a674b67654027d634365801d460af67a833979cc	d71940f50eaecb4fbc6d2fc4b34364e977801dc7b9d459c61ebfee202da85497	source_specimens_1600.jsonl#RAG-nq-test11:B	RIDI-RAG-NATURE-v2-PROSPECTIVE/C2/QWEN3-BM25-K10-RANDOM	0f7babda273f68e2095343f2fb33f2dca3c8720f95ed87ca3a0f47d1b337b063	NO_AUTHORITATIVE_REQUIREMENT_SPECIFIED	TRUE	Primary registered RAG reference/random pair; exact grade-vector equality verified structurally; endpoints hash-bound without comparing outputs; no authoritative source support-count rule specified.
RAG-nq-test110	c77880b7ea0b6cc19abeeb34e4f5491ff95798d428b0bee9696cf7c27a13e4ef	7b16220997aff90bdcbb65d8cf3a99d5ee04bbf5b97aac4b363fe1f0c0e814b0	806204a32571332cd2d2e7aa048edea8fc97d9d16bda473036a30a40bb05807a	source_specimens_1600.jsonl#RAG-nq-test110:A	73692bad5b91ee7549fbaaebae145b58ee6ebd6af2f4ee7b3189f3b91c6a4683	0fcb2e3955ab93f4df0e75019a4c0a3e572e50adc491b806904e8562fa4ebf95	source_specimens_1600.jsonl#RAG-nq-test110:B	RIDI-RAG-NATURE-v2-PROSPECTIVE/C2/QWEN3-BM25-K10-RANDOM	0f7babda273f68e2095343f2fb33f2dca3c8720f95ed87ca3a0f47d1b337b063	NO_AUTHORITATIVE_REQUIREMENT_SPECIFIED	TRUE	Primary registered RAG reference/random pair; exact grade-vector equality verified structurally; endpoints hash-bound without comparing outputs; no authoritative source support-count rule specified.
RAG-nq-test1100	dbdfd0d1f61d903060222fb5c3f5510c32749312dfeefa35a3684f4c210e1c60	a890a9ea6378f4f7f859d680ad176973875c1acd00593baf6f33264c8e158bb8	0dd7734af438d6aa9ea3ed13b257cbe523c072db916c2df193719e8e32572f5b	source_specimens_1600.jsonl#RAG-nq-test1100:A	aa04c83e9397be3a4e3460342c97776e4d6394bd3676216b81fc6531f0dbfffe	4421ba0f9ec796b2b8f1799ae5a53b02a21b286c6ebfaa8e19a3e457a9450841	source_specimens_1600.jsonl#RAG-nq-test1100:B	RIDI-RAG-NATURE-v2-PROSPECTIVE/C2/QWEN3-BM25-K10-RANDOM	0f7babda273f68e2095343f2fb33f2dca3c8720f95ed87ca3a0f47d1b337b063	NO_AUTHORITATIVE_REQUIREMENT_SPECIFIED	TRUE	Primary registered RAG reference/random pair; exact grade-vector equality verified structurally; endpoints hash-bound without comparing outputs; no authoritative source support-count rule specified.
RAG-nq-test1101	031fe4bf2fa4d6b71180a0087c1cb127bce3ee3290a4b6c89ca844ea49c7b175	43c52c0f37c25971796af710166ab8590315360d6dcde9b00f27e5b03b595222	fa7936d441336e3bf7b03a1daeb3bc8d27e870b79b50a8e21e79b594fab4f2bd	source_specimens_1600.jsonl#RAG-nq-test1101:A	72fd5d8308bbe3f591a7d0547c99141227e42fb5c16286848784682c44bb9666	731d917ef77e4c1bad5ed90e69af849e9254952a4b512ca0799f45ae6a8c0fb1	source_specimens_1600.jsonl#RAG-nq-test1101:B	RIDI-RAG-NATURE-v2-PROSPECTIVE/C2/QWEN3-BM25-K10-RANDOM	0f7babda273f68e2095343f2fb33f2dca3c8720f95ed87ca3a0f47d1b337b063	NO_AUTHORITATIVE_REQUIREMENT_SPECIFIED	TRUE	Primary registered RAG reference/random pair; exact grade-vector equality verified structurally; endpoints hash-bound without comparing outputs; no authoritative source support-count rule specified.
RAG-nq-test1102	8345a0a20eaa9ccc652fd32a8d2c1ea6693fc7951a6450610b095d01abacdc7c	581a79aef90207f1dfe7ee0025e5af45b76f5c46d13c5c98a111815ba1f82279	9f440cffa5f8e9ab1b01d5367f19b9dc3d0fdf54603cbd70ec5fe23c41a932b2	source_specimens_1600.jsonl#RAG-nq-test1102:A	c728212ba5a4fd290c3bdec48e540e94f14bcd39bc2948404afe887c85746df1	a932cfadfc8a26b4fb56d230eba86cd41a50428fd2475d97b1b5366b354495ef	source_specimens_1600.jsonl#RAG-nq-test1102:B	RIDI-RAG-NATURE-v2-PROSPECTIVE/C2/QWEN3-BM25-K10-RANDOM	0f7babda273f68e2095343f2fb33f2dca3c8720f95ed87ca3a0f47d1b337b063	NO_AUTHORITATIVE_REQUIREMENT_SPECIFIED	TRUE	Primary registered RAG reference/random pair; exact grade-vector equality verified structurally; endpoints hash-bound without comparing outputs; no authoritative source support-count rule specified.
RAG-nq-test1103	ea880353a5334b2f45d588479372305907d767591dbb529e829d1f44ff0fecad	175dc6958e91217d643d07e225ac70c44d126be4acfab6f546fbc4ac4dacb65c	3bce6ab68b251aaee417cf57420335e55d2999498c46944be75fe5c40d44189b	source_specimens_1600.jsonl#RAG-nq-test1103:A	2608c4cc08f872a23b133b0b4f0946721754836508671120b50324e4ef2f13d4	9817c4b59b98da0861df4ac0cdf65b8f249dde6211714c1082627c12eb261aa9	source_specimens_1600.jsonl#RAG-nq-test1103:B	RIDI-RAG-NATURE-v2-PROSPECTIVE/C2/QWEN3-BM25-K10-RANDOM	0f7babda273f68e2095343f2fb33f2dca3c8720f95ed87ca3a0f47d1b337b063	NO_AUTHORITATIVE_REQUIREMENT_SPECIFIED	TRUE	Primary registered RAG reference/random pair; exact grade-vector equality verified structurally; endpoints hash-bound without comparing outputs; no authoritative source support-count rule specified.
RAG-nq-test1104	de3a2ce473b946ffe9ba6b36f929819ec7ef81d6f8c5419de08c436fa9678dad	ab81316e3da71b102ba21bd5652ad3b2475860ee16a90322f71e06b9b178bc66	b2c7b3a616eeb54f75438467f035b994225d5e4eb14f341d2b60ae5219404077	source_specimens_1600.jsonl#RAG-nq-test1104:A	c6f33dde865668da17b9ab23366b43c200a0c4139fb18c7ec03491a4fd2bf53c	e34cfbf83731cc8b2bf5c4fb184ae985d07c00a079a6c49b6811b37855cd2ede	source_specimens_1600.jsonl#RAG-nq-test1104:B	RIDI-RAG-NATURE-v2-PROSPECTIVE/C2/QWEN3-BM25-K10-RANDOM	0f7babda273f68e2095343f2fb33f2dca3c8720f95ed87ca3a0f47d1b337b063	NO_AUTHORITATIVE_REQUIREMENT_SPECIFIED	TRUE	Primary registered RAG reference/random pair; exact grade-vector equality verified structurally; endpoints hash-bound without comparing outputs; no authoritative source support-count rule specified.
RAG-nq-test1105	13b7b7ad33412a42cb9ca587dd487e51fc60f10f63a5d66ce0b5b42029873baa	eaae71f8ae0cb3a7c6d99daba593b4032860c36950de586b56c6f4577934e667	42c46f6f3e3dc3ac311b33093019da111e504db2c9e9e73ff0d168f2088813b9	source_specimens_1600.jsonl#RAG-nq-test1105:A	cd47c1bc229656e058729cd212dd4b86eb80ebf3048ca58ae5d2587d46b3c3b0	337c780e62352ed164dd0d89565947560eff120121fb8a48f2368c1e4bc06f99	source_specimens_1600.jsonl#RAG-nq-test1105:B	RIDI-RAG-NATURE-v2-PROSPECTIVE/C2/QWEN3-BM25-K10-RANDOM	0f7babda273f68e2095343f2fb33f2dca3c8720f95ed87ca3a0f47d1b337b063	NO_AUTHORITATIVE_REQUIREMENT_SPECIFIED	TRUE	Primary registered RAG reference/random pair; exact grade-vector equality verified structurally; endpoints hash-bound without comparing outputs; no authoritative source support-count rule specified.
RAG-nq-test1106	1fd23f70fae19a9014caa2bcabc1b8cf6289fa59e051d9182bd5d2b197f4edd5	9e40c1edef7d7f6c262ab7754ef111253424d1b4267bb2bbfb9c9dd88820ac14	8b0614a095c728d195d353d18267109051929f7db7f123835b13de72ad3f2bac	source_specimens_1600.jsonl#RAG-nq-test1106:A	514a2ad98d3f1ded727f527153e96c6f623fc850ec250f62499b76352c198f5d	cb17ad3ee9844861b0adbb97e365d58a0a7b64e39048d105df7eda1cacb514bc	source_specimens_1600.jsonl#RAG-nq-test1106:B	RIDI-RAG-NATURE-v2-PROSPECTIVE/C2/QWEN3-BM25-K10-RANDOM	0f7babda273f68e2095343f2fb33f2dca3c8720f95ed87ca3a0f47d1b337b063	NO_AUTHORITATIVE_REQUIREMENT_SPECIFIED	TRUE	Primary registered RAG reference/random pair; exact grade-vector equality verified structurally; endpoints hash-bound without comparing outputs; no authoritative source support-count rule specified.
RAG-nq-test1108	2ab9f732428a68b623b71012e0cfb4be8ee46b297ead41f8b4512f3953f43d45	825ea5d857c8e105db251fb72656f3d9626b5d6aad4444ed143d3750eaf44ecc	3f127eeb03b3477f44d373909874f39342e143151472a394cf9735aecff48692	source_specimens_1600.jsonl#RAG-nq-test1108:A	00653756089534e6c84417717b68544fe1b6676410a34608d57cd1dec70ce541	824052f8401b3c69a6a481b9a3b5c054451803db2ed585838b60dd217849fab2	source_specimens_1600.jsonl#RAG-nq-test1108:B	RIDI-RAG-NATURE-v2-PROSPECTIVE/C2/QWEN3-BM25-K10-RANDOM	0f7babda273f68e2095343f2fb33f2dca3c8720f95ed87ca3a0f47d1b337b063	NO_AUTHORITATIVE_REQUIREMENT_SPECIFIED	TRUE	Primary registered RAG reference/random pair; exact grade-vector equality verified structurally; endpoints hash-bound without comparing outputs; no authoritative source support-count rule specified.
RAG-nq-test1109	557353b6634eb5347d499fa8f4ff736d3fcf47cd52271cd2df59180a81fb2c68	874ba08e3eafdc64a31e804245eccc6ad2f50ae4fdc2d59703f4997f674a7037	9aa7267d6a02379ce0570c0919d7f9cf8ee485c8bfeaef9e25f6b71dd1c94180	source_specimens_1600.jsonl#RAG-nq-test1109:A	1eec4b9fc3cbcf93a6ce177601793a11a6dc841c2ae7a692e4c50176ba71f080	dcb66264b545fadca9e6d25a806714a5a4f20fb54e1480d7823e570fba5bd6fb	source_specimens_1600.jsonl#RAG-nq-test1109:B	RIDI-RAG-NATURE-v2-PROSPECTIVE/C2/QWEN3-BM25-K10-RANDOM	0f7babda273f68e2095343f2fb33f2dca3c8720f95ed87ca3a0f47d1b337b063	NO_AUTHORITATIVE_REQUIREMENT_SPECIFIED	TRUE	Primary registered RAG reference/random pair; exact grade-vector equality verified structurally; endpoints hash-bound without comparing outputs; no authoritative source support-count rule specified.
RAG-nq-test1112	f518520fa9f0216aae3de32cf89300419c449a8267d59e284374ccaae217e230	9fb9d6ac792207e647d919ebdc0f17652a6f364bbf0dea563d1d042397a11187	526215041a11a5061aba4c1c02ff923558e5bee817592c7cdde246e4c27610b5	source_specimens_1600.jsonl#RAG-nq-test1112:A	8de4667efcd908ce0288b37522e8f6956bfc89a36799b816ae765a12781d7cd7	e8c22b3beb52391bea4fdba3375efe9f3d1aed4f0191e635bb260e435faf972d	source_specimens_1600.jsonl#RAG-nq-test1112:B	RIDI-RAG-NATURE-v2-PROSPECTIVE/C2/QWEN3-BM25-K10-RANDOM	0f7babda273f68e2095343f2fb33f2dca3c8720f95ed87ca3a0f47d1b337b063	NO_AUTHORITATIVE_REQUIREMENT_SPECIFIED	TRUE	Primary registered RAG reference/random pair; exact grade-vector equality verified structurally; endpoints hash-bound without comparing outputs; no authoritative source support-count rule specified.
RAG-nq-test1113	ab9f3904a6d197b87414d0fb7dc79d03c54b608861a6d87f50505f40c4439185	09cbf43463481bfa264c6d1e32c932df7a5c66d49eb01383f67223a0625b3c80	3e407953a6ad15ea618fd8639e65b9576fb85c945581f81098704dd5dd1926ae	source_specimens_1600.jsonl#RAG-nq-test1113:A	e087f003c1bd36a073e493fcf2814f178c417e7ca5408de1027bf788fbdd3cd4	4cb5960900f5248ef75dc90ddbf26a85a5ffbdcb22f214f699c45fa75612f02a	source_specimens_1600.jsonl#RAG-nq-test1113:B	RIDI-RAG-NATURE-v2-PROSPECTIVE/C2/QWEN3-BM25-K10-RANDOM	0f7babda273f68e2095343f2fb33f2dca3c8720f95ed87ca3a0f47d1b337b063	NO_AUTHORITATIVE_REQUIREMENT_SPECIFIED	TRUE	Primary registered RAG reference/random pair; exact grade-vector equality verified structurally; endpoints hash-bound without comparing outputs; no authoritative source support-count rule specified.
RAG-nq-test1114	2f054f59de7090f2f72eef9be6aa82a7f85f87a7f5796a030884f24e58ca32f0	7a987d02236f6f41fef7998eaa3bcb1d980edbc3ee5fd719815a9e8b570a897c	bed783d442e0deae744baf979ddfc3282cffe54c9627f8dc1c41ba019d55b971	source_specimens_1600.jsonl#RAG-nq-test1114:A	9e62a9ffa88e85c5184714494d30d96495773727311a81b6d7b07e0f3f503f35	e76b83cd2f0fad026c3117441de5636fdaf257bb91a53f838df2bc862ab43aaa	source_specimens_1600.jsonl#RAG-nq-test1114:B	RIDI-RAG-NATURE-v2-PROSPECTIVE/C2/QWEN3-BM25-K10-RANDOM	0f7babda273f68e2095343f2fb33f2dca3c8720f95ed87ca3a0f47d1b337b063	NO_AUTHORITATIVE_REQUIREMENT_SPECIFIED	TRUE	Primary registered RAG reference/random pair; exact grade-vector equality verified structurally; endpoints hash-bound without comparing outputs; no authoritative source support-count rule specified.
RAG-nq-test1115	11d5a34afdb18887c29bef27bea8b1bdc39188d136d034c2d4ef381cdf184c0d	6164363694edf75bbdd7ec84b37fb9e66f796e382e115ccb1b6c396da2c5608b	23fd0d817785f1c6573c830eb77503a592f1e3de2d3556e7e84e116729d617b6	source_specimens_1600.jsonl#RAG-nq-test1115:A	55178507fdf8470166e7e784e3f45bdc253c8cf24c68413e544ac09ffd42e97d	d3bf687ef1588dcee1f7f15d16efe62e6e42ab4b8ef765c65737e96bed94bfac	source_specimens_1600.jsonl#RAG-nq-test1115:B	RIDI-RAG-NATURE-v2-PROSPECTIVE/C2/QWEN3-BM25-K10-RANDOM	0f7babda273f68e2095343f2fb33f2dca3c8720f95ed87ca3a0f47d1b337b063	NO_AUTHORITATIVE_REQUIREMENT_SPECIFIED	TRUE	Primary registered RAG reference/random pair; exact grade-vector equality verified structurally; endpoints hash-bound without comparing outputs; no authoritative source support-count rule specified.
RAG-nq-test1117	46a9088f6e75fb58414a48ef2559280947edb4cced57a26b2b962a0624893562	44fa137b7cbe896264ca2c1a9aedecdb3c9dc7c27b0b65131e711699a99bb999	425d811d2951d72a55c59f91ab7b60c3b9cc9bbe804a443feb90a6c2dee14b1e	source_specimens_1600.jsonl#RAG-nq-test1117:A	d475c167955104cabf478db9d3c30dbc7eec862dab083230023d216d435eb023	c5f79bef5bc1ce2ecf646a4e200dcc194561b9a71cba70ff414ebe4bc8a91ce6	source_specimens_1600.jsonl#RAG-nq-test1117:B	RIDI-RAG-NATURE-v2-PROSPECTIVE/C2/QWEN3-BM25-K10-RANDOM	0f7babda273f68e2095343f2fb33f2dca3c8720f95ed87ca3a0f47d1b337b063	NO_AUTHORITATIVE_REQUIREMENT_SPECIFIED	TRUE	Primary registered RAG reference/random pair; exact grade-vector equality verified structurally; endpoints hash-bound without comparing outputs; no authoritative source support-count rule specified.
RAG-nq-test1118	44f70bbd9cf75f7545e5cc44894fd642f81ee6bd1146c21df109447415755f00	75921686822803cf908fec1c2a91d56d1496d388bbaf1bf082bd7895e9fad41a	5b978a6adffd1539c108bd7ebc043b4d039662b6b7995a30464b74ab9c3411e9	source_specimens_1600.jsonl#RAG-nq-test1118:A	59c9c29ed7b08ed7bf487c41b5d0243b835b7f13bde3f9319fc2360b6f15e317	9e71a7ff03b4457881d5905a55089c780de48097d340e8dfb441ee7f0eed20c9	source_specimens_1600.jsonl#RAG-nq-test1118:B	RIDI-RAG-NATURE-v2-PROSPECTIVE/C2/QWEN3-BM25-K10-RANDOM	0f7babda273f68e2095343f2fb33f2dca3c8720f95ed87ca3a0f47d1b337b063	NO_AUTHORITATIVE_REQUIREMENT_SPECIFIED	TRUE	Primary registered RAG reference/random pair; exact grade-vector equality verified structurally; endpoints hash-bound without comparing outputs; no authoritative source support-count rule specified.
RAG-nq-test112	f4a60001b4644e0d5918a11e2c3b00c2d83141f5c40ebf1a08cac239f3ff897b	d49ebc25cfcdc6da87fa12c93c408ca13bcc33f1c6ca9a686bf2377e7b83dc4a	0cfa740467850162f12cc58aaf4795a31e8c160b34d71364d7359e902c9848e4	source_specimens_1600.jsonl#RAG-nq-test112:A	124ce88e79335c784a711fb6846a7257ec73edbef86f6215401abce7835227a7	fcff8c6fd6fd9566a8f174d9853b1a3846a6d7c181aefe759b3ca65d1d34f89a	source_specimens_1600.jsonl#RAG-nq-test112:B	RIDI-RAG-NATURE-v2-PROSPECTIVE/C2/QWEN3-BM25-K10-RANDOM	0f7babda273f68e2095343f2fb33f2dca3c8720f95ed87ca3a0f47d1b337b063	NO_AUTHORITATIVE_REQUIREMENT_SPECIFIED	TRUE	Primary registered RAG reference/random pair; exact grade-vector equality verified structurally; endpoints hash-bound without comparing outputs; no authoritative source support-count rule specified.
RAG-nq-test1122	b13c61ce5f8d51a568724312cd2dac41f3a64b86eb4d6abe1ec41e12b31974f0	4a922718409fc91c3dfed90197e63f110375de07d5d78c19801f3cc4a389e984	9f60f0d450e65ad0bc1c3fafdf861b528ebc7ea720f0c938dd2efdb404939233	source_specimens_1600.jsonl#RAG-nq-test1122:A	3d0cb83f2060b6c9e5eb00c857add9e1d34c0a8cb3553102a8399f82e6ca2752	46e66c3a306b8064ade60bbb9e079f1bc7919e480ce6cf64dbc357cba6953161	source_specimens_1600.jsonl#RAG-nq-test1122:B	RIDI-RAG-NATURE-v2-PROSPECTIVE/C2/QWEN3-BM25-K10-RANDOM	0f7babda273f68e2095343f2fb33f2dca3c8720f95ed87ca3a0f47d1b337b063	NO_AUTHORITATIVE_REQUIREMENT_SPECIFIED	TRUE	Primary registered RAG reference/random pair; exact grade-vector equality verified structurally; endpoints hash-bound without comparing outputs; no authoritative source support-count rule specified.
RAG-nq-test1124	dbe8a95420b870b0e94ebbc072d475e09302a34cc3bfe3b8f3c4d1e00cd38aa6	b51531da460379bbaea73f647ff1bea25bff79927a3a998eaa58a632bfe13a07	2bc041f5fcf0a50b297fc65e9ab537844c23fe76a054c06e8760def495d6b4ff	source_specimens_1600.jsonl#RAG-nq-test1124:A	9d5128fa4a5a2f5a528f450189dfcdca1dd59a4569bb1c48afbd64da00c905f4	ea8d18830428ecac2a5d2bf7fd5d3bcaded9d52dd84d79abb2faaa25d951747a	source_specimens_1600.jsonl#RAG-nq-test1124:B	RIDI-RAG-NATURE-v2-PROSPECTIVE/C2/QWEN3-BM25-K10-RANDOM	0f7babda273f68e2095343f2fb33f2dca3c8720f95ed87ca3a0f47d1b337b063	NO_AUTHORITATIVE_REQUIREMENT_SPECIFIED	TRUE	Primary registered RAG reference/random pair; exact grade-vector equality verified structurally; endpoints hash-bound without comparing outputs; no authoritative source support-count rule specified.
RAG-nq-test1126	9f13e632ea85bc7eacf8037ee10332d1e1c4eef4bb75d2305bdf8163ea529f29	abe1478330214bdcd3f27589b9e7be6a15fd85361617ccfa58d36bffb2dbf631	57e677259d3f01ceb4fddaa105879a3d4468b7fc95c9c9a151976d442bf43261	source_specimens_1600.jsonl#RAG-nq-test1126:A	8190b8d9be054b5a588184030cae34f55a5b20a62428709297d90ae53e62c685	3a08822c37230b826dc12c7f85183b0caca2dc334d3370bd62d7485c16d9792d	source_specimens_1600.jsonl#RAG-nq-test1126:B	RIDI-RAG-NATURE-v2-PROSPECTIVE/C2/QWEN3-BM25-K10-RANDOM	0f7babda273f68e2095343f2fb33f2dca3c8720f95ed87ca3a0f47d1b337b063	NO_AUTHORITATIVE_REQUIREMENT_SPECIFIED	TRUE	Primary registered RAG reference/random pair; exact grade-vector equality verified structurally; endpoints hash-bound without comparing outputs; no authoritative source support-count rule specified.
RAG-nq-test1127	f32309722ee58c7e939455ed321ff1290876690d133bf3b2a05030084eec57d6	fd93b0c1bafbe78e8538d55492f7fbe39d76294642c51907811c5e585867b94e	1741396c329f462193d70820272f67fc249ad92e9d39bd4275f16b563cb6f682	source_specimens_1600.jsonl#RAG-nq-test1127:A	473c260fc079a7e851bac2e87a2919b6f376bc0dbf5b7201855e2efec23296f8	965f29ce9c45af113b34132be397410f68c7b1e026b66272d21f349badc6cb3c	source_specimens_1600.jsonl#RAG-nq-test1127:B	RIDI-RAG-NATURE-v2-PROSPECTIVE/C2/QWEN3-BM25-K10-RANDOM	0f7babda273f68e2095343f2fb33f2dca3c8720f95ed87ca3a0f47d1b337b063	NO_AUTHORITATIVE_REQUIREMENT_SPECIFIED	TRUE	Primary registered RAG reference/random pair; exact grade-vector equality verified structurally; endpoints hash-bound without comparing outputs; no authoritative source support-count rule specified.
RAG-nq-test1129	15ed1bad91362e7f65ecdab57451f10c3e24dafe579970c14196a83d08174bc0	43f0df5ccf55b59ceb1a79f8b0e6faaf0dbc60b74afae31d4e9cf32eaf203ca1	923b6cf232f1c3a5afe43c76ab8c88b48a26de115dd8c592e9e6933da4fe7704	source_specimens_1600.jsonl#RAG-nq-test1129:A	6cd81e1cc08ef2e8f329510697e04d102ca474a9edf0dc290b1ac33bbe88e176	8e4a0a68e7ff05ea945d92dc781fc56937447b1734aa0bef2b7727f2cd58d06b	source_specimens_1600.jsonl#RAG-nq-test1129:B	RIDI-RAG-NATURE-v2-PROSPECTIVE/C2/QWEN3-BM25-K10-RANDOM	0f7babda273f68e2095343f2fb33f2dca3c8720f95ed87ca3a0f47d1b337b063	NO_AUTHORITATIVE_REQUIREMENT_SPECIFIED	TRUE	Primary registered RAG reference/random pair; exact grade-vector equality verified structurally; endpoints hash-bound without comparing outputs; no authoritative source support-count rule specified.
RAG-nq-test113	64de2ea48a1307a663c1c5d79afc70013e53a25931a3a48457697de10e30e57a	dde278f38d768f5249892f556c25a5f23abe5f7aeb88806f8740fa208b4d61a2	7983d94b383277fe0a1ace2a5a9cba1b3604fc14433556eb24877b8751431594	source_specimens_1600.jsonl#RAG-nq-test113:A	e206201620b918c2d2c6211d4986bc6f46024be5d2cd0fc573299e3d3837d5aa	f3f5605d2a58456312bebaa0c5dde8ce9e7bab21e504e75590f002aca76d8473	source_specimens_1600.jsonl#RAG-nq-test113:B	RIDI-RAG-NATURE-v2-PROSPECTIVE/C2/QWEN3-BM25-K10-RANDOM	0f7babda273f68e2095343f2fb33f2dca3c8720f95ed87ca3a0f47d1b337b063	NO_AUTHORITATIVE_REQUIREMENT_SPECIFIED	TRUE	Primary registered RAG reference/random pair; exact grade-vector equality verified structurally; endpoints hash-bound without comparing outputs; no authoritative source support-count rule specified.
RAG-nq-test1130	fbe72e07afd3f10cddc802014ed01b5ba940048a84d380f3a6ec487c159ca25b	a4e974566a972ef6d633011893dc5f4123d39d0b03e5212cc2ce29d9bd91253d	f643727eca0c46eb9ff599bbf4b652a225dd97e56943b082b238bb37fb915666	source_specimens_1600.jsonl#RAG-nq-test1130:A	054f2a21d52e078407751f9c020a88287984ce62ca9209198a58420afe399d03	4fc3c7ca050e1f1507ad45970e6640891adf9a863a22a26b419e084163a96b22	source_specimens_1600.jsonl#RAG-nq-test1130:B	RIDI-RAG-NATURE-v2-PROSPECTIVE/C2/QWEN3-BM25-K10-RANDOM	0f7babda273f68e2095343f2fb33f2dca3c8720f95ed87ca3a0f47d1b337b063	NO_AUTHORITATIVE_REQUIREMENT_SPECIFIED	TRUE	Primary registered RAG reference/random pair; exact grade-vector equality verified structurally; endpoints hash-bound without comparing outputs; no authoritative source support-count rule specified.
RAG-nq-test1133	b8b5d5bf769a99bb6caeb040045bb0f288ccbc9b7c16e91e1937f48f5412028b	d6251f065f11f7cf814741a096bfe7a615b37cd3d961b95ae967d23b3e9dc317	d00caa43146867ec8040de038217c9ad2fc538bf1d9d12f29c1888fa992d247b	source_specimens_1600.jsonl#RAG-nq-test1133:A	66a24e979025825ee34835d9bcf7d66abeaab7ac13d9c95751f161bf6ba51b8c	fcd2eab92f7a2a577c8d0786eec1a5006fde9cc158b0a90ddc09ba2cff43e409	source_specimens_1600.jsonl#RAG-nq-test1133:B	RIDI-RAG-NATURE-v2-PROSPECTIVE/C2/QWEN3-BM25-K10-RANDOM	0f7babda273f68e2095343f2fb33f2dca3c8720f95ed87ca3a0f47d1b337b063	NO_AUTHORITATIVE_REQUIREMENT_SPECIFIED	TRUE	Primary registered RAG reference/random pair; exact grade-vector equality verified structurally; endpoints hash-bound without comparing outputs; no authoritative source support-count rule specified.
RAG-nq-test1135	70edc040f51b722a82d5daca11ef631dae3d0b3208a806abb1149af0f16c7200	680200b20164c8569b32ded0f470e377178c1173845d0c18a5434b59febc5753	fcc51641d2164216e36e5b607da15ba1cb50800dec25216fc4d7f0c95a3ebd93	source_specimens_1600.jsonl#RAG-nq-test1135:A	58e92fdb684e819c4f6fed6607318fde5c0b8a7eede366094cfffc7ab10487a3	9f0a1194f1de8b7905cd11861a96d67acc900b7196f8e7359c5796c59784f851	source_specimens_1600.jsonl#RAG-nq-test1135:B	RIDI-RAG-NATURE-v2-PROSPECTIVE/C2/QWEN3-BM25-K10-RANDOM	0f7babda273f68e2095343f2fb33f2dca3c8720f95ed87ca3a0f47d1b337b063	NO_AUTHORITATIVE_REQUIREMENT_SPECIFIED	TRUE	Primary registered RAG reference/random pair; exact grade-vector equality verified structurally; endpoints hash-bound without comparing outputs; no authoritative source support-count rule specified.
RAG-nq-test1136	b3614b273dced126b38221fb6faf010ef776a7a2ae2597722f98f555fe7465b0	550b1d58ba6d94b0845d0589b15d57b4beecf5a2088cd216e83dd93e09670e49	0edc0fabf2f637ef408fbb4867b55c8e21ba76b6e9de4ecbe40528284057ce2c	source_specimens_1600.jsonl#RAG-nq-test1136:A	cb396edc8b5950f954492cd569b98687f3fdaa433e0e2b84d4782176be656797	d5666f9b7afb86b939d48de32841e330bb92e3f8110b149226bb62a3845f4552	source_specimens_1600.jsonl#RAG-nq-test1136:B	RIDI-RAG-NATURE-v2-PROSPECTIVE/C2/QWEN3-BM25-K10-RANDOM	0f7babda273f68e2095343f2fb33f2dca3c8720f95ed87ca3a0f47d1b337b063	NO_AUTHORITATIVE_REQUIREMENT_SPECIFIED	TRUE	Primary registered RAG reference/random pair; exact grade-vector equality verified structurally; endpoints hash-bound without comparing outputs; no authoritative source support-count rule specified.
RAG-nq-test1137	174229bf8720a3557098d76ee77ddec98df062657787c3d56cc9b301a1720483	240a5f2faf8b77de39f89bc904ba45824f971cf1a3aea13bc623dc2ca45b44a1	c20537346827ff3997c911e14ebe3eb7258b693ae3ddefb07b23b366a785910a	source_specimens_1600.jsonl#RAG-nq-test1137:A	0bb992c312d1111bd43ee75d5590ab992b53beac0d24c1e91f252f64e6b43020	8449388f134891fa37debe67ae6369cd96ae2b0892e5e88d5ef9149d28e978c7	source_specimens_1600.jsonl#RAG-nq-test1137:B	RIDI-RAG-NATURE-v2-PROSPECTIVE/C2/QWEN3-BM25-K10-RANDOM	0f7babda273f68e2095343f2fb33f2dca3c8720f95ed87ca3a0f47d1b337b063	NO_AUTHORITATIVE_REQUIREMENT_SPECIFIED	TRUE	Primary registered RAG reference/random pair; exact grade-vector equality verified structurally; endpoints hash-bound without comparing outputs; no authoritative source support-count rule specified.
RAG-nq-test1138	61ced9a8d635b6501cffc33daece71cd514631fb64b39e4760b8c49365166ef8	4f66852114d0b67407996b56efd59f20278eb3c0d27c98bb7ca767a4825ab8d0	af0d072349f770fec4a7714efe5d61d109854c7ce0891b14df609b39d2a9f57b	source_specimens_1600.jsonl#RAG-nq-test1138:A	707df4cf2d40bcea7f1024171153f35d2f79f9f2800641aa4a62a78b6c1ecbd9	1b3e7f813a8cb38ffd7b842aa20cbb8f6928eeaaf1c258d2d0329b06a0dc7145	source_specimens_1600.jsonl#RAG-nq-test1138:B	RIDI-RAG-NATURE-v2-PROSPECTIVE/C2/QWEN3-BM25-K10-RANDOM	0f7babda273f68e2095343f2fb33f2dca3c8720f95ed87ca3a0f47d1b337b063	NO_AUTHORITATIVE_REQUIREMENT_SPECIFIED	TRUE	Primary registered RAG reference/random pair; exact grade-vector equality verified structurally; endpoints hash-bound without comparing outputs; no authoritative source support-count rule specified.
RAG-nq-test1141	2a008434cbbe0257986e63d515ee83f5ea90f4beb8e9cb4a79b8899eb03dfb77	228829f57f07fdd33402947147a2732a670b80b66f138e328c2a5865df9ab07e	c195e0551fd2d3d84ae42350cd483a9694cc61e64d7b4ca6bd566865565e68be	source_specimens_1600.jsonl#RAG-nq-test1141:A	773dc283c3acc4095847c23cc755fe39a105a7f6d9f98111784994c08b1b6b88	9aed687cb3ffc9781add59f62577c2a1645bc5e2c1b98fef9d083fec784615c7	source_specimens_1600.jsonl#RAG-nq-test1141:B	RIDI-RAG-NATURE-v2-PROSPECTIVE/C2/QWEN3-BM25-K10-RANDOM	0f7babda273f68e2095343f2fb33f2dca3c8720f95ed87ca3a0f47d1b337b063	NO_AUTHORITATIVE_REQUIREMENT_SPECIFIED	TRUE	Primary registered RAG reference/random pair; exact grade-vector equality verified structurally; endpoints hash-bound without comparing outputs; no authoritative source support-count rule specified.
RAG-nq-test1144	a849367c21378a0f535fa2fa9f69fee57cddb62b57ead0166cef2e8ee22a2493	d905013419cd50f89511f12bcc99ee21a414ee056e22a6f03182cf915943e461	0b282f53c63630c157abedf2b50ed13895efeddf2646406648cbfcdfeeba00a2	source_specimens_1600.jsonl#RAG-nq-test1144:A	b704c1d77f0eab738a0d1f2ed918ef6b57ab5caca1826135b2677f8470809f06	c60e7ca214499dfa1a5ba8612703451f20f6d7825b5f701fddbc130871582b21	source_specimens_1600.jsonl#RAG-nq-test1144:B	RIDI-RAG-NATURE-v2-PROSPECTIVE/C2/QWEN3-BM25-K10-RANDOM	0f7babda273f68e2095343f2fb33f2dca3c8720f95ed87ca3a0f47d1b337b063	NO_AUTHORITATIVE_REQUIREMENT_SPECIFIED	TRUE	Primary registered RAG reference/random pair; exact grade-vector equality verified structurally; endpoints hash-bound without comparing outputs; no authoritative source support-count rule specified.
RAG-nq-test1145	3d14332cb95449fdf85954974b484695acc147183bf0ef95cf14ad1c3b078411	3a5ae49c876e57059fd7e01e9d360d0bf4b238dbd298009315d36856af63a4b4	40dfb91bee2a22fd63786e2e8f072f49acab9c2c291865603bb280bb3a37ce73	source_specimens_1600.jsonl#RAG-nq-test1145:A	be3013cf06993fe7fc8b9c6dfd0edd53732a0672dfe80fa98dfd1b0b3ac635be	b35443e5f77c8a210cbb723276bc412a4fb9e0170bb446896659857e92c524e1	source_specimens_1600.jsonl#RAG-nq-test1145:B	RIDI-RAG-NATURE-v2-PROSPECTIVE/C2/QWEN3-BM25-K10-RANDOM	0f7babda273f68e2095343f2fb33f2dca3c8720f95ed87ca3a0f47d1b337b063	NO_AUTHORITATIVE_REQUIREMENT_SPECIFIED	TRUE	Primary registered RAG reference/random pair; exact grade-vector equality verified structurally; endpoints hash-bound without comparing outputs; no authoritative source support-count rule specified.
RAG-nq-test1149	4adbc4dd10dbb394f2e11725160e99000868d587f169e11ddc1f6e232c4fd050	e8d83d985403a96c24bdf3f3674c84e06cca8f257f1000243a8d0cd9218f28d0	85e3f56b7db5c87ce74ec70c1c3f00ef0dbec9c19b4f400f0d0d45e6b0cbb517	source_specimens_1600.jsonl#RAG-nq-test1149:A	bbc205073471cba45c9abfc58918737b43115511dee9cf7e89f09e5f8c5a416f	bfc9537de071f20240d504854bf1275d77152a0ed39ca41eba7f4f95b78fc3c9	source_specimens_1600.jsonl#RAG-nq-test1149:B	RIDI-RAG-NATURE-v2-PROSPECTIVE/C2/QWEN3-BM25-K10-RANDOM	0f7babda273f68e2095343f2fb33f2dca3c8720f95ed87ca3a0f47d1b337b063	NO_AUTHORITATIVE_REQUIREMENT_SPECIFIED	TRUE	Primary registered RAG reference/random pair; exact grade-vector equality verified structurally; endpoints hash-bound without comparing outputs; no authoritative source support-count rule specified.
RAG-nq-test1150	27737aa8bd5ba0f5b70808f8853b554a215f2f135c5b413d110491ef6f2a9055	957635ea764d919cc5c2b79a33a69d0f7d0682f96a599e09889703b408101713	e52e4c89d32298c521ed1e57183d686d66b24c36c5301890522bdebe05f17c56	source_specimens_1600.jsonl#RAG-nq-test1150:A	b3ce6f2454d727df80c4a0e8edee2e40cd3df47b9cca0fc18d411f869aa109f2	ec7b438adb3532f05c7d57dc7992b2f29b99ceeb6922f2bc3e6a211d784a2e86	source_specimens_1600.jsonl#RAG-nq-test1150:B	RIDI-RAG-NATURE-v2-PROSPECTIVE/C2/QWEN3-BM25-K10-RANDOM	0f7babda273f68e2095343f2fb33f2dca3c8720f95ed87ca3a0f47d1b337b063	NO_AUTHORITATIVE_REQUIREMENT_SPECIFIED	TRUE	Primary registered RAG reference/random pair; exact grade-vector equality verified structurally; endpoints hash-bound without comparing outputs; no authoritative source support-count rule specified.
RAG-nq-test1156	6fb87f0f181b272c1f898b2aa65a8668a0402f4c4547c3b7a7cdd251d8b041ea	7053660c2ae427b4a363cc779b4f2116050bb7a77d62a93f0a320c84ff9208bd	46b3707e9c28468edfa54f616e6fcd884e18fa82cfa0771f6fe827353e171b2f	source_specimens_1600.jsonl#RAG-nq-test1156:A	8550831e7c6bcc85d636e914d2ba92e38fdd8807dcfd0a9a830f86ec3b5c4419	7475dc5f156cf1bf775994a64a5cfb5d6e9ad3a91fa9bf9f360c87501efee383	source_specimens_1600.jsonl#RAG-nq-test1156:B	RIDI-RAG-NATURE-v2-PROSPECTIVE/C2/QWEN3-BM25-K10-RANDOM	0f7babda273f68e2095343f2fb33f2dca3c8720f95ed87ca3a0f47d1b337b063	NO_AUTHORITATIVE_REQUIREMENT_SPECIFIED	TRUE	Primary registered RAG reference/random pair; exact grade-vector equality verified structurally; endpoints hash-bound without comparing outputs; no authoritative source support-count rule specified.
RAG-nq-test1157	97cc9de75976afdc6774292c68480f73a4f0ee1f7fae915771584a8e1e632db4	e9381ef967eda4407253b7770e1b5709bf1fa5d3d770826a4ecb3a64db4c61fb	a5da77a41a7564168a94e9f07264ca2fa1032ec81404ec0bb530e112e41eb826	source_specimens_1600.jsonl#RAG-nq-test1157:A	77deed7a786dd55ca103cff34060171bbc3ab5436da4f65a518efb20b43c9f77	f139a6983e346b59807ff2ee2dc61881ad597eb6edf0a84859b20d024725d7e0	source_specimens_1600.jsonl#RAG-nq-test1157:B	RIDI-RAG-NATURE-v2-PROSPECTIVE/C2/QWEN3-BM25-K10-RANDOM	0f7babda273f68e2095343f2fb33f2dca3c8720f95ed87ca3a0f47d1b337b063	NO_AUTHORITATIVE_REQUIREMENT_SPECIFIED	TRUE	Primary registered RAG reference/random pair; exact grade-vector equality verified structurally; endpoints hash-bound without comparing outputs; no authoritative source support-count rule specified.
RAG-nq-test116	70582ec62205d326fafb5fed4619b826bd43e207edeb302fb3f7460ebf07e5be	165662b08173ddb3bd18305bd1ef110c8cfe7ae07029f5d03f2b8fc4e20ed64b	6524d9b845582841a07a14eec31427a253ce9eacb9e92051bc47a62c55d1ce27	source_specimens_1600.jsonl#RAG-nq-test116:A	af85e524e66d04d5fe92620a1908c0648d9decdf57dbc078e3fe0bf0db7ddc46	c64a5371d632851e362ad9edf07bf1996edb880d39b7934994a44a112522c930	source_specimens_1600.jsonl#RAG-nq-test116:B	RIDI-RAG-NATURE-v2-PROSPECTIVE/C2/QWEN3-BM25-K10-RANDOM	0f7babda273f68e2095343f2fb33f2dca3c8720f95ed87ca3a0f47d1b337b063	NO_AUTHORITATIVE_REQUIREMENT_SPECIFIED	TRUE	Primary registered RAG reference/random pair; exact grade-vector equality verified structurally; endpoints hash-bound without comparing outputs; no authoritative source support-count rule specified.
RAG-nq-test1160	549736d9cd7307abb8acaab279247a00cd572f53a193c7ed12945f556eee8f95	69cb5e13e039927e118975e479dcc1f6ad9520a1d1edb53892a7020188eaf385	56942670410dcf0f6869d622b2f5b648deb55ce21bded43ad49b6cfbcaf54e3c	source_specimens_1600.jsonl#RAG-nq-test1160:A	99cdf5b2db5461d061cc2585c660797ecccdfc7c0b72baa24671cb4676c70cbc	d4e521e3e90e377ff1ad85c3ee6fcb82a135394d6dd12543962c92fd8e56d988	source_specimens_1600.jsonl#RAG-nq-test1160:B	RIDI-RAG-NATURE-v2-PROSPECTIVE/C2/QWEN3-BM25-K10-RANDOM	0f7babda273f68e2095343f2fb33f2dca3c8720f95ed87ca3a0f47d1b337b063	NO_AUTHORITATIVE_REQUIREMENT_SPECIFIED	TRUE	Primary registered RAG reference/random pair; exact grade-vector equality verified structurally; endpoints hash-bound without comparing outputs; no authoritative source support-count rule specified.
RAG-nq-test1162	cde53cba653c0cd64ab66df49104c0a3400416982333cd2955aa5a4bae453ea9	e0e7feee5fc62a909e88e31d63713f52e6eb66e1e0f0f45239d599edcf6a4f17	8b739dba05b534c1908f387fb235a3675c71bc2467e3a1d2aa0d8fa388c6839b	source_specimens_1600.jsonl#RAG-nq-test1162:A	c9aadc0c49e1455f9d44c2ba45d6205a0a52295e20d7f9e39e60ee1ac7012d7d	edc5a2d2dd0dc2ba87a60b77019687f176957033ade5c9a7630808ca4be04adb	source_specimens_1600.jsonl#RAG-nq-test1162:B	RIDI-RAG-NATURE-v2-PROSPECTIVE/C2/QWEN3-BM25-K10-RANDOM	0f7babda273f68e2095343f2fb33f2dca3c8720f95ed87ca3a0f47d1b337b063	NO_AUTHORITATIVE_REQUIREMENT_SPECIFIED	TRUE	Primary registered RAG reference/random pair; exact grade-vector equality verified structurally; endpoints hash-bound without comparing outputs; no authoritative source support-count rule specified.
RAG-nq-test1163	10238ed5c67b30219f75ad15953fa88d76ceebdb3a2b0b51cc41ee17a2c63b57	02d52d18bff3357b9332a01cb97facef95ef2bd9ea02a69903b2b9f138bbb4a6	dbd3afd5a44c4cde41cfde33a1868c0f8249929f2ee46c54447314b3e84a41dd	source_specimens_1600.jsonl#RAG-nq-test1163:A	6f664789944cb37c0244a0f2ab40e5106ce61847e561da0e756063433aed3ef3	b85dd32281d16fe39233abcd115a4a665cd8964dec1bc7933ae2d0cafb40787d	source_specimens_1600.jsonl#RAG-nq-test1163:B	RIDI-RAG-NATURE-v2-PROSPECTIVE/C2/QWEN3-BM25-K10-RANDOM	0f7babda273f68e2095343f2fb33f2dca3c8720f95ed87ca3a0f47d1b337b063	NO_AUTHORITATIVE_REQUIREMENT_SPECIFIED	TRUE	Primary registered RAG reference/random pair; exact grade-vector equality verified structurally; endpoints hash-bound without comparing outputs; no authoritative source support-count rule specified.
RAG-nq-test1165	eeefa8e7e97b1563b4895143229768fbd4bc490ff2c56fcc6e7e9453dd8b91ea	8cf2133504943e274b301d52a361ca0fb73144582a9c72195a916db8f348cb32	ea79d22f2bc64c1e18194236d7275d4c98f88b2866a93831bcecdbbb925317a9	source_specimens_1600.jsonl#RAG-nq-test1165:A	127ab9a6c3869ab19bd5e7f49e1a7c8ddf542e820b05558b19376f80dab317dc	6c59cfda85a61a8eda61d20f01fa778ccac7e39fd202d2b6259ae054f05fd546	source_specimens_1600.jsonl#RAG-nq-test1165:B	RIDI-RAG-NATURE-v2-PROSPECTIVE/C2/QWEN3-BM25-K10-RANDOM	0f7babda273f68e2095343f2fb33f2dca3c8720f95ed87ca3a0f47d1b337b063	NO_AUTHORITATIVE_REQUIREMENT_SPECIFIED	TRUE	Primary registered RAG reference/random pair; exact grade-vector equality verified structurally; endpoints hash-bound without comparing outputs; no authoritative source support-count rule specified.
RAG-nq-test1166	833cdfd93ca04c704a9949629d49eba3f873a6f7607ae9e19fce70b015f3cb26	8d6b5e6548926ed55731eb7ec41a090cb06eb94a70658fa57795e26ab021c263	45f3c451673de973ca4fcc5b5d3effbb80c2be04b38b4737ce88c962425ea828	source_specimens_1600.jsonl#RAG-nq-test1166:A	e69297b394de19a52a53706d1d4b2497c13c9bdad785e78510fe18e505eb8227	77596faff50753ede7a576b924ab316149d81c4c66f32a18ee98f04b2275de45	source_specimens_1600.jsonl#RAG-nq-test1166:B	RIDI-RAG-NATURE-v2-PROSPECTIVE/C2/QWEN3-BM25-K10-RANDOM	0f7babda273f68e2095343f2fb33f2dca3c8720f95ed87ca3a0f47d1b337b063	NO_AUTHORITATIVE_REQUIREMENT_SPECIFIED	TRUE	Primary registered RAG reference/random pair; exact grade-vector equality verified structurally; endpoints hash-bound without comparing outputs; no authoritative source support-count rule specified.
RAG-nq-test1167	77169426c6a5e8ec34531b461a5d746079ab0c2228805ed09b6158a1b8af7269	e8d29dd33aac282bf132701c02ea7a7fb1ddcf93cd11a80268a56a828a179afe	c28fd7d10f12a9257a155063c9b300ee6ccf00283f3936561202846587357670	source_specimens_1600.jsonl#RAG-nq-test1167:A	45bbb14295bf6d22ede2d5c797a595a09ffedd01c61faa82098c41c78902a69e	ac7fdb935e88868f298f17282f6675713b563cf897ce9738a58902dadb926bb2	source_specimens_1600.jsonl#RAG-nq-test1167:B	RIDI-RAG-NATURE-v2-PROSPECTIVE/C2/QWEN3-BM25-K10-RANDOM	0f7babda273f68e2095343f2fb33f2dca3c8720f95ed87ca3a0f47d1b337b063	NO_AUTHORITATIVE_REQUIREMENT_SPECIFIED	TRUE	Primary registered RAG reference/random pair; exact grade-vector equality verified structurally; endpoints hash-bound without comparing outputs; no authoritative source support-count rule specified.
RAG-nq-test1168	5d1231f1b15c81b76fe18cc8d6f1bd73f3c08b6be5d7d4c3a50447b0c9d4083a	4396cbbb374f372be732938dc3699c6d12b34747e71510d0d48f74cf77af4213	dd8e646281521c32c144722e1dc550e49129dc78eb58e20d1c540b6390935fae	source_specimens_1600.jsonl#RAG-nq-test1168:A	6c604b27747963dcb17b4933ef87f6d90099969d993573bb362ea2dea09864e3	e57959401cdfa9aad298187c9b02a0abc56b00eb4a2e22329e89171638589dd9	source_specimens_1600.jsonl#RAG-nq-test1168:B	RIDI-RAG-NATURE-v2-PROSPECTIVE/C2/QWEN3-BM25-K10-RANDOM	0f7babda273f68e2095343f2fb33f2dca3c8720f95ed87ca3a0f47d1b337b063	NO_AUTHORITATIVE_REQUIREMENT_SPECIFIED	TRUE	Primary registered RAG reference/random pair; exact grade-vector equality verified structurally; endpoints hash-bound without comparing outputs; no authoritative source support-count rule specified.
RAG-nq-test1169	ff6c3d9fe04548f07b446d6894aabf63eb9cb5200aa6619ff9e1b08aef1447ce	72929a90b56dc794b41892d60e617129da4b389f09c5aa8c71c897d60b157951	5f32cca40167ef03246ebf15936c81e036c1de1056970daa2ab23a802b1f84c3	source_specimens_1600.jsonl#RAG-nq-test1169:A	46befa742997f899a21d390711c65ceb82121b6d5ffbfdf8a72dd6678158f047	edd16a299059a54117c43fa9021d9c2db782bf6ab703265ccec3ac72d3cd4794	source_specimens_1600.jsonl#RAG-nq-test1169:B	RIDI-RAG-NATURE-v2-PROSPECTIVE/C2/QWEN3-BM25-K10-RANDOM	0f7babda273f68e2095343f2fb33f2dca3c8720f95ed87ca3a0f47d1b337b063	NO_AUTHORITATIVE_REQUIREMENT_SPECIFIED	TRUE	Primary registered RAG reference/random pair; exact grade-vector equality verified structurally; endpoints hash-bound without comparing outputs; no authoritative source support-count rule specified.
RAG-nq-test1170	8c385a85daf089569152114127f2c5760bc10055b2481e1a311810369524652a	3a422d8b2cbe18b93213ac3238df778ec428dd975ff6e409d5d8f8a4d5d0c5ad	3cfdf26b2365ffcd45280e48e85e774cc91492c8bcffc9df52f643d829cfba08	source_specimens_1600.jsonl#RAG-nq-test1170:A	729464d7f9eaf6681eb5063c87701e32169c000c612494f9bb17f8cf7fab7598	051fc261766edfd82c67301c8e884abc19fedb9aac9952486743c9495dc23f18	source_specimens_1600.jsonl#RAG-nq-test1170:B	RIDI-RAG-NATURE-v2-PROSPECTIVE/C2/QWEN3-BM25-K10-RANDOM	0f7babda273f68e2095343f2fb33f2dca3c8720f95ed87ca3a0f47d1b337b063	NO_AUTHORITATIVE_REQUIREMENT_SPECIFIED	TRUE	Primary registered RAG reference/random pair; exact grade-vector equality verified structurally; endpoints hash-bound without comparing outputs; no authoritative source support-count rule specified.
RAG-nq-test1171	1cc214300f99a49b3e28a3f5a38932c5cc40fdfcbf7a7d9c421e7f1e5e09c2ce	4c416aa9f4f62e353d36623cd56e79c18b1cfa4c7ed730bcce37f68ff8edf9c9	c622ef023344de537b9b1ce68124e3269300f803e2bb79f87bb05e89a35b4059	source_specimens_1600.jsonl#RAG-nq-test1171:A	ec8ef1612f5dbe2aee45a73bf00ca498978638a0108bc89845cdcae237ad8538	e9ba59cc0e6c012d5206466c57c514c621fba5ba93d261948d68679d6d7798f8	source_specimens_1600.jsonl#RAG-nq-test1171:B	RIDI-RAG-NATURE-v2-PROSPECTIVE/C2/QWEN3-BM25-K10-RANDOM	0f7babda273f68e2095343f2fb33f2dca3c8720f95ed87ca3a0f47d1b337b063	NO_AUTHORITATIVE_REQUIREMENT_SPECIFIED	TRUE	Primary registered RAG reference/random pair; exact grade-vector equality verified structurally; endpoints hash-bound without comparing outputs; no authoritative source support-count rule specified.
RAG-nq-test1172	4ee401833b820e486cb8f513cc5da50bf19ce032c827c1d9f207b91ca54ae0a8	020d8b0c1ccc08a752b2616644d6af0c2af9a9f2a0e120bf8c8a9314c1b64782	99e7f2252f4c0faa77b5569cd784c0cf93ca39cb07169430fb43759b370e11cd	source_specimens_1600.jsonl#RAG-nq-test1172:A	cb9679a484f07aa147eb3fdeb3428a0efe679c6b3836f3882d5693365f5ffb95	b47b84ca38220e1a5f2faacbd5ce7170e463a655d28daf391fb0d009f2a9b53a	source_specimens_1600.jsonl#RAG-nq-test1172:B	RIDI-RAG-NATURE-v2-PROSPECTIVE/C2/QWEN3-BM25-K10-RANDOM	0f7babda273f68e2095343f2fb33f2dca3c8720f95ed87ca3a0f47d1b337b063	NO_AUTHORITATIVE_REQUIREMENT_SPECIFIED	TRUE	Primary registered RAG reference/random pair; exact grade-vector equality verified structurally; endpoints hash-bound without comparing outputs; no authoritative source support-count rule specified.
RAG-nq-test1173	4214d1ab727782ac4f6831ef18dd3e9c4734dc8675edad26efa24c001eb3f5d5	d16acd9508eb9afe524e8a981dcc3e2e0c7f16ba465f9100c9957615a777c7a7	f7691ef03877f95c8d28f90ed655a52ed86ed65e55542050478a88eca8d155ee	source_specimens_1600.jsonl#RAG-nq-test1173:A	7ece4b79542ccaade3990d8e3b2edf28f95009be8f9bd22b27bbee594ffe021d	3ddd38476c5737d1b8267f2ca3f653f842481aabd7f1a13f615e407d0f55b59c	source_specimens_1600.jsonl#RAG-nq-test1173:B	RIDI-RAG-NATURE-v2-PROSPECTIVE/C2/QWEN3-BM25-K10-RANDOM	0f7babda273f68e2095343f2fb33f2dca3c8720f95ed87ca3a0f47d1b337b063	NO_AUTHORITATIVE_REQUIREMENT_SPECIFIED	TRUE	Primary registered RAG reference/random pair; exact grade-vector equality verified structurally; endpoints hash-bound without comparing outputs; no authoritative source support-count rule specified.
RAG-nq-test1174	d0673283692a6a92acd319ace6173c37e4912483cceeccd950813b6f449813ac	a97646a8dd07d23aaaf8ed0dea51ca5759e7bde5ec1619b4ed54d31922caefce	77edc01ddb65ebd38c16dc4b6c24aebbfdf96486852981b74347a1abf57bf6e1	source_specimens_1600.jsonl#RAG-nq-test1174:A	ca1f11c3726f2568b18e9cbb3f1cf85f3401ee9c0767931424f61f63631f4162	dab45eeb974edd82f1d946edbe93387d9c103419a54b76b8a3f725a09275aeb0	source_specimens_1600.jsonl#RAG-nq-test1174:B	RIDI-RAG-NATURE-v2-PROSPECTIVE/C2/QWEN3-BM25-K10-RANDOM	0f7babda273f68e2095343f2fb33f2dca3c8720f95ed87ca3a0f47d1b337b063	NO_AUTHORITATIVE_REQUIREMENT_SPECIFIED	TRUE	Primary registered RAG reference/random pair; exact grade-vector equality verified structurally; endpoints hash-bound without comparing outputs; no authoritative source support-count rule specified.
RAG-nq-test1175	20ccbc505b68bfa2ead4e83aa51f3f3504ef17c0c1ad8de57e06e99c8452e0d7	93f7bc3fa33aa20c687ab8743ad22abcf7ab0a083e5b15c58a45f7fc18200f4b	a37e879618a68e786dea3ed7c93d1d43d346afdd57c00afb3f08b8e564272270	source_specimens_1600.jsonl#RAG-nq-test1175:A	558dbcb21068c1cbd67639d1a2625aa43703e84d137345cb00b1bc3b1f87ca8f	f2cab4a860d2f6db089cb967d8c4026cd07af8c1ef0e818450ec1730b9d87f34	source_specimens_1600.jsonl#RAG-nq-test1175:B	RIDI-RAG-NATURE-v2-PROSPECTIVE/C2/QWEN3-BM25-K10-RANDOM	0f7babda273f68e2095343f2fb33f2dca3c8720f95ed87ca3a0f47d1b337b063	NO_AUTHORITATIVE_REQUIREMENT_SPECIFIED	TRUE	Primary registered RAG reference/random pair; exact grade-vector equality verified structurally; endpoints hash-bound without comparing outputs; no authoritative source support-count rule specified.
RAG-nq-test1178	7c9536d301866ad306d739d87e7e3a458aa0ab900f120c2dae515756b6b641b5	d677f11b0b26ddf209edc13161efa7257d42af1036923071460936c25b4af0cc	8f0cbedea0ed254881c0154af29c611a936421e71961a3bfed27592662d584a3	source_specimens_1600.jsonl#RAG-nq-test1178:A	8a0a69a93a31a16b10daca22339180b789629d27a02126638616fc74b5c0a3f3	2cd7c7fce2049764cc47658d21f0aba98c7b51f1e1a24f0392758c8904a31458	source_specimens_1600.jsonl#RAG-nq-test1178:B	RIDI-RAG-NATURE-v2-PROSPECTIVE/C2/QWEN3-BM25-K10-RANDOM	0f7babda273f68e2095343f2fb33f2dca3c8720f95ed87ca3a0f47d1b337b063	NO_AUTHORITATIVE_REQUIREMENT_SPECIFIED	TRUE	Primary registered RAG reference/random pair; exact grade-vector equality verified structurally; endpoints hash-bound without comparing outputs; no authoritative source support-count rule specified.
RAG-nq-test1180	1cd0cf9b106514c33c7d0dbca5125a29503408e26a36239af2314e2d1a509041	905d020e1acc2e363ef74a85a74dd719a5c8632f95a74c549154b34ab1f84440	3420cf6adc75040b5e71a0ed750bfe859b8b6f8cf13c180bd763da5f64ba80d6	source_specimens_1600.jsonl#RAG-nq-test1180:A	8ac6c5a59c083ee882011723ee5558c66e7184d55f8262ced9ef41521d403c06	6d70a75fdebdd3571302a3a4db7620e82579bf8f79da7f2d9e1b1c937a6fe91a	source_specimens_1600.jsonl#RAG-nq-test1180:B	RIDI-RAG-NATURE-v2-PROSPECTIVE/C2/QWEN3-BM25-K10-RANDOM	0f7babda273f68e2095343f2fb33f2dca3c8720f95ed87ca3a0f47d1b337b063	NO_AUTHORITATIVE_REQUIREMENT_SPECIFIED	TRUE	Primary registered RAG reference/random pair; exact grade-vector equality verified structurally; endpoints hash-bound without comparing outputs; no authoritative source support-count rule specified.
RAG-nq-test1181	6007a87ae1e2b7fd1693265edd233f6be30a7d4c32b08d54d38ec995377afcf6	504f44009f1dbbb410d85d49f60cf56c23d9c98209be5b7b24353e4fec182f2e	b468629e6613f82544495166c3b66918fb254786acc2ab68193a8bbe62efe6f6	source_specimens_1600.jsonl#RAG-nq-test1181:A	d0e0d0948c0d20ad36ab0bae2d9d56ef701afb8d966a21a3cb257e0b798fb27a	1cdc2985881284c3225663fb5fdebdbeebd783ce96e84f3403c04f2100be6d78	source_specimens_1600.jsonl#RAG-nq-test1181:B	RIDI-RAG-NATURE-v2-PROSPECTIVE/C2/QWEN3-BM25-K10-RANDOM	0f7babda273f68e2095343f2fb33f2dca3c8720f95ed87ca3a0f47d1b337b063	NO_AUTHORITATIVE_REQUIREMENT_SPECIFIED	TRUE	Primary registered RAG reference/random pair; exact grade-vector equality verified structurally; endpoints hash-bound without comparing outputs; no authoritative source support-count rule specified.
RAG-nq-test1182	605011ad14f422f649e486b9708472ada758e364cfa2eb7a9c041a48920eee88	e37c361b43eae77095bad6ff12a4cee5e710fb67d8c56f36ee19d5414f27b812	cc1b377df14ce26c28fce94c14eca9c58ca501f829b19082fb5b03f2ab2eb4de	source_specimens_1600.jsonl#RAG-nq-test1182:A	b2a8c73b860e0d9411b4c87c2472537d85a24134833debd8571abcdb50e3783d	a824d10516fe33a33b7b829140eb8d7d05963cbbb4f896725aa3846a6d1d79f4	source_specimens_1600.jsonl#RAG-nq-test1182:B	RIDI-RAG-NATURE-v2-PROSPECTIVE/C2/QWEN3-BM25-K10-RANDOM	0f7babda273f68e2095343f2fb33f2dca3c8720f95ed87ca3a0f47d1b337b063	NO_AUTHORITATIVE_REQUIREMENT_SPECIFIED	TRUE	Primary registered RAG reference/random pair; exact grade-vector equality verified structurally; endpoints hash-bound without comparing outputs; no authoritative source support-count rule specified.
RAG-nq-test1183	9be28bb3a785dd711e3749b38b7ae46d2093b8aa8870490dc47c4b6bde97ce2a	1349974d66181ffd0fcc4bf7789a8c27c6a8d6082738c468e97a622745644713	7477e1c1a367ceb148df7c8240bc1699fec885ae7e3e480d7cc9c0fb539b6b3b	source_specimens_1600.jsonl#RAG-nq-test1183:A	ee0d22550d9e1be60285b738309f76c565dabe5dccec7599e79209817501faf1	ec0d55db29c52206b90a3331c9a0c36d5ca12453a84751df299370cb75bcd64c	source_specimens_1600.jsonl#RAG-nq-test1183:B	RIDI-RAG-NATURE-v2-PROSPECTIVE/C2/QWEN3-BM25-K10-RANDOM	0f7babda273f68e2095343f2fb33f2dca3c8720f95ed87ca3a0f47d1b337b063	NO_AUTHORITATIVE_REQUIREMENT_SPECIFIED	TRUE	Primary registered RAG reference/random pair; exact grade-vector equality verified structurally; endpoints hash-bound without comparing outputs; no authoritative source support-count rule specified.
RAG-nq-test1185	52f69bc25c34af3a612013726b3ae9d172fafe178ccfb210299484e14c2ac167	1b9801fe22eb06046842cc0d75a90d28c7ced5e9f523f464bc85dd8888951cad	892ecebe94b96f42abc181e9cb5f67bce9a8e6c494155422ab72539243e23b66	source_specimens_1600.jsonl#RAG-nq-test1185:A	835450b4c7c73eb88015612a6baeb85326fd96b6963dde47889a501acd84b6db	eb65300944b9933ee267f0c47be851d78fe2d740958de9100a0d885cadf9796a	source_specimens_1600.jsonl#RAG-nq-test1185:B	RIDI-RAG-NATURE-v2-PROSPECTIVE/C2/QWEN3-BM25-K10-RANDOM	0f7babda273f68e2095343f2fb33f2dca3c8720f95ed87ca3a0f47d1b337b063	NO_AUTHORITATIVE_REQUIREMENT_SPECIFIED	TRUE	Primary registered RAG reference/random pair; exact grade-vector equality verified structurally; endpoints hash-bound without comparing outputs; no authoritative source support-count rule specified.
RAG-nq-test1187	30f1f93efeaff6cb6a9b0d7389de4f469c236731f0a51d7ea58b0af13b7faf53	0f615c128838225e018c21d5b3403128a299dac4e2bf17f9cd985828b04b302e	09a1b864742b61f65f02027f1dfbb276d19c5df62d8125113aadf5e189eaef36	source_specimens_1600.jsonl#RAG-nq-test1187:A	26c540ce217fd0f637d8798209d7a92cd0d7eb59315618b6cec239664d5509cc	1eb9fe1e12b3cda47b00d9dfc13f8e3a7ff6c0425efff3736f4bd5b9b425604f	source_specimens_1600.jsonl#RAG-nq-test1187:B	RIDI-RAG-NATURE-v2-PROSPECTIVE/C2/QWEN3-BM25-K10-RANDOM	0f7babda273f68e2095343f2fb33f2dca3c8720f95ed87ca3a0f47d1b337b063	NO_AUTHORITATIVE_REQUIREMENT_SPECIFIED	TRUE	Primary registered RAG reference/random pair; exact grade-vector equality verified structurally; endpoints hash-bound without comparing outputs; no authoritative source support-count rule specified.
RAG-nq-test1189	5c8c825c83cec974caf90e8bad1d9586c28fdfd84edd21c2bc20b2a192ef63b0	acdc6ececcd5cd2f6a728cafdbb26b7ac63eaa84b3c6965cc22c0eb08534a7f5	f1f76eabcba2f591da3ce51fc09afa08d2095220a1d4279adb1203815b564075	source_specimens_1600.jsonl#RAG-nq-test1189:A	f0e19664817fbece9f720305130ce1fc9bd67259e736cfb5023dd33d4658435d	09a280f59f6afbfc3ec87cbf2c3bc671c34049b092e9c667f15b513fe2d9b24c	source_specimens_1600.jsonl#RAG-nq-test1189:B	RIDI-RAG-NATURE-v2-PROSPECTIVE/C2/QWEN3-BM25-K10-RANDOM	0f7babda273f68e2095343f2fb33f2dca3c8720f95ed87ca3a0f47d1b337b063	NO_AUTHORITATIVE_REQUIREMENT_SPECIFIED	TRUE	Primary registered RAG reference/random pair; exact grade-vector equality verified structurally; endpoints hash-bound without comparing outputs; no authoritative source support-count rule specified.
RAG-nq-test1191	a062ac22816210474dc0d3ba719181a601fcfc8978699e0116dee8854a876be6	ea56fe8802b36b05c62eeb1c89ade1f5c4fda22a81984c5fb343001ad922fd8a	ef85d00adf6c7b1ae2644fbdf1a451f05736e6b72e55089f9742a0b86996704d	source_specimens_1600.jsonl#RAG-nq-test1191:A	fcbfbbfd602e232e6958fa71b3dd8ab04b730d871b05abd93e2433131e886bd1	d27eb320dac32ad1dcd9efbfea11643136f02f29dc9c7e1c241b30e5b624f973	source_specimens_1600.jsonl#RAG-nq-test1191:B	RIDI-RAG-NATURE-v2-PROSPECTIVE/C2/QWEN3-BM25-K10-RANDOM	0f7babda273f68e2095343f2fb33f2dca3c8720f95ed87ca3a0f47d1b337b063	NO_AUTHORITATIVE_REQUIREMENT_SPECIFIED	TRUE	Primary registered RAG reference/random pair; exact grade-vector equality verified structurally; endpoints hash-bound without comparing outputs; no authoritative source support-count rule specified.
RAG-nq-test1192	14bc9674a3f72262ffa2743ba2d94e501745f7fffb9d9684b76a35c082308025	e9358495ef2b59862a098a4b7f76e5f12c0cf1171914f192236b5c0a72dd264e	27e5b4be18dfc6c317a59ada155ecf2cadc84d233b9d47068fbb47cf88f091db	source_specimens_1600.jsonl#RAG-nq-test1192:A	fd66669af7f7cffd37a248842c558711049ab85510c7a46c98e49a7fca5a3ff9	c112e814731590e35167f8124f7c669d6446d80657e81f6a7f79cffec22c7024	source_specimens_1600.jsonl#RAG-nq-test1192:B	RIDI-RAG-NATURE-v2-PROSPECTIVE/C2/QWEN3-BM25-K10-RANDOM	0f7babda273f68e2095343f2fb33f2dca3c8720f95ed87ca3a0f47d1b337b063	NO_AUTHORITATIVE_REQUIREMENT_SPECIFIED	TRUE	Primary registered RAG reference/random pair; exact grade-vector equality verified structurally; endpoints hash-bound without comparing outputs; no authoritative source support-count rule specified.
RAG-nq-test1195	738022f38fc0ca81c96d646451e189d79e263851e761f36b80067c6b7dd6ec0e	71567e88c4f809991c52784ba5a32f7cd21f94b6dc30f198d00ce0cc1cbd2d29	6e1dced202d314e0b68c85379929c3b6a8bdb8f242dfc3a5df706535247da196	source_specimens_1600.jsonl#RAG-nq-test1195:A	a4ecc801ec1839d2394edb40cba92e465aa9bd2205eb8d62d4d34acbd473c679	3506a6d4c7ebb3901b5fec44d760099cdeb277eaa1bff7b8e61d69773421a5b1	source_specimens_1600.jsonl#RAG-nq-test1195:B	RIDI-RAG-NATURE-v2-PROSPECTIVE/C2/QWEN3-BM25-K10-RANDOM	0f7babda273f68e2095343f2fb33f2dca3c8720f95ed87ca3a0f47d1b337b063	NO_AUTHORITATIVE_REQUIREMENT_SPECIFIED	TRUE	Primary registered RAG reference/random pair; exact grade-vector equality verified structurally; endpoints hash-bound without comparing outputs; no authoritative source support-count rule specified.
RAG-nq-test1196	55496d5e7393179fc1c567ecb6e2d7115950976ee4f57911bda6c94d5a7187d4	0e209b993a1b1e21d7a5417b9fc9210742d267f20ea0799e36c406f58d461481	c450fecc5e7df363de5c5087d9fc0a50718c721580711514fab1c47ae05faf21	source_specimens_1600.jsonl#RAG-nq-test1196:A	6f87f04566905acf3ac601caf9f7f5e5631870946c8ea5f45f7f2b4542148df0	dc5fcba5e5aabd6db6d2728c6f004fdd4899bbad500cb3dac1380c047978c818	source_specimens_1600.jsonl#RAG-nq-test1196:B	RIDI-RAG-NATURE-v2-PROSPECTIVE/C2/QWEN3-BM25-K10-RANDOM	0f7babda273f68e2095343f2fb33f2dca3c8720f95ed87ca3a0f47d1b337b063	NO_AUTHORITATIVE_REQUIREMENT_SPECIFIED	TRUE	Primary registered RAG reference/random pair; exact grade-vector equality verified structurally; endpoints hash-bound without comparing outputs; no authoritative source support-count rule specified.
RAG-nq-test1197	7b66323be8d42cf7c61fa2f256c2ea975efa28ef31a009260f0065765312100e	88348f4fb93e3d79681998706d054f5ebe3098c8d664c4531cc6767120dfc639	31cee82b1e43ba2131b78433f5516da670a09a55bcf992410d40a0d77aafbf3f	source_specimens_1600.jsonl#RAG-nq-test1197:A	5a7064292ff51a5fcfb986360deb69c1b7e19006329609e92f4457507d321137	c1f95cf61d89c805915cba2d3e30e7fb2b2c91735982592aa2a10763628609b7	source_specimens_1600.jsonl#RAG-nq-test1197:B	RIDI-RAG-NATURE-v2-PROSPECTIVE/C2/QWEN3-BM25-K10-RANDOM	0f7babda273f68e2095343f2fb33f2dca3c8720f95ed87ca3a0f47d1b337b063	NO_AUTHORITATIVE_REQUIREMENT_SPECIFIED	TRUE	Primary registered RAG reference/random pair; exact grade-vector equality verified structurally; endpoints hash-bound without comparing outputs; no authoritative source support-count rule specified.
RAG-nq-test1198	f8f520e9a56f45c45e2bb0deea8d20d2509357ecd20dbf63f309cf4ee3b9b4fd	f3fdc24fa93ae0802407a05e6a09f5b6f5ab7b6c23fe492f366481e441ea4977	bcfcb9959ef220925bdfc758db1dc62481add1d831ef26218fb0d748d526bbc6	source_specimens_1600.jsonl#RAG-nq-test1198:A	1ff6bcc6dbf0b65638cb4c5e0ebb4c39c028571a9203094d5b7229ef5fc0a3d7	1575160c59690e089a0d4c94b21f4ad792ecc9095ab7a1913c639cfce4421efa	source_specimens_1600.jsonl#RAG-nq-test1198:B	RIDI-RAG-NATURE-v2-PROSPECTIVE/C2/QWEN3-BM25-K10-RANDOM	0f7babda273f68e2095343f2fb33f2dca3c8720f95ed87ca3a0f47d1b337b063	NO_AUTHORITATIVE_REQUIREMENT_SPECIFIED	TRUE	Primary registered RAG reference/random pair; exact grade-vector equality verified structurally; endpoints hash-bound without comparing outputs; no authoritative source support-count rule specified.
RAG-nq-test1199	2f9e6570b53631e63f354185909e3bfc7a7499453923287ececd2d4a6787c5ba	65300487eb3309950d59215dcff24d69aa9e84d20b38f41e315d165b02075971	6f9cfbef9874718ac38872d933cbdfce022220c5c106887cb52ce80c4c320ad7	source_specimens_1600.jsonl#RAG-nq-test1199:A	92bcdd7693b16c5d0d3854077ca1c91691f2f0e01e33a65634dd5fcbebc2162f	7bbf7f9a41571b8d58c44fb43425e619a8c4742c671d610ee7f561ac6f83cbe4	source_specimens_1600.jsonl#RAG-nq-test1199:B	RIDI-RAG-NATURE-v2-PROSPECTIVE/C2/QWEN3-BM25-K10-RANDOM	0f7babda273f68e2095343f2fb33f2dca3c8720f95ed87ca3a0f47d1b337b063	NO_AUTHORITATIVE_REQUIREMENT_SPECIFIED	TRUE	Primary registered RAG reference/random pair; exact grade-vector equality verified structurally; endpoints hash-bound without comparing outputs; no authoritative source support-count rule specified.
RAG-nq-test12	0c60fd9c64dbfd64ada568a471fc5cb4397daf56e881e4df5116cbd504163a22	9ad5187048f100ff2a57e240b497ef52ad10d56cacbf5f989f63cdc27b9d459a	632e08b69376c4a69f6cacbaad266d84fdb5d91440684d14264722b7b7660b58	source_specimens_1600.jsonl#RAG-nq-test12:A	2d3e72724cb03f0cd5348f8a3a390376a7d8247c1c7ea30bf2753030addd3f0d	82ddcc56f5e29c42ebb20a6dd4de85f93c04a660cb0204e720ce42ac102059c1	source_specimens_1600.jsonl#RAG-nq-test12:B	RIDI-RAG-NATURE-v2-PROSPECTIVE/C2/QWEN3-BM25-K10-RANDOM	0f7babda273f68e2095343f2fb33f2dca3c8720f95ed87ca3a0f47d1b337b063	NO_AUTHORITATIVE_REQUIREMENT_SPECIFIED	TRUE	Primary registered RAG reference/random pair; exact grade-vector equality verified structurally; endpoints hash-bound without comparing outputs; no authoritative source support-count rule specified.
RAG-nq-test120	f3f84c2af571b085bb53de86e6ba50496521ee35eff657a3487be821a465ec11	7d0e9416c83a4642c8e63ef6063dae83e805e344940fd095019940c77bc95f16	8433be4cb24ee6d7ad6c2d1a6b83876fa3ad30b44e9cdbdb3f99791e9bf5cada	source_specimens_1600.jsonl#RAG-nq-test120:A	3f62dbea99354b78ceacc08176e389edb484b8f1be252b03eb1df1c5ec0c6ff0	041d782a920e26e3da80d8fdf6c41d52a517971858e3f31df0610e776d708f33	source_specimens_1600.jsonl#RAG-nq-test120:B	RIDI-RAG-NATURE-v2-PROSPECTIVE/C2/QWEN3-BM25-K10-RANDOM	0f7babda273f68e2095343f2fb33f2dca3c8720f95ed87ca3a0f47d1b337b063	NO_AUTHORITATIVE_REQUIREMENT_SPECIFIED	TRUE	Primary registered RAG reference/random pair; exact grade-vector equality verified structurally; endpoints hash-bound without comparing outputs; no authoritative source support-count rule specified.
RAG-nq-test1200	c75ec1939e39fb032e9ed4c94d205ac52c768c768af73beaa2848f83d6529474	f78edc22d5e63a0da83944e4060954dc25f2ae430819871a785657a13f33dd6a	c61fcb4f4129d9d475d4abe85083b256edbe9245edf26662a5412c41814113ed	source_specimens_1600.jsonl#RAG-nq-test1200:A	89c709363d042fd9db998d221705470ca1b6a015f081e38b9c619ead4f0ec863	ce784c0fa690c51ef7dece0364c6f8d51efc56b0987f20dadfdc1f9a633ddf9b	source_specimens_1600.jsonl#RAG-nq-test1200:B	RIDI-RAG-NATURE-v2-PROSPECTIVE/C2/QWEN3-BM25-K10-RANDOM	0f7babda273f68e2095343f2fb33f2dca3c8720f95ed87ca3a0f47d1b337b063	NO_AUTHORITATIVE_REQUIREMENT_SPECIFIED	TRUE	Primary registered RAG reference/random pair; exact grade-vector equality verified structurally; endpoints hash-bound without comparing outputs; no authoritative source support-count rule specified.
RAG-nq-test1203	6081fd85a8cf42acdead5fdfaead069af1c095a82c811454ceda5ee1524f5119	29a546d57c95b5e904333ac2afcb128b495bc384f7229b37834f88af0bb34924	a346e6f21f72eb968fd8de76056e6fc63d4b5596597fe50445a56c4ebc25fc75	source_specimens_1600.jsonl#RAG-nq-test1203:A	0eb953b48643604228e1380fb05ba6c992f161e9f254bd383b369224e82509e7	eaca80cbfbfa8e254e954d6cc395cfa11f7950b188dd20a651fc68dc34fa8fab	source_specimens_1600.jsonl#RAG-nq-test1203:B	RIDI-RAG-NATURE-v2-PROSPECTIVE/C2/QWEN3-BM25-K10-RANDOM	0f7babda273f68e2095343f2fb33f2dca3c8720f95ed87ca3a0f47d1b337b063	NO_AUTHORITATIVE_REQUIREMENT_SPECIFIED	TRUE	Primary registered RAG reference/random pair; exact grade-vector equality verified structurally; endpoints hash-bound without comparing outputs; no authoritative source support-count rule specified.
RAG-nq-test1204	0f5da88d0f40635dbe4e2797f81a0410e97c3d71787dcf103e586c4c50283c59	c95571aeb6d88ffe82e043344062c06b00a5b54d025bfa5b0ee2dd94e9522981	8c2b637208ab44cd9844daba3b16ad9315981cbb0231597704d214898ab608fc	source_specimens_1600.jsonl#RAG-nq-test1204:A	b84c824c569ce25d7452eef0af6830dad7f4a0b0d1fb09b028f4b2817d354788	26825c058adea44b1c9ac8596f34814d0af931ba3a684e7cf3e5deaf7f31fd3d	source_specimens_1600.jsonl#RAG-nq-test1204:B	RIDI-RAG-NATURE-v2-PROSPECTIVE/C2/QWEN3-BM25-K10-RANDOM	0f7babda273f68e2095343f2fb33f2dca3c8720f95ed87ca3a0f47d1b337b063	NO_AUTHORITATIVE_REQUIREMENT_SPECIFIED	TRUE	Primary registered RAG reference/random pair; exact grade-vector equality verified structurally; endpoints hash-bound without comparing outputs; no authoritative source support-count rule specified.
RAG-nq-test1205	8fca7b726bfaeca8564f10da934477e501d41a2dd7e0b5e7b28979d13193b13a	9d556c591317ad748ee5041bea609e81880c617227fc000a79e26f91b8cd1504	11c732cb6cc0dc78af787f5ecbc1bb82d2ce4287b71b1b030a66d93298335b7a	source_specimens_1600.jsonl#RAG-nq-test1205:A	0d62515da1a31eeacae7f9e4208b9feac677ab69d453b04115ff59e8359a2524	c037fa42161f8c4fcfcfe9f838dc79e2328837897f87725fa8c0c766b6bc566c	source_specimens_1600.jsonl#RAG-nq-test1205:B	RIDI-RAG-NATURE-v2-PROSPECTIVE/C2/QWEN3-BM25-K10-RANDOM	0f7babda273f68e2095343f2fb33f2dca3c8720f95ed87ca3a0f47d1b337b063	NO_AUTHORITATIVE_REQUIREMENT_SPECIFIED	TRUE	Primary registered RAG reference/random pair; exact grade-vector equality verified structurally; endpoints hash-bound without comparing outputs; no authoritative source support-count rule specified.
RAG-nq-test1206	58cbd52609cf78fc828e3f37460722e1252ab2c21c80fba4ba24d2afa303db2c	db2b95b03a41fc71635f94beb4bc2ae98c26c4a7b4da078f5ac0129ccc3805e0	7573667f0ccb2b5e3471ee5752ec1984c72650e66b16853348a73e9ee6b174aa	source_specimens_1600.jsonl#RAG-nq-test1206:A	96b2ea6cc4dd0c9fe3298252d621915d78168a1cef1544209b6ed759a106efcf	e991047df2eee5519fef10d3818e0e94b903656ba8db7523d9bdc8583bd917b4	source_specimens_1600.jsonl#RAG-nq-test1206:B	RIDI-RAG-NATURE-v2-PROSPECTIVE/C2/QWEN3-BM25-K10-RANDOM	0f7babda273f68e2095343f2fb33f2dca3c8720f95ed87ca3a0f47d1b337b063	NO_AUTHORITATIVE_REQUIREMENT_SPECIFIED	TRUE	Primary registered RAG reference/random pair; exact grade-vector equality verified structurally; endpoints hash-bound without comparing outputs; no authoritative source support-count rule specified.
RAG-nq-test1207	9d8c92fd17f1ecb86515765de4e92bde3fc1514ea2ce175a8a9384f64d846114	49fc6d235e60e1a1e3d329136bccd31772b70bb1616b36ce79032d1fbe761d15	b52d89c7dc29a64ee2e64e2e3010a54015f3605bc69861c558f7264c59f9db5a	source_specimens_1600.jsonl#RAG-nq-test1207:A	ce44febcb31df70271d6c9874976c91554d3c52b3f5a07744d5219aafab8ae3c	afd844212d61f468b657557c97cb69953a6ca7645087b54d473547720c619aa7	source_specimens_1600.jsonl#RAG-nq-test1207:B	RIDI-RAG-NATURE-v2-PROSPECTIVE/C2/QWEN3-BM25-K10-RANDOM	0f7babda273f68e2095343f2fb33f2dca3c8720f95ed87ca3a0f47d1b337b063	NO_AUTHORITATIVE_REQUIREMENT_SPECIFIED	TRUE	Primary registered RAG reference/random pair; exact grade-vector equality verified structurally; endpoints hash-bound without comparing outputs; no authoritative source support-count rule specified.
RAG-nq-test1208	9e48abe0b6707c32ef584d44600ea756d543d45452b55b84cfed4afde07ec34b	1eacc34e6d33f80d6c47fb12fa5fafba284f21c6b6baccc4db0b695d5723dedb	2da6a2ffe8995e67365c1dcae26b29ce63af8a432d2492657fd54f7ff1357c9f	source_specimens_1600.jsonl#RAG-nq-test1208:A	713ff74e8e7562460a2dce68c782920568c52916b207a6cbe947fc4dd7069b86	d7bd3b548f146bfb9ad9e39efe3fa2a20a4b1032601fcbb8d0fe680b0f6a7454	source_specimens_1600.jsonl#RAG-nq-test1208:B	RIDI-RAG-NATURE-v2-PROSPECTIVE/C2/QWEN3-BM25-K10-RANDOM	0f7babda273f68e2095343f2fb33f2dca3c8720f95ed87ca3a0f47d1b337b063	NO_AUTHORITATIVE_REQUIREMENT_SPECIFIED	TRUE	Primary registered RAG reference/random pair; exact grade-vector equality verified structurally; endpoints hash-bound without comparing outputs; no authoritative source support-count rule specified.
RAG-nq-test1209	ffaca316bf8df43cf84dade5cb788f8437d0ecf898135e74b4b94e722821ecfc	b57b96a29e1d41896af33a1cb1a849db7e64f799984a86c6f03cc38dfbabb0fe	ef8940999511d2838993a2798b9a4ccb4ba31884c54c25d1ab879fd03b6c799d	source_specimens_1600.jsonl#RAG-nq-test1209:A	273635a1308cf9cdc37e34fd515d1981a5540a0e20ddfb56af0c60a76761f28f	cf6b5b28ab16f33c3d8507dc8706e8ea355531ef3ac7713995bbfd8ae449ba29	source_specimens_1600.jsonl#RAG-nq-test1209:B	RIDI-RAG-NATURE-v2-PROSPECTIVE/C2/QWEN3-BM25-K10-RANDOM	0f7babda273f68e2095343f2fb33f2dca3c8720f95ed87ca3a0f47d1b337b063	NO_AUTHORITATIVE_REQUIREMENT_SPECIFIED	TRUE	Primary registered RAG reference/random pair; exact grade-vector equality verified structurally; endpoints hash-bound without comparing outputs; no authoritative source support-count rule specified.
RAG-nq-test121	8987e06cf68d0c779bb8c58e08049e80aa4909c427ce40867e06131348e22b5a	2b3c99dd639c78b71d112037c21201dce0774545d09f4597ed0877da458a5547	7535446f5963cddd279055ae4b97c4aece9c68779ac52ee37913c8c3de3b0aa3	source_specimens_1600.jsonl#RAG-nq-test121:A	d5b8c4052406c28fe4f74d3d339fcc6ec6fe65689179c89e63e8785f590d4556	30e88bdaedc66d3658460c249319f6ad74afa2af3abe095983a31f5238c138f8	source_specimens_1600.jsonl#RAG-nq-test121:B	RIDI-RAG-NATURE-v2-PROSPECTIVE/C2/QWEN3-BM25-K10-RANDOM	0f7babda273f68e2095343f2fb33f2dca3c8720f95ed87ca3a0f47d1b337b063	NO_AUTHORITATIVE_REQUIREMENT_SPECIFIED	TRUE	Primary registered RAG reference/random pair; exact grade-vector equality verified structurally; endpoints hash-bound without comparing outputs; no authoritative source support-count rule specified.
RAG-nq-test1210	8f421d1e25d5f43f46b036b1b8553a9afd97a805f0ae0f597af9f7f960e10229	7490929a31fbd4e0490057258aac6556e5b4732e03e9ec999aa56bff9e9dd314	50f4ed6151a90439d108128c9588a6c0fbc2e7961150521fe66953ac9d989668	source_specimens_1600.jsonl#RAG-nq-test1210:A	94c57f02c2caa3559a4165e90fcd53ad9afe8903fe27ca9b614ab16d7baf96ec	e72f0422311588134d7928d6f1e2c1d590fc0f8a74b31424b6c381353f23671a	source_specimens_1600.jsonl#RAG-nq-test1210:B	RIDI-RAG-NATURE-v2-PROSPECTIVE/C2/QWEN3-BM25-K10-RANDOM	0f7babda273f68e2095343f2fb33f2dca3c8720f95ed87ca3a0f47d1b337b063	NO_AUTHORITATIVE_REQUIREMENT_SPECIFIED	TRUE	Primary registered RAG reference/random pair; exact grade-vector equality verified structurally; endpoints hash-bound without comparing outputs; no authoritative source support-count rule specified.
RAG-nq-test1211	5d4a8ffddf78c9e474cef5d9b1ac4af3f249b02dbe1aec0af2c55a83f9b64158	c078e2c7aa2ef09b99e04be1a62d157187ac42fea69ca01b403b2b31c1611bd3	10b2d7e90cd9050ab5d44360a83882aadec0e1dfd3cc293ce3eb270cb96e42b6	source_specimens_1600.jsonl#RAG-nq-test1211:A	8f0f799a384439ee25dcadad51f6fff42b9ee18521e9cfb5e38d5005651cfa65	8d633777082a66f27a17eb4466c683223a8a4a03269da8094d0723832e764986	source_specimens_1600.jsonl#RAG-nq-test1211:B	RIDI-RAG-NATURE-v2-PROSPECTIVE/C2/QWEN3-BM25-K10-RANDOM	0f7babda273f68e2095343f2fb33f2dca3c8720f95ed87ca3a0f47d1b337b063	NO_AUTHORITATIVE_REQUIREMENT_SPECIFIED	TRUE	Primary registered RAG reference/random pair; exact grade-vector equality verified structurally; endpoints hash-bound without comparing outputs; no authoritative source support-count rule specified.
RAG-nq-test1212	e5dc027dea9156f76a3c9ce3697b45b17e98e762eac3c0684d4b3575cf1b3d9c	17b856fa34b84589b84d7fb88084987b5241ea5eb326c4102b81cae81b3b1ccd	9d1bf84057f1a298e528bfca32e9a514fc435212623fc16533aef1b1e2d2ad1e	source_specimens_1600.jsonl#RAG-nq-test1212:A	4c13bad6cc76bb644195932292769fc778313775ccc3d8cc065a485c15517dc5	d9a18624f5245b57b688e357d92671f5806d500d49278b1f12db454789cac8cc	source_specimens_1600.jsonl#RAG-nq-test1212:B	RIDI-RAG-NATURE-v2-PROSPECTIVE/C2/QWEN3-BM25-K10-RANDOM	0f7babda273f68e2095343f2fb33f2dca3c8720f95ed87ca3a0f47d1b337b063	NO_AUTHORITATIVE_REQUIREMENT_SPECIFIED	TRUE	Primary registered RAG reference/random pair; exact grade-vector equality verified structurally; endpoints hash-bound without comparing outputs; no authoritative source support-count rule specified.
RAG-nq-test1213	4d85c95cbd1028fa4a9c4a3c07f35bd1a35327f1cd9c95b4bed1ccf4e1f26005	cf390cc97deff611281df1d60a9016bc5a597946a1e3919be242069d10a4eedc	4306a84d54cf25ba8db20a31816bef03df924d6bb6f4fc13ad6acf017d391251	source_specimens_1600.jsonl#RAG-nq-test1213:A	ee68d67f1f4b0dbbeadab904e5a719b3636a573d90a0274694633f0f26fa5f4a	a73c87dc6689646679e34578574ca5e32c46824a644c82042981cbbd4b6d2913	source_specimens_1600.jsonl#RAG-nq-test1213:B	RIDI-RAG-NATURE-v2-PROSPECTIVE/C2/QWEN3-BM25-K10-RANDOM	0f7babda273f68e2095343f2fb33f2dca3c8720f95ed87ca3a0f47d1b337b063	NO_AUTHORITATIVE_REQUIREMENT_SPECIFIED	TRUE	Primary registered RAG reference/random pair; exact grade-vector equality verified structurally; endpoints hash-bound without comparing outputs; no authoritative source support-count rule specified.
RAG-nq-test1214	bab2d2afe6a4f68de938c0f57c164a49ceed868e13005ea22a1fbd35f7eae3d7	8082059b3ef106f805dc2b12cb1a683d9e454ee50e895069337060f09498ffec	6044d210736bbb425cbfdba5032d6f538c5452c39ad559a0ed117ccc20baea02	source_specimens_1600.jsonl#RAG-nq-test1214:A	5b094375e53139b80bf213fb9344a29405f758fcf2a87f5818861ebbc783260c	0bd1d09faf44423265c59d64af713eacfca6876e43d18ec5bd691b20aa6719cd	source_specimens_1600.jsonl#RAG-nq-test1214:B	RIDI-RAG-NATURE-v2-PROSPECTIVE/C2/QWEN3-BM25-K10-RANDOM	0f7babda273f68e2095343f2fb33f2dca3c8720f95ed87ca3a0f47d1b337b063	NO_AUTHORITATIVE_REQUIREMENT_SPECIFIED	TRUE	Primary registered RAG reference/random pair; exact grade-vector equality verified structurally; endpoints hash-bound without comparing outputs; no authoritative source support-count rule specified.
RAG-nq-test1215	6d20def259efc0f72d2a631b4eb1cb6c65b39ef22651b38f2cdd42e53fc9cc54	6189e7d5465ff9c38787c1dccc84a4ae04cb35723702edca357a6bc58a1f0b85	73a258bff745d71773264bc6140510978acbbdbc29677c12b85dbec8693af43f	source_specimens_1600.jsonl#RAG-nq-test1215:A	51ceaf64c33ce015a946d64a7a4819f00a25656c43cd1c77e2466de821d8ac7f	9c0e781d89a9bef04f96fad31e589f5d3b7d504be296581f9eb7f8e5dac2d7d2	source_specimens_1600.jsonl#RAG-nq-test1215:B	RIDI-RAG-NATURE-v2-PROSPECTIVE/C2/QWEN3-BM25-K10-RANDOM	0f7babda273f68e2095343f2fb33f2dca3c8720f95ed87ca3a0f47d1b337b063	NO_AUTHORITATIVE_REQUIREMENT_SPECIFIED	TRUE	Primary registered RAG reference/random pair; exact grade-vector equality verified structurally; endpoints hash-bound without comparing outputs; no authoritative source support-count rule specified.
RAG-nq-test1216	1e816abd6cfa7fd05b2b5f5797b12260682c80e64e35b22fd17c419c1db33446	d1304a1ba0a50373abd972bd132cbc4c82eda222c44d450a987b08f2c1ab6111	1ed8fc5920e569cb7653e401de1acc8f4d82f1a9f6e96264f81c3da100258b9b	source_specimens_1600.jsonl#RAG-nq-test1216:A	ea7a460cfe28a0a3bceb011080c019c689d4ef8e74014cdfd5ecf7874c9bc553	c8c092a7479c1c867fd2aa03919466224637de7c527cde8167596ef9728d0c37	source_specimens_1600.jsonl#RAG-nq-test1216:B	RIDI-RAG-NATURE-v2-PROSPECTIVE/C2/QWEN3-BM25-K10-RANDOM	0f7babda273f68e2095343f2fb33f2dca3c8720f95ed87ca3a0f47d1b337b063	NO_AUTHORITATIVE_REQUIREMENT_SPECIFIED	TRUE	Primary registered RAG reference/random pair; exact grade-vector equality verified structurally; endpoints hash-bound without comparing outputs; no authoritative source support-count rule specified.
RAG-nq-test1218	28eda4cb7af43f21f563c4323483bbff81d941f9b0d675eab559aaf977a54516	c0ee58067c67b7a5e1abb5033395df535405f0c73c892bbd9c0ae97a25a9f930	022d6237415cf276506c68fba2d92dc65093215155eb3b78d99a071eb6b0e598	source_specimens_1600.jsonl#RAG-nq-test1218:A	5756ae77d10804f001ba83cf27123688f1ce2af20baba81ac93b967e5e1f8f06	5a6e2b0eb7eaf3e295a01471f038a4b193ee15768ec447630546e1133d4ff58a	source_specimens_1600.jsonl#RAG-nq-test1218:B	RIDI-RAG-NATURE-v2-PROSPECTIVE/C2/QWEN3-BM25-K10-RANDOM	0f7babda273f68e2095343f2fb33f2dca3c8720f95ed87ca3a0f47d1b337b063	NO_AUTHORITATIVE_REQUIREMENT_SPECIFIED	TRUE	Primary registered RAG reference/random pair; exact grade-vector equality verified structurally; endpoints hash-bound without comparing outputs; no authoritative source support-count rule specified.
RAG-nq-test122	348158746171c96083d4a3bc24f20e75c061ad8de34b7c1a7e5ba309e9d70a04	a9f6f6075c0fc17e6ec1ad0790ff1af063715ae69cd7312b43260ca64a9f96e1	0aeff740e0cbbc76e185ada0911261bf762b27b04af95cab5a17a9ce164425b1	source_specimens_1600.jsonl#RAG-nq-test122:A	00f96f0791b285a2b833e89fb7216cf39c449fe4f9def23b8520707bdb16cb85	21a11de402c5db6abfe3f43c89b1c6da9b3a2c5f1e7850b44fd217548f59e3aa	source_specimens_1600.jsonl#RAG-nq-test122:B	RIDI-RAG-NATURE-v2-PROSPECTIVE/C2/QWEN3-BM25-K10-RANDOM	0f7babda273f68e2095343f2fb33f2dca3c8720f95ed87ca3a0f47d1b337b063	NO_AUTHORITATIVE_REQUIREMENT_SPECIFIED	TRUE	Primary registered RAG reference/random pair; exact grade-vector equality verified structurally; endpoints hash-bound without comparing outputs; no authoritative source support-count rule specified.
RAG-nq-test1220	35547a56ce74fd9bd36fe45af1894d5079fd6100595475f7c012975c7dca899b	7aacb4492c0136589a9b93539e41011e682f46ed8f92d58f14cd180635886cd5	7e74fe781e7a19e3934b21e4d630bd187b0d7cb55f7d8dd43c57de65152bb4e3	source_specimens_1600.jsonl#RAG-nq-test1220:A	d10644d72f59fb9f8c69cf5526cba1ae8e94558b08d09e8c64e55952476dc93d	18360ef3cea80217d7f2e65559a0c394100afe844d1cec29ba5de876c2d5d865	source_specimens_1600.jsonl#RAG-nq-test1220:B	RIDI-RAG-NATURE-v2-PROSPECTIVE/C2/QWEN3-BM25-K10-RANDOM	0f7babda273f68e2095343f2fb33f2dca3c8720f95ed87ca3a0f47d1b337b063	NO_AUTHORITATIVE_REQUIREMENT_SPECIFIED	TRUE	Primary registered RAG reference/random pair; exact grade-vector equality verified structurally; endpoints hash-bound without comparing outputs; no authoritative source support-count rule specified.
RAG-nq-test1221	c6d1d9057e774405a3c5fce3005fcbbbf280fb4008dfb79830cd0ee155e7df96	ac2a078ff3aa2390e30ea2cc50a5d852574f2864f542f0e018e42193aeddded4	13197d61de589dd742a2769235dff0d35e980264ec7358b533db9e54bfbf78b2	source_specimens_1600.jsonl#RAG-nq-test1221:A	adac6b568964e0e09219d03d0ad2677abcf161a3441d5e5742141121f8c4ee50	26e05d17b1588d8ff731468f5475d8a78ce99ee0a141158a853a26587469cc48	source_specimens_1600.jsonl#RAG-nq-test1221:B	RIDI-RAG-NATURE-v2-PROSPECTIVE/C2/QWEN3-BM25-K10-RANDOM	0f7babda273f68e2095343f2fb33f2dca3c8720f95ed87ca3a0f47d1b337b063	NO_AUTHORITATIVE_REQUIREMENT_SPECIFIED	TRUE	Primary registered RAG reference/random pair; exact grade-vector equality verified structurally; endpoints hash-bound without comparing outputs; no authoritative source support-count rule specified.
RAG-nq-test1222	42d74f2929b929920af9ec4a6387077ae7fd9fe14c633bb700f299f3a50ee127	b7bbba3cd52473745afd8a4a43c4aa56076cb5a319bd4ed6c30e5bfcdb677ade	8c178c38464b54965109518f7735aba41ea1c27e7bfc54e40ab48d609c452171	source_specimens_1600.jsonl#RAG-nq-test1222:A	24001666675a27f3a336df2a64369b5c65307dc7cf06578b08d3777aa4eb946b	c644b4dd845df8f2a9d29a5f1513db29729fa0f50b8a86baba168b90b3540d86	source_specimens_1600.jsonl#RAG-nq-test1222:B	RIDI-RAG-NATURE-v2-PROSPECTIVE/C2/QWEN3-BM25-K10-RANDOM	0f7babda273f68e2095343f2fb33f2dca3c8720f95ed87ca3a0f47d1b337b063	NO_AUTHORITATIVE_REQUIREMENT_SPECIFIED	TRUE	Primary registered RAG reference/random pair; exact grade-vector equality verified structurally; endpoints hash-bound without comparing outputs; no authoritative source support-count rule specified.
RAG-nq-test1223	88bcb2fdf78fa66280ff11da75809c4dc7c69be0d68d03423657cae4abf6d46b	61da4e28e582df5a3ae9219c5af03dd262a2697f3b18fdb0b811841f1376b3d9	5c2eda2532c5c4e71720926730a4c4bb8204b7e5e007aa97822441dc5d443ea8	source_specimens_1600.jsonl#RAG-nq-test1223:A	8b6ae8a0394664dbfe00706340877a74be0d3a2cb784a6bb613aa741f1feb73c	ea067a13c22c43c66b6204261622bb3e1c5298d4388cc2d044c6780b66581671	source_specimens_1600.jsonl#RAG-nq-test1223:B	RIDI-RAG-NATURE-v2-PROSPECTIVE/C2/QWEN3-BM25-K10-RANDOM	0f7babda273f68e2095343f2fb33f2dca3c8720f95ed87ca3a0f47d1b337b063	NO_AUTHORITATIVE_REQUIREMENT_SPECIFIED	TRUE	Primary registered RAG reference/random pair; exact grade-vector equality verified structurally; endpoints hash-bound without comparing outputs; no authoritative source support-count rule specified.
RAG-nq-test1224	ce7888c3cacc8c4e7bd398b0336eab11144ee2dc53245ab346a3710ccc52b204	ad9dba3296cbc75ea6ed918e7e53e78aa5ccde100091c906f51dc85c08c6ad87	6063b043a1137bac652b6297eca75138b8c3149e2004542b6f8ce6502c11e163	source_specimens_1600.jsonl#RAG-nq-test1224:A	82b6e9db6c4ac20fc1d0a77d4f4761a08ad0b00c25e66a358548635e7b099aa4	65b09d5337468e43bb0240f5c8ceaf72f01fe72020af5eaa8699db677601455f	source_specimens_1600.jsonl#RAG-nq-test1224:B	RIDI-RAG-NATURE-v2-PROSPECTIVE/C2/QWEN3-BM25-K10-RANDOM	0f7babda273f68e2095343f2fb33f2dca3c8720f95ed87ca3a0f47d1b337b063	NO_AUTHORITATIVE_REQUIREMENT_SPECIFIED	TRUE	Primary registered RAG reference/random pair; exact grade-vector equality verified structurally; endpoints hash-bound without comparing outputs; no authoritative source support-count rule specified.
RAG-nq-test1225	682f5744cedd68548c3f9eaff3cf7e1ecdbcf9299e8ed59b80fe1871cf79bc59	d78aabe411b288257698243e417eec658d1618188bfe741887f6f02c78a53ad9	6cecc83567ce94e85eb8e65183bc5ef59e8e117679f0307555743a332b295fef	source_specimens_1600.jsonl#RAG-nq-test1225:A	ed925f8f8987acb7e1c9f7396a4278ca67b5ef56f576e6af273e01ec6908dba3	7fd859a617a7b72e20f5b0a5f995039249137de66d1b2e5db7f0bb74f1c3adc2	source_specimens_1600.jsonl#RAG-nq-test1225:B	RIDI-RAG-NATURE-v2-PROSPECTIVE/C2/QWEN3-BM25-K10-RANDOM	0f7babda273f68e2095343f2fb33f2dca3c8720f95ed87ca3a0f47d1b337b063	NO_AUTHORITATIVE_REQUIREMENT_SPECIFIED	TRUE	Primary registered RAG reference/random pair; exact grade-vector equality verified structurally; endpoints hash-bound without comparing outputs; no authoritative source support-count rule specified.
RAG-nq-test1227	787876c5fa123cc620227690f967c89fa2d7645bf04e9dcb0572e598628c256c	70b6e0895703ff4be9890221c5ae46c88c4d56b6e786f3d44128202e3eb1ccf6	1363524435c457585aeb03a0df078297c241f7ad90821b088e0de04d7230df3c	source_specimens_1600.jsonl#RAG-nq-test1227:A	dc51f84865a27a5e188332b240d92a8182dd6a560eb3581cac4e7dd3d2a1d2e5	b05d070873129338b9def165aecb278a8caded3c52db507ff5bd76f43e4e890d	source_specimens_1600.jsonl#RAG-nq-test1227:B	RIDI-RAG-NATURE-v2-PROSPECTIVE/C2/QWEN3-BM25-K10-RANDOM	0f7babda273f68e2095343f2fb33f2dca3c8720f95ed87ca3a0f47d1b337b063	NO_AUTHORITATIVE_REQUIREMENT_SPECIFIED	TRUE	Primary registered RAG reference/random pair; exact grade-vector equality verified structurally; endpoints hash-bound without comparing outputs; no authoritative source support-count rule specified.
RAG-nq-test1229	d910e3049269c0c2efa96d3767b01712d3dc18d614a581f1d09c83859499b4a2	fe948fe04da1352c0068c7768fcbdf25870bdc309ddf69cb9cfa483ce3740ae8	a711ef22f02d5c2a9cf8b0bfe6539ae1f75672c05462f56a15c5aba250c309bd	source_specimens_1600.jsonl#RAG-nq-test1229:A	7aebe9e7cfaed8fb77f68d8481b9c5cbe92fa373b8308a6d95cbdf66139f96f7	80662fd64598bd0e6ffb53168d891a92ed7c5503431973524e390cacca2ec2bc	source_specimens_1600.jsonl#RAG-nq-test1229:B	RIDI-RAG-NATURE-v2-PROSPECTIVE/C2/QWEN3-BM25-K10-RANDOM	0f7babda273f68e2095343f2fb33f2dca3c8720f95ed87ca3a0f47d1b337b063	NO_AUTHORITATIVE_REQUIREMENT_SPECIFIED	TRUE	Primary registered RAG reference/random pair; exact grade-vector equality verified structurally; endpoints hash-bound without comparing outputs; no authoritative source support-count rule specified.
RAG-nq-test1230	143d6c45573e09c36744dd8163758ddb7cb8919a9c1e96baaf46834c5b19132b	0842c2378a93ceeb8f50cb502483e0b360c80bc302f99b4c68011d28bc88dc12	378afd79732bd6446c1b5151dc0a29b9175ab30f077baccab5090e45ae34da63	source_specimens_1600.jsonl#RAG-nq-test1230:A	c29997d03622068d3cceb2e8c19cc8e2fa8e00a11e5a6ce8ddbf1fcc01d47741	6e963117188157ed4b22791b3a404716567d5450a3b83c3ff4ac8728d353e075	source_specimens_1600.jsonl#RAG-nq-test1230:B	RIDI-RAG-NATURE-v2-PROSPECTIVE/C2/QWEN3-BM25-K10-RANDOM	0f7babda273f68e2095343f2fb33f2dca3c8720f95ed87ca3a0f47d1b337b063	NO_AUTHORITATIVE_REQUIREMENT_SPECIFIED	TRUE	Primary registered RAG reference/random pair; exact grade-vector equality verified structurally; endpoints hash-bound without comparing outputs; no authoritative source support-count rule specified.
RAG-nq-test1231	6a2b491f595694a8ccc31d0b5b79c77a405ebfb9df4a6a02a35fe87bbd61322b	6c7b42e77934ba53e04e490de9b2ed4f4d149094cc87262266be38f2a7639576	8d7894aa134df09e63862ea61ca7eb3b26d97852c87a0934bc999bf813ecf8d3	source_specimens_1600.jsonl#RAG-nq-test1231:A	e490aadba043ada895c6ebdea9fe87222cb71a8e5b5335e5c53ecba4d17948a0	73c5ffb55359aa5a0e4c971a2fc1daf8daafaa2b2047729bd35dbc40e5398ab1	source_specimens_1600.jsonl#RAG-nq-test1231:B	RIDI-RAG-NATURE-v2-PROSPECTIVE/C2/QWEN3-BM25-K10-RANDOM	0f7babda273f68e2095343f2fb33f2dca3c8720f95ed87ca3a0f47d1b337b063	NO_AUTHORITATIVE_REQUIREMENT_SPECIFIED	TRUE	Primary registered RAG reference/random pair; exact grade-vector equality verified structurally; endpoints hash-bound without comparing outputs; no authoritative source support-count rule specified.
RAG-nq-test1234	20638b3ba26f9760a6735395d9e0415c65d2694b5a9f07b9e0899362978aaf67	6a5630eecd560062f3c669cf52886cb7859681f56ce8f42668bdbf2d579a8fdc	8796fcf45334f3aeedbdcf4138984c961f3b8271af86de8334e096bf26279e4a	source_specimens_1600.jsonl#RAG-nq-test1234:A	f10d9ce4037e1e36a2db12dc7c0fbd1e0f53d63b0fef33044f59dbe893d2c413	1c0370554987e0012cb8c4678d098879f813cb05710b8ccb4a8e1cfde58095d0	source_specimens_1600.jsonl#RAG-nq-test1234:B	RIDI-RAG-NATURE-v2-PROSPECTIVE/C2/QWEN3-BM25-K10-RANDOM	0f7babda273f68e2095343f2fb33f2dca3c8720f95ed87ca3a0f47d1b337b063	NO_AUTHORITATIVE_REQUIREMENT_SPECIFIED	TRUE	Primary registered RAG reference/random pair; exact grade-vector equality verified structurally; endpoints hash-bound without comparing outputs; no authoritative source support-count rule specified.
RAG-nq-test1235	5358fe9305ef9996b06f23bb1835f264f4804d55d16bed6bb15f3658bd0f18f9	b9a48c2da658c286fdc96c352deebfe9af61dc016d371747c3e9e9e4fe50ad48	1a6ee74a30357167caa8a4fc23b687cf0462bd0b4be6f8a53b8d4f33643e2e10	source_specimens_1600.jsonl#RAG-nq-test1235:A	d5e15a6a19644f851919963fe21cb15ca7da3f98ef1a5174aaad6441ea347fd4	975e142b0f7d769a91f2c896ee608ad33654f5a766ad5322fbe242db44a7cd50	source_specimens_1600.jsonl#RAG-nq-test1235:B	RIDI-RAG-NATURE-v2-PROSPECTIVE/C2/QWEN3-BM25-K10-RANDOM	0f7babda273f68e2095343f2fb33f2dca3c8720f95ed87ca3a0f47d1b337b063	NO_AUTHORITATIVE_REQUIREMENT_SPECIFIED	TRUE	Primary registered RAG reference/random pair; exact grade-vector equality verified structurally; endpoints hash-bound without comparing outputs; no authoritative source support-count rule specified.
RAG-nq-test1237	5da64441503ee701ddfecc7706ba66019fac03b0878e5675ef9b921ddf0a1138	a237cd10ec8514fab44233f5976d33ca9937c131da0fbb43bba6d49b3c492165	08d092ae2bce33f9b5ecccaafd348e067e4635845fc2ee2d6e5fa05d56655461	source_specimens_1600.jsonl#RAG-nq-test1237:A	498eca9d74d2e6e972711b6c4c3955fa1cf29093f305df2ec785a8350014b7f2	e9785efc25d1411039ab24b42843cd2eec3c7f8051e24916c9b0ea9d1754145b	source_specimens_1600.jsonl#RAG-nq-test1237:B	RIDI-RAG-NATURE-v2-PROSPECTIVE/C2/QWEN3-BM25-K10-RANDOM	0f7babda273f68e2095343f2fb33f2dca3c8720f95ed87ca3a0f47d1b337b063	NO_AUTHORITATIVE_REQUIREMENT_SPECIFIED	TRUE	Primary registered RAG reference/random pair; exact grade-vector equality verified structurally; endpoints hash-bound without comparing outputs; no authoritative source support-count rule specified.
RAG-nq-test1238	34597c48b7a0d4e7e5ef5671ae52ca5c0def46925c563f234815c5ddbcfb7d54	8e9bba15b884a8f6fd40f0122c49d76b408d326c57f57f4e075c26afe6a3f052	adf0a7872413733bc00b4b0b2f51be762a6d43c950ba2a2bef4ef9664188bbe9	source_specimens_1600.jsonl#RAG-nq-test1238:A	85ed576753104e392e9be97b4cbfebf00cab03fb3fb12d7affecc71d1b996439	d7976a22607d7cff4d69615dbb55cd1c13a6b73c481223052c9a0fad21647643	source_specimens_1600.jsonl#RAG-nq-test1238:B	RIDI-RAG-NATURE-v2-PROSPECTIVE/C2/QWEN3-BM25-K10-RANDOM	0f7babda273f68e2095343f2fb33f2dca3c8720f95ed87ca3a0f47d1b337b063	NO_AUTHORITATIVE_REQUIREMENT_SPECIFIED	TRUE	Primary registered RAG reference/random pair; exact grade-vector equality verified structurally; endpoints hash-bound without comparing outputs; no authoritative source support-count rule specified.
RAG-nq-test124	cc3ccda6fc4b3a57649fa479d1cc7d4af060b604bcbe196dc9e98f04c7a78386	6da20c580318ffc5977760201ad521cb3e2b4c4bea3323befc4a3a38270a1b78	db5ca650a55cbdc0c7105e7943986cfbc72a936bd4d623f8ae9dcab468de8c7c	source_specimens_1600.jsonl#RAG-nq-test124:A	f2d616072016fd7f9660b6f8d73f26a8ce626460ebb12ddcc8d15dac0fdfa5b6	c38aa58eb216d6be0193c6b61d16747f9c832935e386cc10fcec7e43da65d911	source_specimens_1600.jsonl#RAG-nq-test124:B	RIDI-RAG-NATURE-v2-PROSPECTIVE/C2/QWEN3-BM25-K10-RANDOM	0f7babda273f68e2095343f2fb33f2dca3c8720f95ed87ca3a0f47d1b337b063	NO_AUTHORITATIVE_REQUIREMENT_SPECIFIED	TRUE	Primary registered RAG reference/random pair; exact grade-vector equality verified structurally; endpoints hash-bound without comparing outputs; no authoritative source support-count rule specified.
RAG-nq-test1240	c23e0e0f9812484dc2d77b01d6692766b14a551ad8e6882b515bd5abbdae3ec0	1aa0981c7b00ef198ce7f1c6d5e004a49c97f246cd4800cf67bb5c1286bbfaac	4b8d78361ae7f182b315deced991ba5d1e88ad94693467792e979ef5dbcde701	source_specimens_1600.jsonl#RAG-nq-test1240:A	118cd5324360ee2e94300b5537d129b196beba45e4359ab8a5e636deaab653f5	0a88aeb76cd5959b57501a1af739c89ecaa8e8ab7de25160731559b70768aaaa	source_specimens_1600.jsonl#RAG-nq-test1240:B	RIDI-RAG-NATURE-v2-PROSPECTIVE/C2/QWEN3-BM25-K10-RANDOM	0f7babda273f68e2095343f2fb33f2dca3c8720f95ed87ca3a0f47d1b337b063	NO_AUTHORITATIVE_REQUIREMENT_SPECIFIED	TRUE	Primary registered RAG reference/random pair; exact grade-vector equality verified structurally; endpoints hash-bound without comparing outputs; no authoritative source support-count rule specified.
RAG-nq-test1242	cfad4d53881815db2c804c509babac144013847a41532615ba466fd0a2da4b7e	cdc3487a3b541eeb1ed4fcd4e58282deeed295ec8d392ae7c22a96fda10616cd	2d9119464dce1e8c7be72937617e5419d506eb076a3097a35d7a73897957ecae	source_specimens_1600.jsonl#RAG-nq-test1242:A	cb190b53c820d2a4e520732612a20d4c74178612651d7235b9feebc6aab68310	b5c181985e6f7a175344e7a801fe06402031d6151972afcd4a47e4b288aee968	source_specimens_1600.jsonl#RAG-nq-test1242:B	RIDI-RAG-NATURE-v2-PROSPECTIVE/C2/QWEN3-BM25-K10-RANDOM	0f7babda273f68e2095343f2fb33f2dca3c8720f95ed87ca3a0f47d1b337b063	NO_AUTHORITATIVE_REQUIREMENT_SPECIFIED	TRUE	Primary registered RAG reference/random pair; exact grade-vector equality verified structurally; endpoints hash-bound without comparing outputs; no authoritative source support-count rule specified.
RAG-nq-test1244	383ce84b7274f32d6d0f1e8f4a8a8ef28500ecba5b676d450e4d5e43b495b3f1	7d6f8a9cdf956187ca6a0efd3bc26cc410ebf9a4db23223916f94de65e6cfc76	d5974f006e7426e0f4ac230bded73dabd1816d509478b25102c18d14e35a5805	source_specimens_1600.jsonl#RAG-nq-test1244:A	3020ece793be7e2142ad66cb722534f26135010d7ae010df5804c046fc8809c6	e093be92a8bd3e0c8403a2eec384fd423742bcd47847b51d15e7ca97231e9130	source_specimens_1600.jsonl#RAG-nq-test1244:B	RIDI-RAG-NATURE-v2-PROSPECTIVE/C2/QWEN3-BM25-K10-RANDOM	0f7babda273f68e2095343f2fb33f2dca3c8720f95ed87ca3a0f47d1b337b063	NO_AUTHORITATIVE_REQUIREMENT_SPECIFIED	TRUE	Primary registered RAG reference/random pair; exact grade-vector equality verified structurally; endpoints hash-bound without comparing outputs; no authoritative source support-count rule specified.
RAG-nq-test1245	43aecb923187d7a0420be02cf7ddf47af309d7e4f691dfe934e64090d162c414	1afad52e627a07524a2559fcf7d4fb4122614a691c18fe84045f4de56543c3a6	0d208614c7f1297b02133adab18ea6da4897b2887c285b8b7cf584afbb7b6350	source_specimens_1600.jsonl#RAG-nq-test1245:A	88534c1006263e89de44536aa9962bb0851ef2148f214fad0e67a942b605ddcb	edcd505f21c8b5a6a6975c5a3b12425e1aaa9ad6ee99bc6a6adef28eec2428d5	source_specimens_1600.jsonl#RAG-nq-test1245:B	RIDI-RAG-NATURE-v2-PROSPECTIVE/C2/QWEN3-BM25-K10-RANDOM	0f7babda273f68e2095343f2fb33f2dca3c8720f95ed87ca3a0f47d1b337b063	NO_AUTHORITATIVE_REQUIREMENT_SPECIFIED	TRUE	Primary registered RAG reference/random pair; exact grade-vector equality verified structurally; endpoints hash-bound without comparing outputs; no authoritative source support-count rule specified.
RAG-nq-test1246	151d68190ff76b05c7eb60207332e897e4960deb7408f9bb8f0496cb673a4475	87a54c34f78f5e6615f7d489178ab0e494cf9a560fa4343c1b1c3198f3b4b39d	e3584fa90ae05404ed999a68bf9cdaaf24a689669eae4172e95bf29dae373d1a	source_specimens_1600.jsonl#RAG-nq-test1246:A	a57b0b01535548dcb863ff421b8f6eab2f769dacc072656c9628593eb57adb6c	3061ee6f1c2fe8b7acffc7927fc3a54eef15d0a3a6f521e2622718e74ea2ae02	source_specimens_1600.jsonl#RAG-nq-test1246:B	RIDI-RAG-NATURE-v2-PROSPECTIVE/C2/QWEN3-BM25-K10-RANDOM	0f7babda273f68e2095343f2fb33f2dca3c8720f95ed87ca3a0f47d1b337b063	NO_AUTHORITATIVE_REQUIREMENT_SPECIFIED	TRUE	Primary registered RAG reference/random pair; exact grade-vector equality verified structurally; endpoints hash-bound without comparing outputs; no authoritative source support-count rule specified.
RAG-nq-test1247	03351de492271b29ba80e1642b90e2f29873e68633e38e22047adcb0c42e6b02	94e91beeb47ed6eac869f15b415cc016a9cc6cbed196fdd72f68020534483ada	84229dae16ae7efed79714cbc87f641b053ca55e86190d07a0da43b4d9076982	source_specimens_1600.jsonl#RAG-nq-test1247:A	e1c18037f16618c2c48e47c90252f799ed2020bfcf68fb6ab8763d5f67aa5288	c7ee99dc8b66ad73f95c878c585c6a4dcfee8289b121922b6a099a7c10de63ca	source_specimens_1600.jsonl#RAG-nq-test1247:B	RIDI-RAG-NATURE-v2-PROSPECTIVE/C2/QWEN3-BM25-K10-RANDOM	0f7babda273f68e2095343f2fb33f2dca3c8720f95ed87ca3a0f47d1b337b063	NO_AUTHORITATIVE_REQUIREMENT_SPECIFIED	TRUE	Primary registered RAG reference/random pair; exact grade-vector equality verified structurally; endpoints hash-bound without comparing outputs; no authoritative source support-count rule specified.
RAG-nq-test1248	1dfeb1654f3b25f17e8012317cc07d08011904b22edefe9869ac93a928e71d99	a7d492bae98ee10347f35f67cc5303d36da4554b8e47f686b1b0037260de99c4	03c28addc84b01e7d9ca20a21b62474a14b95131e042b703cbfb9a34c8146af5	source_specimens_1600.jsonl#RAG-nq-test1248:A	c80c467947dd1b4d5d4740a5d8b7db2bb89383e12a0b2467fb9931db320a0e62	ebdf546a4f879a9a29f007c4ad0cdc1d96880b071fdec44fb2cf14594d690875	source_specimens_1600.jsonl#RAG-nq-test1248:B	RIDI-RAG-NATURE-v2-PROSPECTIVE/C2/QWEN3-BM25-K10-RANDOM	0f7babda273f68e2095343f2fb33f2dca3c8720f95ed87ca3a0f47d1b337b063	NO_AUTHORITATIVE_REQUIREMENT_SPECIFIED	TRUE	Primary registered RAG reference/random pair; exact grade-vector equality verified structurally; endpoints hash-bound without comparing outputs; no authoritative source support-count rule specified.
RAG-nq-test1249	c162f74ef02c6708f5eb7ebaf5f0ce18dfba321122ab1cb79bc3465159a3b2d0	77ad8dbbf74e0cefca2786b5388d84714459b3d64152d78e6b9a216a5b2f947a	a4f76f70c4fa6659699ab60c3e9f5c85afe38be79a98a6721cb7fbf97b922435	source_specimens_1600.jsonl#RAG-nq-test1249:A	49c9781185eef842d4fe3a09396693270f07284f72e85bcf33213bc185480f00	09b8be202a2891e536f189fd7b91a04443353b4291d6e6b3f59cd4bdf6e518a5	source_specimens_1600.jsonl#RAG-nq-test1249:B	RIDI-RAG-NATURE-v2-PROSPECTIVE/C2/QWEN3-BM25-K10-RANDOM	0f7babda273f68e2095343f2fb33f2dca3c8720f95ed87ca3a0f47d1b337b063	NO_AUTHORITATIVE_REQUIREMENT_SPECIFIED	TRUE	Primary registered RAG reference/random pair; exact grade-vector equality verified structurally; endpoints hash-bound without comparing outputs; no authoritative source support-count rule specified.
RAG-nq-test125	ab9d115c51892807d9532f285502c4a8a161b789e21c46667b300bf0620f4bef	e9de04436309b878a73c96d6ba536c953307cf4b52858c214f02bc16e28c19f0	d4b1734a8395fe6752484653814e8a6a7d77dd91613c5e8e7fbd61c15c45a86c	source_specimens_1600.jsonl#RAG-nq-test125:A	b486f0aa8dbbdc79e134df56cae84c7665e3965529214cbbeebdb40a4e219a50	fda77d573ef540b5f7eb96dfde8593bb568ef1bf09c84c1e2f465503d1dbf3ac	source_specimens_1600.jsonl#RAG-nq-test125:B	RIDI-RAG-NATURE-v2-PROSPECTIVE/C2/QWEN3-BM25-K10-RANDOM	0f7babda273f68e2095343f2fb33f2dca3c8720f95ed87ca3a0f47d1b337b063	NO_AUTHORITATIVE_REQUIREMENT_SPECIFIED	TRUE	Primary registered RAG reference/random pair; exact grade-vector equality verified structurally; endpoints hash-bound without comparing outputs; no authoritative source support-count rule specified.
RAG-nq-test1251	84a608b3d664a96825426db1cf4c53e91e617e828c23023d63752c98ca02c4ce	e20cd01c676c5974a8dd9046115f0651a76cc97019a0f4015f5dcedb6d353301	d765f41f188d1dfd3d92b49040ae720d7516c44f5a40b95acf17985fa9178973	source_specimens_1600.jsonl#RAG-nq-test1251:A	cfb4fc1a602a79c8827962e005b2a3041ec30e1b2814fa1a9147135640ea24ad	adaca1a8eb494be2214df309dfa6888346203f5c4a27084d44492ca5765653fe	source_specimens_1600.jsonl#RAG-nq-test1251:B	RIDI-RAG-NATURE-v2-PROSPECTIVE/C2/QWEN3-BM25-K10-RANDOM	0f7babda273f68e2095343f2fb33f2dca3c8720f95ed87ca3a0f47d1b337b063	NO_AUTHORITATIVE_REQUIREMENT_SPECIFIED	TRUE	Primary registered RAG reference/random pair; exact grade-vector equality verified structurally; endpoints hash-bound without comparing outputs; no authoritative source support-count rule specified.
RAG-nq-test1252	f3f420788b3f22d41fdd8a68712642087aca3bddcac7c4ee7662a0634d5b41fb	115a28ae98ed5376b3f9f57833c664097902c9e7c39fc96a8a992149898001bd	9b8a56712ec38483703ddf9cf0f8b9ec4ef2e120a85482ebff93d2a59487b7c8	source_specimens_1600.jsonl#RAG-nq-test1252:A	521b89078fb012119c32fe213c822cd7d26084307e7a180344fb03c43a0f6e93	047fbd27241d0d847f51b7ee3137eeb411d4ee0eae5c42515b0e5bf613a23eea	source_specimens_1600.jsonl#RAG-nq-test1252:B	RIDI-RAG-NATURE-v2-PROSPECTIVE/C2/QWEN3-BM25-K10-RANDOM	0f7babda273f68e2095343f2fb33f2dca3c8720f95ed87ca3a0f47d1b337b063	NO_AUTHORITATIVE_REQUIREMENT_SPECIFIED	TRUE	Primary registered RAG reference/random pair; exact grade-vector equality verified structurally; endpoints hash-bound without comparing outputs; no authoritative source support-count rule specified.
RAG-nq-test1256	deb47a4bf3e08c108ee60e2d6fd62d12ef09a5a9e5cf2b4ca4adad2966329e46	882cf4c81a1ed87569f63dc2ed29ee598ae6c899e594f4ae45b34f3ff19fa38e	4896e1fa60ad64a08d18ec93f6a4fb3b7d9138f932f911e94c930cde50568bdd	source_specimens_1600.jsonl#RAG-nq-test1256:A	2bfab8e366dd6ac8507e1ec21f327b5b4a8b0a0dad125fa826d7c8c7cc5ce7e9	b82e77df741c0bd15e8128a30a702d71aa7fb1bfb3b763f8e6ba8981fc38cc6e	source_specimens_1600.jsonl#RAG-nq-test1256:B	RIDI-RAG-NATURE-v2-PROSPECTIVE/C2/QWEN3-BM25-K10-RANDOM	0f7babda273f68e2095343f2fb33f2dca3c8720f95ed87ca3a0f47d1b337b063	NO_AUTHORITATIVE_REQUIREMENT_SPECIFIED	TRUE	Primary registered RAG reference/random pair; exact grade-vector equality verified structurally; endpoints hash-bound without comparing outputs; no authoritative source support-count rule specified.
RAG-nq-test1257	190176de8a0d90b28918c506b2ab6af7ee3937989c6935afee5e68b9c886c8d7	5690a5ddb38ee7fab9146f00eac569ac55c6aa594129aeab936b44e124b37129	26764d018d97c94a18372900bb23ad1ccd321e5f0e9c173d7fc5b5f375c1fa10	source_specimens_1600.jsonl#RAG-nq-test1257:A	00ab03d82e5bdbaa6334bb15876a074b8ab34c9a607e940c58c29237583b0bec	a5592b8ffbf422cc0421b739e1ae93ad10f404c0a63ddb714f9fe424b7d81a67	source_specimens_1600.jsonl#RAG-nq-test1257:B	RIDI-RAG-NATURE-v2-PROSPECTIVE/C2/QWEN3-BM25-K10-RANDOM	0f7babda273f68e2095343f2fb33f2dca3c8720f95ed87ca3a0f47d1b337b063	NO_AUTHORITATIVE_REQUIREMENT_SPECIFIED	TRUE	Primary registered RAG reference/random pair; exact grade-vector equality verified structurally; endpoints hash-bound without comparing outputs; no authoritative source support-count rule specified.
RAG-nq-test1260	05de2fb1c4424532213c069e20348cad4b9c5e80c14fda8647a4a40f40eac278	2ce80bcfe903bbcf8575c6d5fd51deb96da4bc10774c674749e4bd9ec369c5ae	33075c730581636a7ea8dc8c1a44927999566f1f1f923aaee8e1ff95280d941c	source_specimens_1600.jsonl#RAG-nq-test1260:A	bb03031615a4f4be4eac204fa860a56e5f47f5a8346eeeaacbf5366c37bd70fc	c40be2ebd1fa24c66fbbf782b39112b228f71435f042b03f5a8d1eb08366a1d6	source_specimens_1600.jsonl#RAG-nq-test1260:B	RIDI-RAG-NATURE-v2-PROSPECTIVE/C2/QWEN3-BM25-K10-RANDOM	0f7babda273f68e2095343f2fb33f2dca3c8720f95ed87ca3a0f47d1b337b063	NO_AUTHORITATIVE_REQUIREMENT_SPECIFIED	TRUE	Primary registered RAG reference/random pair; exact grade-vector equality verified structurally; endpoints hash-bound without comparing outputs; no authoritative source support-count rule specified.
RAG-nq-test1261	5a47672744b555cfe7227dd7a815af741abdaf410e13122c4ccc0afd63bdd1a7	b3fcd6b41b66e984b2c4b7f291e7610acdcdc4718b08c9e3df9cbcae0b66155f	37c6f69cd9dd3987ba52ae668d496679c849b63d18fd07bd3b040f82c2bddab4	source_specimens_1600.jsonl#RAG-nq-test1261:A	d87417138e93a9c383400c114edd8c8c840578232c5fe4bef8dd2343d72bc679	c54145ee066108c0e9f27b30646a7807258eddaf2b4d108cf9a5c558e854b739	source_specimens_1600.jsonl#RAG-nq-test1261:B	RIDI-RAG-NATURE-v2-PROSPECTIVE/C2/QWEN3-BM25-K10-RANDOM	0f7babda273f68e2095343f2fb33f2dca3c8720f95ed87ca3a0f47d1b337b063	NO_AUTHORITATIVE_REQUIREMENT_SPECIFIED	TRUE	Primary registered RAG reference/random pair; exact grade-vector equality verified structurally; endpoints hash-bound without comparing outputs; no authoritative source support-count rule specified.
RAG-nq-test1263	e64e6d49ebf7e191349babf2fbd7664728a588dd49240e063f2a6fb876f765b6	502d0eb82bbd78f64ace94a981fa37289a294b026b247555a4e364ea1382960c	845301339a07fb169d2396ff1fa70d5d8598a3d6f8b8a775ac2b076e3493db6f	source_specimens_1600.jsonl#RAG-nq-test1263:A	91be5b457c947aafc80bf21dee119b807332233ffebdd25852ae25521257cd4a	169a6ed515a738b46f35356b81fd31e209228c9a976f42ed73754914b2f47ac9	source_specimens_1600.jsonl#RAG-nq-test1263:B	RIDI-RAG-NATURE-v2-PROSPECTIVE/C2/QWEN3-BM25-K10-RANDOM	0f7babda273f68e2095343f2fb33f2dca3c8720f95ed87ca3a0f47d1b337b063	NO_AUTHORITATIVE_REQUIREMENT_SPECIFIED	TRUE	Primary registered RAG reference/random pair; exact grade-vector equality verified structurally; endpoints hash-bound without comparing outputs; no authoritative source support-count rule specified.
RAG-nq-test1264	170178e9e70202c5df51acb51e07d8dcee74b36d94f5e4040f8076b778dc9e94	0e2e170f8e101b88168469203696af62a34a574073aef61650163c5cc564c1b3	197b8517128cf28a6980ab22114decdfd17d5ff51e90109a946993e0032a40b3	source_specimens_1600.jsonl#RAG-nq-test1264:A	f0dd844c5d9e09899ae82ff643f277282e6c6dacdd77ba299788a852cf50baef	269e5e8859a114c344883370243219ea2d3fa119aea60b81d4b345b0e8036bd9	source_specimens_1600.jsonl#RAG-nq-test1264:B	RIDI-RAG-NATURE-v2-PROSPECTIVE/C2/QWEN3-BM25-K10-RANDOM	0f7babda273f68e2095343f2fb33f2dca3c8720f95ed87ca3a0f47d1b337b063	NO_AUTHORITATIVE_REQUIREMENT_SPECIFIED	TRUE	Primary registered RAG reference/random pair; exact grade-vector equality verified structurally; endpoints hash-bound without comparing outputs; no authoritative source support-count rule specified.
RAG-nq-test1268	40cf6a1a1adf1a16f2793e4e9c26f870621db8bdbef407e5b7f9e4bddd85203d	9258c81ad26650bd16a547adcb4365c9f23951beed64d6a6806a0559a0e954fa	3b2bf6f0b7bc42967309959b3e24951fed64c75a774ed1e0ac47ab2bb93ff357	source_specimens_1600.jsonl#RAG-nq-test1268:A	15ab8f198627a929152235e36609262eb650c8429f897c7186f6326716b66e72	1a09b4634d02319a1a330f1db34dfc79df5d1908a698c833574812190452c35a	source_specimens_1600.jsonl#RAG-nq-test1268:B	RIDI-RAG-NATURE-v2-PROSPECTIVE/C2/QWEN3-BM25-K10-RANDOM	0f7babda273f68e2095343f2fb33f2dca3c8720f95ed87ca3a0f47d1b337b063	NO_AUTHORITATIVE_REQUIREMENT_SPECIFIED	TRUE	Primary registered RAG reference/random pair; exact grade-vector equality verified structurally; endpoints hash-bound without comparing outputs; no authoritative source support-count rule specified.
RAG-nq-test127	1ee24fdf7c9828544c9d48a0bacbbdd8633f69d25b1a7bf64afed2ca2ca0e888	6d7a71ba89a5b199f53db6909fa883eccc978ddd8753babbbba54f541d2456f7	21466fbaf5a7cc5f8cca24255a82f246e25e055ec3e441359537c57b1458f399	source_specimens_1600.jsonl#RAG-nq-test127:A	54f222b7357774d07ebe87daf63004ab6ccd2f6cd4646717a6dc834920140261	9b6d68e48e18f9b9822be5e5ea04562ad9fc355fb540f68b4b2e18af8f9125f3	source_specimens_1600.jsonl#RAG-nq-test127:B	RIDI-RAG-NATURE-v2-PROSPECTIVE/C2/QWEN3-BM25-K10-RANDOM	0f7babda273f68e2095343f2fb33f2dca3c8720f95ed87ca3a0f47d1b337b063	NO_AUTHORITATIVE_REQUIREMENT_SPECIFIED	TRUE	Primary registered RAG reference/random pair; exact grade-vector equality verified structurally; endpoints hash-bound without comparing outputs; no authoritative source support-count rule specified.
RAG-nq-test1273	0b441bd7a588a567a3574247eef816f82ca13ef8669b187820483a4e3d7e31bf	ba3f653ff47f21e5e33ab1738f4ae31752564913c6886655f39e8bd09b1b9760	2d88d65fca538477b50e59c071541c4334dcffa800bdee86552457ac1f7a54ce	source_specimens_1600.jsonl#RAG-nq-test1273:A	f52eff5c4cd7a970608f7e07acbb0c6243e0aa4f0ef529bfe80a9d9ac148708e	b3579f467dd1230c652ded1f7ad31c9e3eb3c3185d4201b0371d3054da4759b9	source_specimens_1600.jsonl#RAG-nq-test1273:B	RIDI-RAG-NATURE-v2-PROSPECTIVE/C2/QWEN3-BM25-K10-RANDOM	0f7babda273f68e2095343f2fb33f2dca3c8720f95ed87ca3a0f47d1b337b063	NO_AUTHORITATIVE_REQUIREMENT_SPECIFIED	TRUE	Primary registered RAG reference/random pair; exact grade-vector equality verified structurally; endpoints hash-bound without comparing outputs; no authoritative source support-count rule specified.
RAG-nq-test1274	03fa7ad78e1308705f71ecaa4c90664cb46fd9a1d9db902780fb70ea81fb6ea8	d629764e287dc9d0335941e0fc3c1e7595020a00501f64ee74af55d6782e13e7	ae45466907ed708a0b0841e2fc3d1e281284051120705ffeabca46d05e43857e	source_specimens_1600.jsonl#RAG-nq-test1274:A	2860bcdb0a1109b1bde0ea051b9d391ed5ccd3794d397f70dbff4e8b47ee21ca	b517685709738083f00bfe78144db5deedb15df6adeb52159b249014fe60d1d5	source_specimens_1600.jsonl#RAG-nq-test1274:B	RIDI-RAG-NATURE-v2-PROSPECTIVE/C2/QWEN3-BM25-K10-RANDOM	0f7babda273f68e2095343f2fb33f2dca3c8720f95ed87ca3a0f47d1b337b063	NO_AUTHORITATIVE_REQUIREMENT_SPECIFIED	TRUE	Primary registered RAG reference/random pair; exact grade-vector equality verified structurally; endpoints hash-bound without comparing outputs; no authoritative source support-count rule specified.
RAG-nq-test1276	98b1b246a21f93e3f339f11754a007cddbbf9366f47fe278593fdf575ef4986b	703400f81b6553cd4806abff8155f00a3e2cf02635c89572be26d450390d14cd	ba06e4dd599dfc089ce789a7ab980c5615844c4a859b56c742c9180fb252b904	source_specimens_1600.jsonl#RAG-nq-test1276:A	60a231d83230dd0271a930bdeac1fcf057f90a8831b3938f2ffce3af96d609e1	8eadf48f51f8945319b6aa3da61af8b85864abea9208b96ec9163263a9b02a51	source_specimens_1600.jsonl#RAG-nq-test1276:B	RIDI-RAG-NATURE-v2-PROSPECTIVE/C2/QWEN3-BM25-K10-RANDOM	0f7babda273f68e2095343f2fb33f2dca3c8720f95ed87ca3a0f47d1b337b063	NO_AUTHORITATIVE_REQUIREMENT_SPECIFIED	TRUE	Primary registered RAG reference/random pair; exact grade-vector equality verified structurally; endpoints hash-bound without comparing outputs; no authoritative source support-count rule specified.
RAG-nq-test1278	db0e0e695adb0b0b1cdff47bb27d72b89695b91504bb75834fcde40162c987e0	9e46b8951e1a5d7bd8e2eeedf1928b405788b079d5057331922b9d625723717c	108973e1e6a0d6b014d144052514c5d2544ab42808afd1e8e585c27f2cec0278	source_specimens_1600.jsonl#RAG-nq-test1278:A	8a25252f43daca1a549bf2b2ade6ab57d08481f445bb5189059bf37b69cc4a51	4614c37f0d43721285917ec24cf0276620010e1b52836c434cfcb6c47895feba	source_specimens_1600.jsonl#RAG-nq-test1278:B	RIDI-RAG-NATURE-v2-PROSPECTIVE/C2/QWEN3-BM25-K10-RANDOM	0f7babda273f68e2095343f2fb33f2dca3c8720f95ed87ca3a0f47d1b337b063	NO_AUTHORITATIVE_REQUIREMENT_SPECIFIED	TRUE	Primary registered RAG reference/random pair; exact grade-vector equality verified structurally; endpoints hash-bound without comparing outputs; no authoritative source support-count rule specified.
RAG-nq-test1280	61d528037f1503ae1ef4a9ca0ec4c0eee2535a84b5ff27400134971d9bba3e0b	d0086864acc30562fe1568175a67f872b798b169afa6d105e201ea35c2b7b78c	3e7bb961be54e8ebcb0a75b31885eaec7230335a557dd3491fba5af79a0961e6	source_specimens_1600.jsonl#RAG-nq-test1280:A	56eaedd104a57a2a54fcad2fa330d651c7cc2dced5ca73821259bba8d10a2478	8290c559f397279b70c5f1e72786bd05ec2f29ab2897142492985ff7e861f051	source_specimens_1600.jsonl#RAG-nq-test1280:B	RIDI-RAG-NATURE-v2-PROSPECTIVE/C2/QWEN3-BM25-K10-RANDOM	0f7babda273f68e2095343f2fb33f2dca3c8720f95ed87ca3a0f47d1b337b063	NO_AUTHORITATIVE_REQUIREMENT_SPECIFIED	TRUE	Primary registered RAG reference/random pair; exact grade-vector equality verified structurally; endpoints hash-bound without comparing outputs; no authoritative source support-count rule specified.
RAG-nq-test1282	8ac52fda6add0a66cac747a62c836bf37d6b4cc18577c0fd038367d6a546a077	26f1d230361672abea94170d3d572b2df6905fc7ea1805078457e1765456a12e	64e9167c50ebe9f9816625dfb755b4bfab0a394f8893ba2981da3c6d1ce0214f	source_specimens_1600.jsonl#RAG-nq-test1282:A	79672b888a17b74aa79916437dfeaddcaf38207a5a8826e9f8c00d19b62eb722	6e35b0e1571bcf29d41d1fe9feeb917343cdab45947b3e12c51d33e830257aa8	source_specimens_1600.jsonl#RAG-nq-test1282:B	RIDI-RAG-NATURE-v2-PROSPECTIVE/C2/QWEN3-BM25-K10-RANDOM	0f7babda273f68e2095343f2fb33f2dca3c8720f95ed87ca3a0f47d1b337b063	NO_AUTHORITATIVE_REQUIREMENT_SPECIFIED	TRUE	Primary registered RAG reference/random pair; exact grade-vector equality verified structurally; endpoints hash-bound without comparing outputs; no authoritative source support-count rule specified.
RAG-nq-test1283	cf791c3d03451d19bdb2aa5a105f7c09a18813b8d8dbbc8f5a2100851dc218f4	028344b89edc6df897c0910d397a95415cbacb7043bc6464ae97d7f3900f72f7	b5718acc4a0e1e2e5221e0432346a3d7cf2699b03ebca44a550617d29c08a2bd	source_specimens_1600.jsonl#RAG-nq-test1283:A	0fd09cfbc71eeba0018e8530beae01f5dc0c5863b119a9e21c6dc2b119dbd3ac	3b00a4bba3a27c406a26a5dfc36375765b477d499a7a28a8d34f80777ed75689	source_specimens_1600.jsonl#RAG-nq-test1283:B	RIDI-RAG-NATURE-v2-PROSPECTIVE/C2/QWEN3-BM25-K10-RANDOM	0f7babda273f68e2095343f2fb33f2dca3c8720f95ed87ca3a0f47d1b337b063	NO_AUTHORITATIVE_REQUIREMENT_SPECIFIED	TRUE	Primary registered RAG reference/random pair; exact grade-vector equality verified structurally; endpoints hash-bound without comparing outputs; no authoritative source support-count rule specified.
RAG-nq-test1286	e39de076c4260a5ebdc7223314352d00478350c0b122dde02f1ee5b0bbd1c44f	bc80fc33e962849447ed842a6eb8497d30677951f1297969f5177c0b9b767e6e	9efb0bd41d4d4a2d953876d076130b7508a26fa2aefd8b3e749f69b7651814c5	source_specimens_1600.jsonl#RAG-nq-test1286:A	442ed39c95e31def830b58c91d8cec887be328f7c2bde0046047575f03319905	08292c8200397cb66f886abd111a6bce76c457fd3aa1ed88819c82d021ad7e9b	source_specimens_1600.jsonl#RAG-nq-test1286:B	RIDI-RAG-NATURE-v2-PROSPECTIVE/C2/QWEN3-BM25-K10-RANDOM	0f7babda273f68e2095343f2fb33f2dca3c8720f95ed87ca3a0f47d1b337b063	NO_AUTHORITATIVE_REQUIREMENT_SPECIFIED	TRUE	Primary registered RAG reference/random pair; exact grade-vector equality verified structurally; endpoints hash-bound without comparing outputs; no authoritative source support-count rule specified.
RAG-nq-test1287	5733f32d64ef504fadf790e02fdf6132173c74378468f1eb86d256f3b3691ded	d9728df95efa5bf8f1e209159f8af268434a01a2459885aeca863f2aa0ec9b69	a0876b2dd6481599c81952ba3f28656142cf00cdd75305dfde1ca292ed5d00f1	source_specimens_1600.jsonl#RAG-nq-test1287:A	c10f05fdd23fae71919aab52628f4793439d44ac1d917645451e59545834abe0	74faacdd0f8b987d94822e296ae0793101b1ab6df57bb10e56025cfd9e5ff850	source_specimens_1600.jsonl#RAG-nq-test1287:B	RIDI-RAG-NATURE-v2-PROSPECTIVE/C2/QWEN3-BM25-K10-RANDOM	0f7babda273f68e2095343f2fb33f2dca3c8720f95ed87ca3a0f47d1b337b063	NO_AUTHORITATIVE_REQUIREMENT_SPECIFIED	TRUE	Primary registered RAG reference/random pair; exact grade-vector equality verified structurally; endpoints hash-bound without comparing outputs; no authoritative source support-count rule specified.
RAG-nq-test1288	9bd6d96ca591d7813fb2655fc4b4eb912a8be0c007553dc0237daef85e57b2b5	43838f9a1c5e2647451d47d9b3df163f90658216cd6813899e6dd5981d214379	52d30807c0768313c2f2d23117dfba1fd112cc0d4f99544e76a7620bdcbda657	source_specimens_1600.jsonl#RAG-nq-test1288:A	ad158861d48875141200cbb284c55b16adda76bfdaf51d980c4d20ca948e5d92	9bdbfcd0ff291a7256c321fadfe9a66b23a9bf5607d3d41870d526ca714d4137	source_specimens_1600.jsonl#RAG-nq-test1288:B	RIDI-RAG-NATURE-v2-PROSPECTIVE/C2/QWEN3-BM25-K10-RANDOM	0f7babda273f68e2095343f2fb33f2dca3c8720f95ed87ca3a0f47d1b337b063	NO_AUTHORITATIVE_REQUIREMENT_SPECIFIED	TRUE	Primary registered RAG reference/random pair; exact grade-vector equality verified structurally; endpoints hash-bound without comparing outputs; no authoritative source support-count rule specified.
RAG-nq-test1289	74ab89a51f6ff26222820fde936cb5e8f01bf8644e6e48297bc12351f427e6aa	f45492b9219caa90019a63807ea830c28389804c81aada3ab9b089a3fef015fd	a8d4da87e34b493309090c819ddf2332df3c1680f030d0c79edd8838a66ead98	source_specimens_1600.jsonl#RAG-nq-test1289:A	ee3b6c4b283c3aa9df06e4c80e8f4d1aa467da4a4c801e42bb08ee159e788931	7bd55f829f76ca8c53d3168d24fb6d57fc7c4e0a2c77a5c48c6307c4ed09d6dd	source_specimens_1600.jsonl#RAG-nq-test1289:B	RIDI-RAG-NATURE-v2-PROSPECTIVE/C2/QWEN3-BM25-K10-RANDOM	0f7babda273f68e2095343f2fb33f2dca3c8720f95ed87ca3a0f47d1b337b063	NO_AUTHORITATIVE_REQUIREMENT_SPECIFIED	TRUE	Primary registered RAG reference/random pair; exact grade-vector equality verified structurally; endpoints hash-bound without comparing outputs; no authoritative source support-count rule specified.
RAG-nq-test129	0a035d00f09445b80179f812521fe5944f07022f25f49bc55b75c3e2c090400a	917714abae4e39c95eb04f23cb46fe6a12d10e5b11363692d051813cefcf5943	76f0456c16891e852afa1798680ca25a2a8ef8f72a39c89c84ced7fe650e94d3	source_specimens_1600.jsonl#RAG-nq-test129:A	07247ff962b5365389c612da2db6f2a9984084093c8723f0389091b3dfc297ba	10d0df38d70b13f29776bc4549a9d060654e4282ee53a974316841d1c295f4d7	source_specimens_1600.jsonl#RAG-nq-test129:B	RIDI-RAG-NATURE-v2-PROSPECTIVE/C2/QWEN3-BM25-K10-RANDOM	0f7babda273f68e2095343f2fb33f2dca3c8720f95ed87ca3a0f47d1b337b063	NO_AUTHORITATIVE_REQUIREMENT_SPECIFIED	TRUE	Primary registered RAG reference/random pair; exact grade-vector equality verified structurally; endpoints hash-bound without comparing outputs; no authoritative source support-count rule specified.
RAG-nq-test1290	7efba1d4350e3e219d6dc0b06daf23635c0d0fa91852fd84a410ad040e1b2047	0b8a1aa4ea85d102dca4294621c933808eee12bc237a1d3360dd19d19afefc2d	5cc8b003cfab3fba8b6e9967c02aae3f5676023a7f3e13180c7d7928029e4845	source_specimens_1600.jsonl#RAG-nq-test1290:A	4b21d45fa18e996336fa4be66edd9ff7cbbf47fb6c633147ebdff2c7a06102f0	aac2bf3649b6a309a531f38f831c0a57fc2ffc250632b05681b80cba90aeb01d	source_specimens_1600.jsonl#RAG-nq-test1290:B	RIDI-RAG-NATURE-v2-PROSPECTIVE/C2/QWEN3-BM25-K10-RANDOM	0f7babda273f68e2095343f2fb33f2dca3c8720f95ed87ca3a0f47d1b337b063	NO_AUTHORITATIVE_REQUIREMENT_SPECIFIED	TRUE	Primary registered RAG reference/random pair; exact grade-vector equality verified structurally; endpoints hash-bound without comparing outputs; no authoritative source support-count rule specified.
RAG-nq-test1291	614ed5ba9c49b848f6932943f2e6a22d442580c21a03635d072911758c41e0b8	500b505b839ede0c12859d5cc0212decf9a477cba243f2c92f5dba8c8db7fed0	5bf3a0600f36f06636e175b30a3074b5a66acf5cba83d44998b4b5c2bee2229d	source_specimens_1600.jsonl#RAG-nq-test1291:A	b7843faec951d7d3a37728167864600d39490bc8e67fb9afa18450c556938391	9abeed57a9ef596eb700341cf14901e8dd56059b680879b82b9e7bd980e0df06	source_specimens_1600.jsonl#RAG-nq-test1291:B	RIDI-RAG-NATURE-v2-PROSPECTIVE/C2/QWEN3-BM25-K10-RANDOM	0f7babda273f68e2095343f2fb33f2dca3c8720f95ed87ca3a0f47d1b337b063	NO_AUTHORITATIVE_REQUIREMENT_SPECIFIED	TRUE	Primary registered RAG reference/random pair; exact grade-vector equality verified structurally; endpoints hash-bound without comparing outputs; no authoritative source support-count rule specified.
RAG-nq-test1292	50f881dc4e56c4aa609d421f53332f60deec49eec993504e81bb35a38816b893	07278904452b3caac65bec9ca6c9620507b52c18ebdd4a399a8395afd4d9dc73	4f000fdf2d92ae727ca5f337ee08147fdba74fbe1eb06eb6480b33d2da0500b7	source_specimens_1600.jsonl#RAG-nq-test1292:A	c531f4cfd5c152660415703e337191530e3a274d82d37860df0cef6f80c333fe	6110edabb6bf63ce739bf4d1cde8a3d698ae797981eced4eea3a2831afb9bd3a	source_specimens_1600.jsonl#RAG-nq-test1292:B	RIDI-RAG-NATURE-v2-PROSPECTIVE/C2/QWEN3-BM25-K10-RANDOM	0f7babda273f68e2095343f2fb33f2dca3c8720f95ed87ca3a0f47d1b337b063	NO_AUTHORITATIVE_REQUIREMENT_SPECIFIED	TRUE	Primary registered RAG reference/random pair; exact grade-vector equality verified structurally; endpoints hash-bound without comparing outputs; no authoritative source support-count rule specified.
RAG-nq-test1293	4b5904140a71baacf8ff16d84be6371bae87a74efff9ce35277bad960dd50892	2be058a2a22a0743b73471db67191284df94c1afb13bf2332342807323f07ca5	ca517ccd98a15b7d060a4dbdaaae78a2bafb6d8f70b94e26e9d0569dfc8d43c8	source_specimens_1600.jsonl#RAG-nq-test1293:A	77d3d25d115c9edf7792ff0b336f157ae9cd35a8db3eeadb9901b49d2c67a497	b8154140d59ec4316e044feb65b1bd7bfb6e14de6e1b683e174e53bc4ffeda80	source_specimens_1600.jsonl#RAG-nq-test1293:B	RIDI-RAG-NATURE-v2-PROSPECTIVE/C2/QWEN3-BM25-K10-RANDOM	0f7babda273f68e2095343f2fb33f2dca3c8720f95ed87ca3a0f47d1b337b063	NO_AUTHORITATIVE_REQUIREMENT_SPECIFIED	TRUE	Primary registered RAG reference/random pair; exact grade-vector equality verified structurally; endpoints hash-bound without comparing outputs; no authoritative source support-count rule specified.
RAG-nq-test1294	26ee2e4763b3544c5c59b1924ae5280eeb66e86f88c5351a541634a71e56e04a	313d898969b69b1fa59b4bd063607512901b6c8d1b62d17ac2d5859eab09e606	2f6d2f4168ec936268a64b85f53f51138e20b7c80530b45ce19020245a15e637	source_specimens_1600.jsonl#RAG-nq-test1294:A	4e2e9a5258e3516817705a93863f95323b96504f63b0bce65d938fe28f97fbb9	bf07f3184992089f5b2372cc6b4a42459d22c2c7398bdd2da0f11d933cfa355a	source_specimens_1600.jsonl#RAG-nq-test1294:B	RIDI-RAG-NATURE-v2-PROSPECTIVE/C2/QWEN3-BM25-K10-RANDOM	0f7babda273f68e2095343f2fb33f2dca3c8720f95ed87ca3a0f47d1b337b063	NO_AUTHORITATIVE_REQUIREMENT_SPECIFIED	TRUE	Primary registered RAG reference/random pair; exact grade-vector equality verified structurally; endpoints hash-bound without comparing outputs; no authoritative source support-count rule specified.
RAG-nq-test1295	f0630adb541d8c603166be42cf3d4f6c0b58db0bd0f6ad5beb022b03ce8a4594	e12dc98ba18f40ad5366b6b8f7c1cd591e06084033f456beb7c86e784c203fce	185e8b0c20fa1a2a7d6f9b1d169c1cf0b8904f93cad09c3c465b9219ec20f285	source_specimens_1600.jsonl#RAG-nq-test1295:A	fcdd276539394de2ebafa7dead0040586a0a3ec9396c3de9e8b2757d2cac0a25	3d899ea0f0b18d2857b301640eda156232a451b4cb8f99a205421fe24db713a8	source_specimens_1600.jsonl#RAG-nq-test1295:B	RIDI-RAG-NATURE-v2-PROSPECTIVE/C2/QWEN3-BM25-K10-RANDOM	0f7babda273f68e2095343f2fb33f2dca3c8720f95ed87ca3a0f47d1b337b063	NO_AUTHORITATIVE_REQUIREMENT_SPECIFIED	TRUE	Primary registered RAG reference/random pair; exact grade-vector equality verified structurally; endpoints hash-bound without comparing outputs; no authoritative source support-count rule specified.
RAG-nq-test1296	8efb54d383c6273fdf83955ac7a60a0509e0257ed44ca157646b175b3abf7ef3	392e5553dfdd098757625f27330197140df58760f05d55b0e97df0a982477567	2b5b4beb8a20de60842d3dcb81645231dbe28089878adafbd0a00000b2360182	source_specimens_1600.jsonl#RAG-nq-test1296:A	96fcacf78aa95eb35dc777f4cc419dfd3c47de761a652a7fb61bdff006ec15ce	9d7cb8c9a4ea76efbb9658adc0c56916373075404527fb73001f1866181a4b4e	source_specimens_1600.jsonl#RAG-nq-test1296:B	RIDI-RAG-NATURE-v2-PROSPECTIVE/C2/QWEN3-BM25-K10-RANDOM	0f7babda273f68e2095343f2fb33f2dca3c8720f95ed87ca3a0f47d1b337b063	NO_AUTHORITATIVE_REQUIREMENT_SPECIFIED	TRUE	Primary registered RAG reference/random pair; exact grade-vector equality verified structurally; endpoints hash-bound without comparing outputs; no authoritative source support-count rule specified.
RAG-nq-test1298	762df7cc262e59993bb0720771f1273a0a919759b5fee2935406259f67835b7c	ec20f8f85fc95615f5a79c9cb16ab88f41507af8c43dfd374e5206fe3fca31cf	273879453edc999d1d7c4559abef33740fd5368616d1bc27578b601e99b0f596	source_specimens_1600.jsonl#RAG-nq-test1298:A	fef055d4c17efe805f87a49caa9b9ae77d122fd22aa4adac088e7e36ceb341c0	e36a16fd83210d1ade75243a3bebdc0ef25540c4dce2a9ba7d0361d1e25f4475	source_specimens_1600.jsonl#RAG-nq-test1298:B	RIDI-RAG-NATURE-v2-PROSPECTIVE/C2/QWEN3-BM25-K10-RANDOM	0f7babda273f68e2095343f2fb33f2dca3c8720f95ed87ca3a0f47d1b337b063	NO_AUTHORITATIVE_REQUIREMENT_SPECIFIED	TRUE	Primary registered RAG reference/random pair; exact grade-vector equality verified structurally; endpoints hash-bound without comparing outputs; no authoritative source support-count rule specified.
RAG-nq-test1299	518ed6502e7983b0d1de711664a7c6c47653f35e1333a47f54428b77c226cc06	440f8cb4005c4e8de34a99ef23fcb1e8211177ca03965b75c0e4a8f2f3586934	5df0957e98d4a62fcbfc203a87d26aa901f6153e27777de2a9c981947ee8eec9	source_specimens_1600.jsonl#RAG-nq-test1299:A	daecdcc61622e54663a780bcfaed513b57f1538fae4b24b24034705e3446a7a0	6941feea3534b30e8f993408ebe7fae1603bf35cab161bd5459c80cbb02288c0	source_specimens_1600.jsonl#RAG-nq-test1299:B	RIDI-RAG-NATURE-v2-PROSPECTIVE/C2/QWEN3-BM25-K10-RANDOM	0f7babda273f68e2095343f2fb33f2dca3c8720f95ed87ca3a0f47d1b337b063	NO_AUTHORITATIVE_REQUIREMENT_SPECIFIED	TRUE	Primary registered RAG reference/random pair; exact grade-vector equality verified structurally; endpoints hash-bound without comparing outputs; no authoritative source support-count rule specified.
RAG-nq-test13	5c2b9ce8d91bd76758349b15cd2a82671a5954923d3cf0f48767d7b2d7aa6134	17d0b39f6e5ca8d7d35d2b728e0dd7ea9ee789ca22788e4ea7eabdd2862a89bb	2eaf9b9f99b88e5cc5f87412f494aeaa27ca7f2de30f1fc004ac2128dd0a94b7	source_specimens_1600.jsonl#RAG-nq-test13:A	0ee97a6e9cc1e2759d7a6c7d9220bcba9e622807487024b29eb9be219e849c02	0fb023c986196ba8925271ebc514f5cbabaef17b0cda964381bb8e55cbcc008e	source_specimens_1600.jsonl#RAG-nq-test13:B	RIDI-RAG-NATURE-v2-PROSPECTIVE/C2/QWEN3-BM25-K10-RANDOM	0f7babda273f68e2095343f2fb33f2dca3c8720f95ed87ca3a0f47d1b337b063	NO_AUTHORITATIVE_REQUIREMENT_SPECIFIED	TRUE	Primary registered RAG reference/random pair; exact grade-vector equality verified structurally; endpoints hash-bound without comparing outputs; no authoritative source support-count rule specified.
RAG-nq-test130	f6b1422d806e5e2f0a091b3a6c762b68eb813686bf521dc211940c24ff3e766d	68e2f7bddf9051e26ae585de495d0f382d6451dfb548d06d58500fc099534997	232b9bd00e92b5a2d8fe13dd3799c8a849659299026375c3a8bce5488b8e946d	source_specimens_1600.jsonl#RAG-nq-test130:A	e81a3e15d9fb971fae89db7e8966066f73b99bcae12cef6cba67134b4c40b74f	43d112e74aba608eb7804d15b8aa46c1c68b26d8bd7cb17f6fdd0d34f228ee74	source_specimens_1600.jsonl#RAG-nq-test130:B	RIDI-RAG-NATURE-v2-PROSPECTIVE/C2/QWEN3-BM25-K10-RANDOM	0f7babda273f68e2095343f2fb33f2dca3c8720f95ed87ca3a0f47d1b337b063	NO_AUTHORITATIVE_REQUIREMENT_SPECIFIED	TRUE	Primary registered RAG reference/random pair; exact grade-vector equality verified structurally; endpoints hash-bound without comparing outputs; no authoritative source support-count rule specified.
RAG-nq-test1300	d6df27ad6e7660d13051bee2721af6b59a32f58324c3262c66d63ee23b4d5037	81e6745b1df95c6282f7bc4b1b3ba70c3a8234ba2e5545465663631e3e8e2d6a	e8fa2cdb26906e7a526e3aad51c6c59cd02a3c18a328088648bd0cf31df15874	source_specimens_1600.jsonl#RAG-nq-test1300:A	a3d66f7e72f6f875a0bd25abeb35b208ddfbc06a313309782695c3a14b7c9ff0	0293f92f5b2273edfd7f3a407636bd7bb6540a488aa567c3ec9b3e22e46462b3	source_specimens_1600.jsonl#RAG-nq-test1300:B	RIDI-RAG-NATURE-v2-PROSPECTIVE/C2/QWEN3-BM25-K10-RANDOM	0f7babda273f68e2095343f2fb33f2dca3c8720f95ed87ca3a0f47d1b337b063	NO_AUTHORITATIVE_REQUIREMENT_SPECIFIED	TRUE	Primary registered RAG reference/random pair; exact grade-vector equality verified structurally; endpoints hash-bound without comparing outputs; no authoritative source support-count rule specified.
RAG-nq-test1301	156b0ea552a42333bd572b065e241cfb003920bd437d626f92766b63490c623a	a55a8bfb5d83ac9804bb3221f9310251f4439ef0a308f418318fedf7b8473d39	aede54dd8ace2e6b115742d751b0f63301712902ca562dfe00ebfc9691b4a49c	source_specimens_1600.jsonl#RAG-nq-test1301:A	70ccc7cf68ef3e27bf3462db980bf7122ffa51e0c9e3609f5f77dd880749c29a	30267c32cc49f75cfaac0a7d90cfb7f975d2ce694ec355fae99555e6b8b7b749	source_specimens_1600.jsonl#RAG-nq-test1301:B	RIDI-RAG-NATURE-v2-PROSPECTIVE/C2/QWEN3-BM25-K10-RANDOM	0f7babda273f68e2095343f2fb33f2dca3c8720f95ed87ca3a0f47d1b337b063	NO_AUTHORITATIVE_REQUIREMENT_SPECIFIED	TRUE	Primary registered RAG reference/random pair; exact grade-vector equality verified structurally; endpoints hash-bound without comparing outputs; no authoritative source support-count rule specified.
RAG-nq-test1303	b29b53bd982ee98dbb23da7642f6708720df7749d6e9965b54e367d254f908ec	b1fd8eb3d95925b01bb3aebb3192f48ac5fca1db2c7a8cf9ef2c0cd1428cfad2	4d83a10af1469173481e5b1bea8411575539fd795826393f661b8475cdb8829a	source_specimens_1600.jsonl#RAG-nq-test1303:A	8decadeb0d2e03954970e9a9b757235e9c592930057f34819794406e64e378e3	41d414eac562211ee4a5920af01325d4c6c3130a9b9dc1fb9bfe0b831843f25d	source_specimens_1600.jsonl#RAG-nq-test1303:B	RIDI-RAG-NATURE-v2-PROSPECTIVE/C2/QWEN3-BM25-K10-RANDOM	0f7babda273f68e2095343f2fb33f2dca3c8720f95ed87ca3a0f47d1b337b063	NO_AUTHORITATIVE_REQUIREMENT_SPECIFIED	TRUE	Primary registered RAG reference/random pair; exact grade-vector equality verified structurally; endpoints hash-bound without comparing outputs; no authoritative source support-count rule specified.
RAG-nq-test1304	56cb955a5d6efbfe0dc31a86fec78eb039a65cd4bb87e8515fe015b53676b72c	a8aa5220993a092245e3fefe2738b6d6105f6c5b02d98c9e57746e2adad1e184	a4395889bc3453c29443c4344dd9dea2a10db7fabf2a15972adf9f20a152909d	source_specimens_1600.jsonl#RAG-nq-test1304:A	02eadeb4aaca13e51c906472493b49c6215684f89c6a7c2e419ef74ae7882f91	93341fe29bc14146da71b606a3bab5bed8b06116c700430245cd84571635560a	source_specimens_1600.jsonl#RAG-nq-test1304:B	RIDI-RAG-NATURE-v2-PROSPECTIVE/C2/QWEN3-BM25-K10-RANDOM	0f7babda273f68e2095343f2fb33f2dca3c8720f95ed87ca3a0f47d1b337b063	NO_AUTHORITATIVE_REQUIREMENT_SPECIFIED	TRUE	Primary registered RAG reference/random pair; exact grade-vector equality verified structurally; endpoints hash-bound without comparing outputs; no authoritative source support-count rule specified.
RAG-nq-test1305	4b3b1884a82814df4136c91a46655a567b9d3bcc06302af9093bb64e2510c7cb	be724bd5f06761ca583c3a14af51c94f040c6e20d44e17efa0603a41937215c8	1070559ca85cdce72cf7fec6055bdac9fe91d49b4009bc869cdd536c7851f25e	source_specimens_1600.jsonl#RAG-nq-test1305:A	29e733172f00527d9c21ce347747c9c1febbfc5bc5eb854c2e2fe93ff53be6e7	d3dfd92d90eba0b7d76189d0960e5f2e82135cbe7d620a91012ef19b3d6de8eb	source_specimens_1600.jsonl#RAG-nq-test1305:B	RIDI-RAG-NATURE-v2-PROSPECTIVE/C2/QWEN3-BM25-K10-RANDOM	0f7babda273f68e2095343f2fb33f2dca3c8720f95ed87ca3a0f47d1b337b063	NO_AUTHORITATIVE_REQUIREMENT_SPECIFIED	TRUE	Primary registered RAG reference/random pair; exact grade-vector equality verified structurally; endpoints hash-bound without comparing outputs; no authoritative source support-count rule specified.
RAG-nq-test1307	d4b11cb5f4b112dadf387d2c5fb8e0f2192b2daae16466df2e36ecaeaffa3c73	4b3f11c7d73ca7c8861a7fd55944aec3b9dbb33b93c63b423139bee6349745f7	5884085eec40f9904d3887f6fe1b256e730bd528642e159081d110432dcfa95e	source_specimens_1600.jsonl#RAG-nq-test1307:A	f1a1967601f880015a326ca800118a635efc3d3d506e18cb111d9a95fb7f4d9f	2a1ea744fa916e5622321d82b50fd1e761316dfcdae9b5417553fa4fa83c23ff	source_specimens_1600.jsonl#RAG-nq-test1307:B	RIDI-RAG-NATURE-v2-PROSPECTIVE/C2/QWEN3-BM25-K10-RANDOM	0f7babda273f68e2095343f2fb33f2dca3c8720f95ed87ca3a0f47d1b337b063	NO_AUTHORITATIVE_REQUIREMENT_SPECIFIED	TRUE	Primary registered RAG reference/random pair; exact grade-vector equality verified structurally; endpoints hash-bound without comparing outputs; no authoritative source support-count rule specified.
RAG-nq-test1309	405ff0b6bbb737ddf108da0ed4c2560f10cb3f6df1fdd9418bd490ad3db8bd48	1d434eeb2364c7f4a1965416b7414dcdc41cead9d5daba789fcc3bbe39f91c6d	3f678bc27407a21ceb04a72e49108fc507aef29c229ff41342309acbd2cb9e0b	source_specimens_1600.jsonl#RAG-nq-test1309:A	00c83499f2e4554fa0b3b4a5f61535588f1aa13c825ea4c1a0a5deba202cd17c	fbb536aec35fddd9df9ab0ea455817ff75388536847715423d09fd78d73295c9	source_specimens_1600.jsonl#RAG-nq-test1309:B	RIDI-RAG-NATURE-v2-PROSPECTIVE/C2/QWEN3-BM25-K10-RANDOM	0f7babda273f68e2095343f2fb33f2dca3c8720f95ed87ca3a0f47d1b337b063	NO_AUTHORITATIVE_REQUIREMENT_SPECIFIED	TRUE	Primary registered RAG reference/random pair; exact grade-vector equality verified structurally; endpoints hash-bound without comparing outputs; no authoritative source support-count rule specified.
RAG-nq-test131	bc9d52c3079b41a658c293c67da29f6c0e11a76188dd05e3f117e0dd5be16cc8	80233441bd478f79a523db25b1f170256579d581ffacc295ab2f3f8d34a964b5	9df273c741c30778e427b1395a16a6497a3f65e99319c7379e53c7e81ddfd7b1	source_specimens_1600.jsonl#RAG-nq-test131:A	75b7b4c2ec4210647239e45757bdfa267e7dc3738a2fb668815a6eab37580467	a1b6628034828ca0fe1a4876c66828ba9fcf8323b9a361fc663182b4af0f5702	source_specimens_1600.jsonl#RAG-nq-test131:B	RIDI-RAG-NATURE-v2-PROSPECTIVE/C2/QWEN3-BM25-K10-RANDOM	0f7babda273f68e2095343f2fb33f2dca3c8720f95ed87ca3a0f47d1b337b063	NO_AUTHORITATIVE_REQUIREMENT_SPECIFIED	TRUE	Primary registered RAG reference/random pair; exact grade-vector equality verified structurally; endpoints hash-bound without comparing outputs; no authoritative source support-count rule specified.
RAG-nq-test1310	9dea4a8d99455b106dcfc8cc4b37a9f07a92a2b6072af1140ee7ed11dc3381c9	cb0bc27f903b8103f2236146360dc0bd893eb157f6b20191d83fb77d89139d8a	bf19c94025c7f7803f668bfeea611138a82c11b2c21fe984a158c9dca9ee209d	source_specimens_1600.jsonl#RAG-nq-test1310:A	4656a80b6b4e9ec1d6bb0e215a4416642cfcb742fabf4856dd841b8497336ac8	57a66a57a31384cf229f4bbae0f35e4d5081faa4ee8182bb0386023da8159515	source_specimens_1600.jsonl#RAG-nq-test1310:B	RIDI-RAG-NATURE-v2-PROSPECTIVE/C2/QWEN3-BM25-K10-RANDOM	0f7babda273f68e2095343f2fb33f2dca3c8720f95ed87ca3a0f47d1b337b063	NO_AUTHORITATIVE_REQUIREMENT_SPECIFIED	TRUE	Primary registered RAG reference/random pair; exact grade-vector equality verified structurally; endpoints hash-bound without comparing outputs; no authoritative source support-count rule specified.
RAG-nq-test1312	0428aee969109f486cf123b5c836e803b8c2c6cf20cbd2c4c5ccb2da52444f90	7553d8ab54e796fd5a82af2177164f78b14ed0e519dd9bb9158485d6658dff6a	1928f7302e68350b167de4918038975967afe61c8f4be3cd69cce5cb5afe8a63	source_specimens_1600.jsonl#RAG-nq-test1312:A	57d2515d1cc92fea09a1df67ca350dba57e9ff570f37960ea442d4bcdb28c31c	3ec9343a5f006705a83185d3131a9e67803aa9b7d7c34b536f5e04a20913b75b	source_specimens_1600.jsonl#RAG-nq-test1312:B	RIDI-RAG-NATURE-v2-PROSPECTIVE/C2/QWEN3-BM25-K10-RANDOM	0f7babda273f68e2095343f2fb33f2dca3c8720f95ed87ca3a0f47d1b337b063	NO_AUTHORITATIVE_REQUIREMENT_SPECIFIED	TRUE	Primary registered RAG reference/random pair; exact grade-vector equality verified structurally; endpoints hash-bound without comparing outputs; no authoritative source support-count rule specified.
RAG-nq-test1313	2cbe65bf62744f96cb3a239b32802ff3055847ed5fcb6bbc385e0838fddff9dd	6af5791ef133803cb170506e5e654b1283015804087dba7812ed536cb818fa27	0983ffe7205b555e21dbdefdbb2eae9c19aa2bc4664f48373884ece3fc9704ad	source_specimens_1600.jsonl#RAG-nq-test1313:A	23ab1a8865b209a68dc67b20f96c30f00833c598575c44e0e63dc7015789bc25	e6a6a882a379f5b4c3496f25d4567cd36dc3ec2cd51af03e8b2e5bdee2555b25	source_specimens_1600.jsonl#RAG-nq-test1313:B	RIDI-RAG-NATURE-v2-PROSPECTIVE/C2/QWEN3-BM25-K10-RANDOM	0f7babda273f68e2095343f2fb33f2dca3c8720f95ed87ca3a0f47d1b337b063	NO_AUTHORITATIVE_REQUIREMENT_SPECIFIED	TRUE	Primary registered RAG reference/random pair; exact grade-vector equality verified structurally; endpoints hash-bound without comparing outputs; no authoritative source support-count rule specified.
RAG-nq-test1314	c44562b23ad3704c61d056738caab05135f2aec343caa1af35b0e00ffc089511	f297cdfe657c11da801b7996e18f8c584efe88d47a068c574021f173d38d7b19	5500fb858e1f03ecaa69d70a2fbd9948b227933149df9ecfb11eab617a8cb037	source_specimens_1600.jsonl#RAG-nq-test1314:A	0fee93b08a5008bced63c8e07dbdb9950a27c1fd0e9f392a3911f2d9fe8bf939	2cd206bac1c6bf18c8bcaed93218078b479e0a5a091bbb3c2280f7c6409f249e	source_specimens_1600.jsonl#RAG-nq-test1314:B	RIDI-RAG-NATURE-v2-PROSPECTIVE/C2/QWEN3-BM25-K10-RANDOM	0f7babda273f68e2095343f2fb33f2dca3c8720f95ed87ca3a0f47d1b337b063	NO_AUTHORITATIVE_REQUIREMENT_SPECIFIED	TRUE	Primary registered RAG reference/random pair; exact grade-vector equality verified structurally; endpoints hash-bound without comparing outputs; no authoritative source support-count rule specified.
RAG-nq-test1315	4bd93de1ba82238bf1f47dd45b87df09e4849d9bfc4dbd843c32376245a251ff	99fcb11b06d397376a7863d8bd696641f68c16ae92b5499c11d038043aa14d47	76fa41756508df3d64dae8e628462c53d827136f73edb1c07bf8518d532909fd	source_specimens_1600.jsonl#RAG-nq-test1315:A	bcf1f83de09b2fb6cdc8267f95e13fdc661e5073c01c9c9a80bc84d91aa10f76	47be2e73cbb81e41b89ecf0f6d10d14c038c9d952d8a343b7ddc5be1803f0989	source_specimens_1600.jsonl#RAG-nq-test1315:B	RIDI-RAG-NATURE-v2-PROSPECTIVE/C2/QWEN3-BM25-K10-RANDOM	0f7babda273f68e2095343f2fb33f2dca3c8720f95ed87ca3a0f47d1b337b063	NO_AUTHORITATIVE_REQUIREMENT_SPECIFIED	TRUE	Primary registered RAG reference/random pair; exact grade-vector equality verified structurally; endpoints hash-bound without comparing outputs; no authoritative source support-count rule specified.
RAG-nq-test1317	25dc0a91f04717c67d096aeae919960b7c2fbab7ceb797d95f9961baacc1b600	4073bec658990bed52b994aae1fbc9ac111c49b1703e32c4271b8d04c685ec30	530daee36425bca06b9d11ba465f0a7e56e8c0a09efcf860cc1be0366c2fbe29	source_specimens_1600.jsonl#RAG-nq-test1317:A	e97791c6f14d808a06a498cfc8084830c84e62e84b5e401da38439fc3b93dd5b	ec5e5164d20b3b468e159dd673f6e537537c657e1bfbe1d100f1d58099e2485c	source_specimens_1600.jsonl#RAG-nq-test1317:B	RIDI-RAG-NATURE-v2-PROSPECTIVE/C2/QWEN3-BM25-K10-RANDOM	0f7babda273f68e2095343f2fb33f2dca3c8720f95ed87ca3a0f47d1b337b063	NO_AUTHORITATIVE_REQUIREMENT_SPECIFIED	TRUE	Primary registered RAG reference/random pair; exact grade-vector equality verified structurally; endpoints hash-bound without comparing outputs; no authoritative source support-count rule specified.
RAG-nq-test1319	2711b89f33a7049013d7acfff138c7bfd4949d3bf3d318db735e10b75b147c0d	fb8e8f0b80d7fe10e4f87c45901fc1e297a94a1ce05546829e70da719309598f	392920504d43b2ba820d2baa7021eb163b9c12786f544814ab3bdd2cc42f43dc	source_specimens_1600.jsonl#RAG-nq-test1319:A	37acc28ce2f458a3e848eb73596fa87549115e0914e0232e0f9a0a7099fb2a6e	e34edc5c8264f6cd8616b4abeaa9d0c07053204b921560f431fb434b8573cf89	source_specimens_1600.jsonl#RAG-nq-test1319:B	RIDI-RAG-NATURE-v2-PROSPECTIVE/C2/QWEN3-BM25-K10-RANDOM	0f7babda273f68e2095343f2fb33f2dca3c8720f95ed87ca3a0f47d1b337b063	NO_AUTHORITATIVE_REQUIREMENT_SPECIFIED	TRUE	Primary registered RAG reference/random pair; exact grade-vector equality verified structurally; endpoints hash-bound without comparing outputs; no authoritative source support-count rule specified.
RAG-nq-test132	d8c7ee6fd6c152e75636181fa92b17f5d997a5b437479ebfcc578a89057c28a5	35de3b7e3feb92c7a9a0403d7e0c127ac54da6802a68ae6e0cbcd6dc1c9b30a7	79d16eb0cdd3a9a111c4717e0bb4efbdae2d3110a7f5c03bd609671c79c72858	source_specimens_1600.jsonl#RAG-nq-test132:A	c889f3ee6cb00655ae221f53a875db10b24b2c0b019d274a6baf23525c5706f7	39f2c4681c95d98a63ac8b080a9f82cb55fb033bc3caf3ea4796972a3460cd09	source_specimens_1600.jsonl#RAG-nq-test132:B	RIDI-RAG-NATURE-v2-PROSPECTIVE/C2/QWEN3-BM25-K10-RANDOM	0f7babda273f68e2095343f2fb33f2dca3c8720f95ed87ca3a0f47d1b337b063	NO_AUTHORITATIVE_REQUIREMENT_SPECIFIED	TRUE	Primary registered RAG reference/random pair; exact grade-vector equality verified structurally; endpoints hash-bound without comparing outputs; no authoritative source support-count rule specified.
RAG-nq-test1320	faec4afc56f5c5ba3415a967e8cbc545bc182497d22bda4147395d64d05e41c3	a27c8d835d7d00d37662977c493d5132d8a64ee03178e13713cc508c0a5cbf71	3796efcd72629be85f92366a42a47d02706365560b07e8a4914e0de1282e5359	source_specimens_1600.jsonl#RAG-nq-test1320:A	5bf08eee66d3e626cb17a45170d13c6eac5a149f94a16c1205280b0a9303243e	739bdfce21e059241ef1dd6aad4e3615bb0192cd63089fcb9ccf5cf4703c17a1	source_specimens_1600.jsonl#RAG-nq-test1320:B	RIDI-RAG-NATURE-v2-PROSPECTIVE/C2/QWEN3-BM25-K10-RANDOM	0f7babda273f68e2095343f2fb33f2dca3c8720f95ed87ca3a0f47d1b337b063	NO_AUTHORITATIVE_REQUIREMENT_SPECIFIED	TRUE	Primary registered RAG reference/random pair; exact grade-vector equality verified structurally; endpoints hash-bound without comparing outputs; no authoritative source support-count rule specified.
RAG-nq-test1322	9ed489063270644fbc049c42f8bd2597bb292ca534d482d918c080c9263d7c69	dc31e0dbeb4dbe8c2c18d75c53b34a35099ad62ba13328467790c26292bbdb14	27accc114a0427d35e4c0528752cf2cdb72445adaedeabbff38589db78db08c5	source_specimens_1600.jsonl#RAG-nq-test1322:A	0a8c6b63b2f617eda1387c7abdf17327a4b458d71394329e10c0b99519cf6752	da36cfea70847bcb25dcac6a6e07f623a31853813b6fb9388c6ba87f893264f5	source_specimens_1600.jsonl#RAG-nq-test1322:B	RIDI-RAG-NATURE-v2-PROSPECTIVE/C2/QWEN3-BM25-K10-RANDOM	0f7babda273f68e2095343f2fb33f2dca3c8720f95ed87ca3a0f47d1b337b063	NO_AUTHORITATIVE_REQUIREMENT_SPECIFIED	TRUE	Primary registered RAG reference/random pair; exact grade-vector equality verified structurally; endpoints hash-bound without comparing outputs; no authoritative source support-count rule specified.
RAG-nq-test1324	729310cc7e0a2a809e99ac77dc4abc58fc782162ce33ee6415f337da3ba0bb08	fd46b70d65a71d86561a90f78a40e85300ca97885fdfebaa5b0b0fcf569d2310	9b0454f56b3ac49a99c9742a34b14b59a323aad48e91ba7ef96da989102b8668	source_specimens_1600.jsonl#RAG-nq-test1324:A	7a93ace28a38d841ec20cdc85febf10907c433668f57c1226a0f9fb681b00c1c	622f4d62fc14e0dd62a3c2e04207bccd82cb738d11e3082645d0a8cac48bd007	source_specimens_1600.jsonl#RAG-nq-test1324:B	RIDI-RAG-NATURE-v2-PROSPECTIVE/C2/QWEN3-BM25-K10-RANDOM	0f7babda273f68e2095343f2fb33f2dca3c8720f95ed87ca3a0f47d1b337b063	NO_AUTHORITATIVE_REQUIREMENT_SPECIFIED	TRUE	Primary registered RAG reference/random pair; exact grade-vector equality verified structurally; endpoints hash-bound without comparing outputs; no authoritative source support-count rule specified.
RAG-nq-test1325	562abc18fad1a11a2e2fdd7067b12d1e85df159753ece408b432f4667e84847b	4f6ef73539cfbb27caa206e813b31fc6c286d4543397252cc5f19cfa50e053b8	6ed28bc177051080ee0c53e6b771f48156a8ebc4914fecb793519a259cf5cbb1	source_specimens_1600.jsonl#RAG-nq-test1325:A	d355c8f97641aab33d75080f50c2873682cbb4bad5b9b95f35b6e3d0f5b5f0e0	e25488d2a789f3feca859ea3fb80b7198cd4193dfb0ee6aea3366f7e134938e6	source_specimens_1600.jsonl#RAG-nq-test1325:B	RIDI-RAG-NATURE-v2-PROSPECTIVE/C2/QWEN3-BM25-K10-RANDOM	0f7babda273f68e2095343f2fb33f2dca3c8720f95ed87ca3a0f47d1b337b063	NO_AUTHORITATIVE_REQUIREMENT_SPECIFIED	TRUE	Primary registered RAG reference/random pair; exact grade-vector equality verified structurally; endpoints hash-bound without comparing outputs; no authoritative source support-count rule specified.
RAG-nq-test1328	911aad487d047b933e707f6294d82ae469a10b0f68d3aadc469608d072a0aa0b	a7e5261579685218011433613fd85c5e134c497cc0b1a81e797ee08fd44e9aff	2f789078e390b4919bfa1b12f058f578be9b8fb44938c940a1555c536cdea51f	source_specimens_1600.jsonl#RAG-nq-test1328:A	8044eeade4d6c9538e1fb9ad0c2106f2cff303b0f30ea1b595ea306eca538383	3e6133129369b9a4ed9e0c6b6f8b8bde6dba665efed2c9f3ee546f4c9770cb18	source_specimens_1600.jsonl#RAG-nq-test1328:B	RIDI-RAG-NATURE-v2-PROSPECTIVE/C2/QWEN3-BM25-K10-RANDOM	0f7babda273f68e2095343f2fb33f2dca3c8720f95ed87ca3a0f47d1b337b063	NO_AUTHORITATIVE_REQUIREMENT_SPECIFIED	TRUE	Primary registered RAG reference/random pair; exact grade-vector equality verified structurally; endpoints hash-bound without comparing outputs; no authoritative source support-count rule specified.
RAG-nq-test133	694575960f71031a5dfc7583fcdc074e7faac26f161c8c4f2179b17911890a28	69c5aa000cc5eacb2b62e1d142c4817abe9f3ae7042ebc8baa3d70532ca98aa5	374477ae8615a41dfbc715c160df954bb4e94922ec3a4cfaaad89717ee4bad39	source_specimens_1600.jsonl#RAG-nq-test133:A	7899f86cebc2b5c1a139188ad04be50c2bec8a06cc5e7f9ce2ead9720d4d5166	167933eb0c82986522e648d32ad3f37e4e0422b9550f251b46429a4ebedcce00	source_specimens_1600.jsonl#RAG-nq-test133:B	RIDI-RAG-NATURE-v2-PROSPECTIVE/C2/QWEN3-BM25-K10-RANDOM	0f7babda273f68e2095343f2fb33f2dca3c8720f95ed87ca3a0f47d1b337b063	NO_AUTHORITATIVE_REQUIREMENT_SPECIFIED	TRUE	Primary registered RAG reference/random pair; exact grade-vector equality verified structurally; endpoints hash-bound without comparing outputs; no authoritative source support-count rule specified.
RAG-nq-test1331	088bf1134d6fde896d33dae0a372a86e3f5561482a99738d16e8b22462e86375	7034dd437484e03a871100fa4206bd8f4bc0213f71c5dbd64f82c9802611806d	801def0eab3acdbc98ada024932913e6987efd3e4af590f619a6a9c41e1e7d6f	source_specimens_1600.jsonl#RAG-nq-test1331:A	43ee85b876238a85d741a5120c175501ed9f8c7bb501d78dcd02caeedf65487e	2abc2bad4116452d61f13943a98ea792ccccba5dfe591451a6be938e9f19506e	source_specimens_1600.jsonl#RAG-nq-test1331:B	RIDI-RAG-NATURE-v2-PROSPECTIVE/C2/QWEN3-BM25-K10-RANDOM	0f7babda273f68e2095343f2fb33f2dca3c8720f95ed87ca3a0f47d1b337b063	NO_AUTHORITATIVE_REQUIREMENT_SPECIFIED	TRUE	Primary registered RAG reference/random pair; exact grade-vector equality verified structurally; endpoints hash-bound without comparing outputs; no authoritative source support-count rule specified.
RAG-nq-test1332	927a7f37f354901b22b1c87d22beaa41e27246ea6e0d25152ef702fdc4b759d1	a7ff0779ff3a51aaf160a993152dcf8e845d78b3545588abe58d9c345807fda6	936938c1905b632f398fbb3397c1c14d61a41e0bbe63a8c90e543785c602303e	source_specimens_1600.jsonl#RAG-nq-test1332:A	76a5441da6620523ed2203b9ea7db062946baf4f54a1f76849d24a17e879a7d0	8fa0e5c79bc544f646630649740922dd678b4e911b1d1a7f1b9557614b194f12	source_specimens_1600.jsonl#RAG-nq-test1332:B	RIDI-RAG-NATURE-v2-PROSPECTIVE/C2/QWEN3-BM25-K10-RANDOM	0f7babda273f68e2095343f2fb33f2dca3c8720f95ed87ca3a0f47d1b337b063	NO_AUTHORITATIVE_REQUIREMENT_SPECIFIED	TRUE	Primary registered RAG reference/random pair; exact grade-vector equality verified structurally; endpoints hash-bound without comparing outputs; no authoritative source support-count rule specified.
RAG-nq-test1335	b47f9e0b81d317d579a0b0afb42b4ca4dffcc31f52ac176c5839d18dce9b952b	6d7932a467d76df6a46c6dd7c38f2e5bbe57bb00248c0ab69b427ed49c649ff1	123ab42d89e0aee78b7b5a792aedbdde834d772063bb6acac079ed617c20a745	source_specimens_1600.jsonl#RAG-nq-test1335:A	686c567e0ac2f715be247e05267e1bda7003a353a3c72048292f6756165c572e	51f0765a5877f7bf81f4732e294fb57b9a1fd94f466c1f48745aacdb3f4d39c2	source_specimens_1600.jsonl#RAG-nq-test1335:B	RIDI-RAG-NATURE-v2-PROSPECTIVE/C2/QWEN3-BM25-K10-RANDOM	0f7babda273f68e2095343f2fb33f2dca3c8720f95ed87ca3a0f47d1b337b063	NO_AUTHORITATIVE_REQUIREMENT_SPECIFIED	TRUE	Primary registered RAG reference/random pair; exact grade-vector equality verified structurally; endpoints hash-bound without comparing outputs; no authoritative source support-count rule specified.
RAG-nq-test1336	dfbedf260563b87a4283728e2f765850c73ee40c385a643d0797546764065568	aad6de68521db64388923d3110a684b8b67077645642f0d1f3bb8a38cf884235	16377c0b5b9b311572e2f63b950eaa1a326e36aa0a7059160eda513fb266b985	source_specimens_1600.jsonl#RAG-nq-test1336:A	d95945a9ca85881bd67ac3d9d156b3412ea54cbc537a045af887b7ad924145d2	8fba57b88b3fc9af6fd7ca1f1cb454636630d8b610340b9ccebfc4dad7a0a37a	source_specimens_1600.jsonl#RAG-nq-test1336:B	RIDI-RAG-NATURE-v2-PROSPECTIVE/C2/QWEN3-BM25-K10-RANDOM	0f7babda273f68e2095343f2fb33f2dca3c8720f95ed87ca3a0f47d1b337b063	NO_AUTHORITATIVE_REQUIREMENT_SPECIFIED	TRUE	Primary registered RAG reference/random pair; exact grade-vector equality verified structurally; endpoints hash-bound without comparing outputs; no authoritative source support-count rule specified.
RAG-nq-test1337	0c9e4a4ff1f284911bc2f3d647207226e39f15bbaa7fbb6fdfbf572b045153e3	e4aa0791aac1e6855d2ad019c2ee6e604a481ae8b0d9433f999b8563ab83e0a7	da889b7fe2b7b2d282a8993abb2ad8b5999b49050c86d3d18034553fd0f14a61	source_specimens_1600.jsonl#RAG-nq-test1337:A	d9e147f1f4980236b2cd941e25cf9953047b6d306ac2a72b9f8da9c5b6c506a0	958766b1dda38ea1b67d8b09bb37931c9b3b9b3fb317a90792909f878f4616c8	source_specimens_1600.jsonl#RAG-nq-test1337:B	RIDI-RAG-NATURE-v2-PROSPECTIVE/C2/QWEN3-BM25-K10-RANDOM	0f7babda273f68e2095343f2fb33f2dca3c8720f95ed87ca3a0f47d1b337b063	NO_AUTHORITATIVE_REQUIREMENT_SPECIFIED	TRUE	Primary registered RAG reference/random pair; exact grade-vector equality verified structurally; endpoints hash-bound without comparing outputs; no authoritative source support-count rule specified.
RAG-nq-test134	d3c8c46b95b7ea2d80a59f23f45a90c7e39bbb8342140de9c998f2d04566015b	e02b32e3784b40e293cc409bf2012b996bf14bee4b6abfc495004457a7daf16e	18b35dd96eb8bc293ca5779c9702b0ed522983a08ebf37cdaa29fded8e7fe202	source_specimens_1600.jsonl#RAG-nq-test134:A	8aca523b35b685d8fc5c3cb4ce281e567601b5244a2264272b974ee863947d2f	f8438be4c743d367091fc1964b5e0d080049ab0711964830fe4217bd03b6e180	source_specimens_1600.jsonl#RAG-nq-test134:B	RIDI-RAG-NATURE-v2-PROSPECTIVE/C2/QWEN3-BM25-K10-RANDOM	0f7babda273f68e2095343f2fb33f2dca3c8720f95ed87ca3a0f47d1b337b063	NO_AUTHORITATIVE_REQUIREMENT_SPECIFIED	TRUE	Primary registered RAG reference/random pair; exact grade-vector equality verified structurally; endpoints hash-bound without comparing outputs; no authoritative source support-count rule specified.
RAG-nq-test1340	37f4922cb1293c77f0ee96499bd5caabab1324f537096aa93e3b96f71439fd8f	9e295c995d93b0bb63be33e3b1eb0e7a8b7c21b6d1d775992428ff9bc7152bb5	98e2c7bd3c4acadb738fb72b778935a34bf5c175ac08b53e80f4e8463e82a8e5	source_specimens_1600.jsonl#RAG-nq-test1340:A	24fc030b2dd6256ad50d7da9ec096a4dbb92d76d95e850a2ac67164c2a2714c7	f2bd1d04ec8fee57f5cf35c132639df55536df8e489faa4665d9bb12fd0759be	source_specimens_1600.jsonl#RAG-nq-test1340:B	RIDI-RAG-NATURE-v2-PROSPECTIVE/C2/QWEN3-BM25-K10-RANDOM	0f7babda273f68e2095343f2fb33f2dca3c8720f95ed87ca3a0f47d1b337b063	NO_AUTHORITATIVE_REQUIREMENT_SPECIFIED	TRUE	Primary registered RAG reference/random pair; exact grade-vector equality verified structurally; endpoints hash-bound without comparing outputs; no authoritative source support-count rule specified.
RAG-nq-test1341	3807364ef8156282a6375e7cfb1bfe4aa6f853872fb71c7cc03f6fdb3eaa9a32	a02617151cb10b06c664dd53c9a9d858ec24daca4126e1ee895429786cb8321d	e4bc54ef417d676ebc6fde48f09310a65d2ec61f5b7de55f3b2783b51b705651	source_specimens_1600.jsonl#RAG-nq-test1341:A	ea0ae1611fdc1e55f422ddc33ebce4b5dfedd44a298b3d460c36eda5bbdea85a	c49b98b0ed522eb1a1637760983982cfcc66681b763e99c15392ef8ffedd1766	source_specimens_1600.jsonl#RAG-nq-test1341:B	RIDI-RAG-NATURE-v2-PROSPECTIVE/C2/QWEN3-BM25-K10-RANDOM	0f7babda273f68e2095343f2fb33f2dca3c8720f95ed87ca3a0f47d1b337b063	NO_AUTHORITATIVE_REQUIREMENT_SPECIFIED	TRUE	Primary registered RAG reference/random pair; exact grade-vector equality verified structurally; endpoints hash-bound without comparing outputs; no authoritative source support-count rule specified.
RAG-nq-test1343	350b0190b1d73cecf942c7a9487181a986393a91c43af6e43696254b2948b862	e5c1d2cce6953d56a95f4819e5e7603b85e85393f7d76878087a6f943d35aac9	5d0dc1d3893944b35df368e4d45b7b8eed4d008233f00df797dfbcbfbb017a3f	source_specimens_1600.jsonl#RAG-nq-test1343:A	267933f32f209249d6dc9063b5bf598e044607d755cbc84497bfeb595e7872b9	d3ee04d2f793bb9244d2fc3b77b444422cda2003d93ee55066f462501c6f614b	source_specimens_1600.jsonl#RAG-nq-test1343:B	RIDI-RAG-NATURE-v2-PROSPECTIVE/C2/QWEN3-BM25-K10-RANDOM	0f7babda273f68e2095343f2fb33f2dca3c8720f95ed87ca3a0f47d1b337b063	NO_AUTHORITATIVE_REQUIREMENT_SPECIFIED	TRUE	Primary registered RAG reference/random pair; exact grade-vector equality verified structurally; endpoints hash-bound without comparing outputs; no authoritative source support-count rule specified.
RAG-scifact-1	7bafc87a402372c517e13d70726adc16faf3ecff499cd70877c046fad75b5dde	0ec9dc1a51a59f91e4d6d18314175a3337642d1f1b0cfbc7e2c5fa513d4c4b62	35238fe190c3170ca7d2df76de86c5d926b2a601ecf058ef093baf82448e372a	source_specimens_1600.jsonl#RAG-scifact-1:A	0aef14c9027cabbbdee50d1876dc702a140e97e0256f3c3ba002966101270b49	e1c5377023902e2cfad74bda5b5e4bcfa2485792de115ca562beb1816b96182e	source_specimens_1600.jsonl#RAG-scifact-1:B	RIDI-RAG-NATURE-v2-PROSPECTIVE/C2/QWEN3-BM25-K10-RANDOM	0f7babda273f68e2095343f2fb33f2dca3c8720f95ed87ca3a0f47d1b337b063	NO_AUTHORITATIVE_REQUIREMENT_SPECIFIED	TRUE	Primary registered RAG reference/random pair; exact grade-vector equality verified structurally; endpoints hash-bound without comparing outputs; no authoritative source support-count rule specified.
RAG-scifact-100	3b8df7f2cb3f32eb26f5882820907b3c528648f4793bb5c76ea383111847dc3f	db4e0c4c9a33bbf255f9f44b863c09a212e6548a8321ad735e230724547e541c	de93acaf85b4d44f416a7a2018a053fc48d9a94fff76d840e0915e8cf0497255	source_specimens_1600.jsonl#RAG-scifact-100:A	d90f563ffd30ac9846e9edd506f1bc65b247c020c881eceaad8059d3f60a98c6	8ed312d34ac78a5a812a55b6479163e45df4a5debafe5853bbefe720156b1fd4	source_specimens_1600.jsonl#RAG-scifact-100:B	RIDI-RAG-NATURE-v2-PROSPECTIVE/C2/QWEN3-BM25-K10-RANDOM	0f7babda273f68e2095343f2fb33f2dca3c8720f95ed87ca3a0f47d1b337b063	NO_AUTHORITATIVE_REQUIREMENT_SPECIFIED	TRUE	Primary registered RAG reference/random pair; exact grade-vector equality verified structurally; endpoints hash-bound without comparing outputs; no authoritative source support-count rule specified.
RAG-scifact-1012	023e3eec7809c198e1f4050fa46530bde7bbf646436a48766858bf9f44d12f1f	904825c013ed19c6059dd3f42916e0db68030c5fdf5abf27f0b2a1f18a67d3e7	f5b98bf31fd919c7976761da0e97d89ad584a42453f174b888cf925e2dd05016	source_specimens_1600.jsonl#RAG-scifact-1012:A	dc998fb9de6a5b9d3e3c8fb352c67c3780538acb92f34c56964de96093de2c5c	395d49162413b10a2c50bc8ff82e7fb74c9451abc79a9c16c4bfda6467838dd9	source_specimens_1600.jsonl#RAG-scifact-1012:B	RIDI-RAG-NATURE-v2-PROSPECTIVE/C2/QWEN3-BM25-K10-RANDOM	0f7babda273f68e2095343f2fb33f2dca3c8720f95ed87ca3a0f47d1b337b063	NO_AUTHORITATIVE_REQUIREMENT_SPECIFIED	TRUE	Primary registered RAG reference/random pair; exact grade-vector equality verified structurally; endpoints hash-bound without comparing outputs; no authoritative source support-count rule specified.
RAG-scifact-1014	4f23cd59943326bffe8ff8d2ee434a7d797a10f65ecbea20faba5755d3354459	0bb66b3d16faea195ef08e173e3e7c0eaa33aa8f4cd59cf041552240a1e6c18a	98ac3524a1cdb8bcce6fa7f11799fb53f39d2cc0ccbed6367b8e9de06991294a	source_specimens_1600.jsonl#RAG-scifact-1014:A	5e86dad14ecc9b420221fa221fcfc776bab281ac941a0fb3662e570ee01f9821	d38d4b78d69d10f59404b8f301f4f59b33289791901b59c5ed3f5a7742d93e58	source_specimens_1600.jsonl#RAG-scifact-1014:B	RIDI-RAG-NATURE-v2-PROSPECTIVE/C2/QWEN3-BM25-K10-RANDOM	0f7babda273f68e2095343f2fb33f2dca3c8720f95ed87ca3a0f47d1b337b063	NO_AUTHORITATIVE_REQUIREMENT_SPECIFIED	TRUE	Primary registered RAG reference/random pair; exact grade-vector equality verified structurally; endpoints hash-bound without comparing outputs; no authoritative source support-count rule specified.
RAG-scifact-1019	6a681e9126a4e16ff4bcea8a57a6873f35e9ad328c7494c5dda32a8583a7f723	c4358cfa26a622efab736da7b7a4c8bedbc35894dd2c843112c59fdf32d89dd5	d7c4f5522099288a03f83d8238b3c09bae97a3dc31b6abacd61962d7b6963660	source_specimens_1600.jsonl#RAG-scifact-1019:A	936c590445084af98e8ae5ae1af4329db57767dd47bb04bebe4f802bf07ec1e0	c0b0ece99602e231017ad7964da5f383054524946cfc98b33bf402d7aee6903d	source_specimens_1600.jsonl#RAG-scifact-1019:B	RIDI-RAG-NATURE-v2-PROSPECTIVE/C2/QWEN3-BM25-K10-RANDOM	0f7babda273f68e2095343f2fb33f2dca3c8720f95ed87ca3a0f47d1b337b063	NO_AUTHORITATIVE_REQUIREMENT_SPECIFIED	TRUE	Primary registered RAG reference/random pair; exact grade-vector equality verified structurally; endpoints hash-bound without comparing outputs; no authoritative source support-count rule specified.
RAG-scifact-1020	72c5b4bd12e1b695828a5f80595baae0167a4667d841234078c47db20b3c46e9	c8f3d84d2e2d2663ff78928aba10aac2bb2407f367ef6cdd2052c62b1e4a9122	c6c8ac7077d0948c536192ff88d51716764d67c407d6b89b41722064761ce45a	source_specimens_1600.jsonl#RAG-scifact-1020:A	1ac4a383ea81aad0e085a4ab59b9e7897cf0c75b4ef5f06bfdbaafd1252f2040	de6bfc0cbf577669ca437c847a0ffa408aaa40bbb3ec152109d80ffdad1bbc33	source_specimens_1600.jsonl#RAG-scifact-1020:B	RIDI-RAG-NATURE-v2-PROSPECTIVE/C2/QWEN3-BM25-K10-RANDOM	0f7babda273f68e2095343f2fb33f2dca3c8720f95ed87ca3a0f47d1b337b063	NO_AUTHORITATIVE_REQUIREMENT_SPECIFIED	TRUE	Primary registered RAG reference/random pair; exact grade-vector equality verified structurally; endpoints hash-bound without comparing outputs; no authoritative source support-count rule specified.
RAG-scifact-1021	9deb672157255e59c7378ac0f4fdcf23fce33332dfc34a9a27ddb87bf6cb8b23	5a544af4a3e6e87a909ffa028fca090c831a0f6813d1f771d986d2f22c35cf2f	6ea4e21a1bec1f112671703ac70c50d6c555df7b36692eb1d0fa7af44d9f236d	source_specimens_1600.jsonl#RAG-scifact-1021:A	62e0d5ec5d3ebde651ed56a12f338aedbd38ec619f89ace3c5be28451e26e572	245a3b0f67dde406a88d5e90e6f82531f598b238e5fcbcc5b481d41dc410c6c9	source_specimens_1600.jsonl#RAG-scifact-1021:B	RIDI-RAG-NATURE-v2-PROSPECTIVE/C2/QWEN3-BM25-K10-RANDOM	0f7babda273f68e2095343f2fb33f2dca3c8720f95ed87ca3a0f47d1b337b063	NO_AUTHORITATIVE_REQUIREMENT_SPECIFIED	TRUE	Primary registered RAG reference/random pair; exact grade-vector equality verified structurally; endpoints hash-bound without comparing outputs; no authoritative source support-count rule specified.
RAG-scifact-1024	5f25612238f3ed148e20967983ac82157ff16dc61bd080f2a0737d786d7b82fc	7e78176aefa48b0273f23167e84ee7fc9f92ab4f70587d7f348bd0951fb9f0da	bbcffebdf382eb37a3e4d2c05773de97a82e8e3f7ab4a9669515ed83001dafdb	source_specimens_1600.jsonl#RAG-scifact-1024:A	f356b1e7570b53264b72a55b8d70ed6a7bdee7612b19f2811aa54f195dc5fadd	c56f21dfb631ffcfbd841ea37f43fcbc17f51275f957164dacf13660ccbd940a	source_specimens_1600.jsonl#RAG-scifact-1024:B	RIDI-RAG-NATURE-v2-PROSPECTIVE/C2/QWEN3-BM25-K10-RANDOM	0f7babda273f68e2095343f2fb33f2dca3c8720f95ed87ca3a0f47d1b337b063	NO_AUTHORITATIVE_REQUIREMENT_SPECIFIED	TRUE	Primary registered RAG reference/random pair; exact grade-vector equality verified structurally; endpoints hash-bound without comparing outputs; no authoritative source support-count rule specified.
RAG-scifact-1029	0e56852230e45d9ef0d25ef3a086e9e15a1e8dd5147e2f491cf9ac6420784c14	8d302d2a50477ed121ea6a1409f2e83040593deafa347a41b3b5a73b0be3099d	25fb1941a1eea95db634c73000aab3ce1cf8dbea73ea140f9af9945d07e205e4	source_specimens_1600.jsonl#RAG-scifact-1029:A	c217af08135645fc30c5ad2d49dff8f9b7bc2ca76798a342d031113a5da54963	e7f69731936640e03f5f4556c4326b816fc981b804617dfd274c783795bb0f5f	source_specimens_1600.jsonl#RAG-scifact-1029:B	RIDI-RAG-NATURE-v2-PROSPECTIVE/C2/QWEN3-BM25-K10-RANDOM	0f7babda273f68e2095343f2fb33f2dca3c8720f95ed87ca3a0f47d1b337b063	NO_AUTHORITATIVE_REQUIREMENT_SPECIFIED	TRUE	Primary registered RAG reference/random pair; exact grade-vector equality verified structurally; endpoints hash-bound without comparing outputs; no authoritative source support-count rule specified.
RAG-scifact-1041	19767e6c722c801e7332e6ac508342245ebdc98a8be9bc3b40f53e568f9a22e4	d290bf2cced4848b4a23b0e9563e7ebfd0c352c7ad2e7d8a77ae6c31454a8534	bdb309b87e2159e7394bf42caec391f90b279a5237abe818dfc062ae91fa73dc	source_specimens_1600.jsonl#RAG-scifact-1041:A	927d8f3239521cd31cb3dce8195ab7a79bb8032168f0bc045505de840077b29c	5205867cb2cf7ee3503f3cd683afb4bb79ff8650757947a468c111aea43b956f	source_specimens_1600.jsonl#RAG-scifact-1041:B	RIDI-RAG-NATURE-v2-PROSPECTIVE/C2/QWEN3-BM25-K10-RANDOM	0f7babda273f68e2095343f2fb33f2dca3c8720f95ed87ca3a0f47d1b337b063	NO_AUTHORITATIVE_REQUIREMENT_SPECIFIED	TRUE	Primary registered RAG reference/random pair; exact grade-vector equality verified structurally; endpoints hash-bound without comparing outputs; no authoritative source support-count rule specified.
RAG-scifact-1049	f7d29301057d311b94160fd3e7c08057a0f3ff673356bf86bac0b58cbfc7b9a8	9df87618d920b055354ee0d606c08b3f7abcd22eab9c645e068fa8ef4eba0c1c	c1f02377eb57946d05f1387cb1babee322b9ce1cc638f20eece850229574f76d	source_specimens_1600.jsonl#RAG-scifact-1049:A	717d48c81228d9567ac4d0d0584f4b5ecdbf813b4cb19a9e2e4fd23bc83c1cb7	1bca360a94acc818b49a151ed40bc19670cd831136da4df483952b8b16515188	source_specimens_1600.jsonl#RAG-scifact-1049:B	RIDI-RAG-NATURE-v2-PROSPECTIVE/C2/QWEN3-BM25-K10-RANDOM	0f7babda273f68e2095343f2fb33f2dca3c8720f95ed87ca3a0f47d1b337b063	NO_AUTHORITATIVE_REQUIREMENT_SPECIFIED	TRUE	Primary registered RAG reference/random pair; exact grade-vector equality verified structurally; endpoints hash-bound without comparing outputs; no authoritative source support-count rule specified.
RAG-scifact-1062	84460d9d484b0419c10d258ffff4bfbbb867b81b27ab51d31704e059cc8158fa	84067259364e9895903f0b2aed0c8384c555537333a5a3fb354b644805bd8bed	0f882349178ff659ef7f568bb1c4b492f73eacc1050f49b8b6dc2b4c2fb2018b	source_specimens_1600.jsonl#RAG-scifact-1062:A	4cf42106389aece56614afc148ca31f33b2dca6ba3a030bf8efa564853537691	cb36f7726c1c1c9b1d820d77c66522063c05bfd7bfacc3320fd6fada2e732d65	source_specimens_1600.jsonl#RAG-scifact-1062:B	RIDI-RAG-NATURE-v2-PROSPECTIVE/C2/QWEN3-BM25-K10-RANDOM	0f7babda273f68e2095343f2fb33f2dca3c8720f95ed87ca3a0f47d1b337b063	NO_AUTHORITATIVE_REQUIREMENT_SPECIFIED	TRUE	Primary registered RAG reference/random pair; exact grade-vector equality verified structurally; endpoints hash-bound without comparing outputs; no authoritative source support-count rule specified.
RAG-scifact-1086	f80eb48d7a654f36dec86cff3f1be41ead0640faa53e44eeacaf86d87f2859f9	e57c959f604134a2bb3516c2d0b821e10cad1a5601f4b05e2672065336f46a4f	72c2db3eddc66fe19f1b8bb0daefc8262cec8a616b296a983360624abb42f692	source_specimens_1600.jsonl#RAG-scifact-1086:A	64d03f38175b7b8c6a4828537a7f79b5593386eacf51f2252e690fa335c52b2d	76465c6f9058ff6215758dce9ae056fdefb9a384744304b68df62d8e62cad249	source_specimens_1600.jsonl#RAG-scifact-1086:B	RIDI-RAG-NATURE-v2-PROSPECTIVE/C2/QWEN3-BM25-K10-RANDOM	0f7babda273f68e2095343f2fb33f2dca3c8720f95ed87ca3a0f47d1b337b063	NO_AUTHORITATIVE_REQUIREMENT_SPECIFIED	TRUE	Primary registered RAG reference/random pair; exact grade-vector equality verified structurally; endpoints hash-bound without comparing outputs; no authoritative source support-count rule specified.
RAG-scifact-1088	092f827a2155cff7b083d6eca63728a155270fd7ef6ef70ef48199c14477c63b	b5aef4333c27494b24caeda100de56a0b2e1340c3bcc11542d591c83d2f0ae80	456f4278ee20582e7fde506884a053b62f6e502e3824289bdcc4b6ea54bf265f	source_specimens_1600.jsonl#RAG-scifact-1088:A	adca4cffa325f6729fefa8a8a249d509497d276cc788b60d1071e1a8c6d4ed99	87de127bd1f8736f85bebd888a520072446bdfc5001df6cf4ac616b1136427c1	source_specimens_1600.jsonl#RAG-scifact-1088:B	RIDI-RAG-NATURE-v2-PROSPECTIVE/C2/QWEN3-BM25-K10-RANDOM	0f7babda273f68e2095343f2fb33f2dca3c8720f95ed87ca3a0f47d1b337b063	NO_AUTHORITATIVE_REQUIREMENT_SPECIFIED	TRUE	Primary registered RAG reference/random pair; exact grade-vector equality verified structurally; endpoints hash-bound without comparing outputs; no authoritative source support-count rule specified.
RAG-scifact-1089	80215b9826dbfe84d2878cb6daa0e7c14bcd70bf1df6f962ae2769544b0fa81c	d394b1e1156b33cbf113eac00fbdd9da39cec23524a340f05777209d669ba0f9	a108d28ab67272c8ab580ffa1a5b8f6f4f20b0eb5d007fe658fff641dfd24369	source_specimens_1600.jsonl#RAG-scifact-1089:A	0947138b737c6f157386e6d3851b3d2228e15e0f09a9239703858454f12733df	e583ae7dd8abd25b22b4e5afe7cc5b72302c4a42486e39991b0ac242eab78c6b	source_specimens_1600.jsonl#RAG-scifact-1089:B	RIDI-RAG-NATURE-v2-PROSPECTIVE/C2/QWEN3-BM25-K10-RANDOM	0f7babda273f68e2095343f2fb33f2dca3c8720f95ed87ca3a0f47d1b337b063	NO_AUTHORITATIVE_REQUIREMENT_SPECIFIED	TRUE	Primary registered RAG reference/random pair; exact grade-vector equality verified structurally; endpoints hash-bound without comparing outputs; no authoritative source support-count rule specified.
RAG-scifact-1099	1de6c2ad05fdfe810e5b374a02ae1b3a1bcfdc12a04fff4d21c4ecfa2ff8c13c	b2f50bfb3b48766ac1f803c0fc43a8d03b05d667fbee8625d67fde1448298ff8	15836d0ac54ffbb07b835ddf888d00d49c680fd405a1c03db802d48e184d5b8f	source_specimens_1600.jsonl#RAG-scifact-1099:A	40db45f8d0e95a47d6cade9e613b8bdf78cfe0d1c26d91bae57d52527db88a1f	b9e1660e26030741f4045523cd787d15072f83984af66b482517611f942fa3e2	source_specimens_1600.jsonl#RAG-scifact-1099:B	RIDI-RAG-NATURE-v2-PROSPECTIVE/C2/QWEN3-BM25-K10-RANDOM	0f7babda273f68e2095343f2fb33f2dca3c8720f95ed87ca3a0f47d1b337b063	NO_AUTHORITATIVE_REQUIREMENT_SPECIFIED	TRUE	Primary registered RAG reference/random pair; exact grade-vector equality verified structurally; endpoints hash-bound without comparing outputs; no authoritative source support-count rule specified.
RAG-scifact-1100	9968ef7010e0ea9dafb24e6999b8357f7caba6156519fb054317db3973be1d1e	d2bfb00ca4068385dba0dc40cd73300fc8eca0bd0bbb1c0e0ac9aaa7a82ccd41	c5a076367321335a86951af58ae1ee5cdc426cb0c8461b531b26a8780aca7bc9	source_specimens_1600.jsonl#RAG-scifact-1100:A	59cf36d136d99c0e99459a7acf62a070b1691404296b942328443a4431ffbe95	94b094affa9174d89e498c4973568f452f124ec8d7b239936c892d47de203c8e	source_specimens_1600.jsonl#RAG-scifact-1100:B	RIDI-RAG-NATURE-v2-PROSPECTIVE/C2/QWEN3-BM25-K10-RANDOM	0f7babda273f68e2095343f2fb33f2dca3c8720f95ed87ca3a0f47d1b337b063	NO_AUTHORITATIVE_REQUIREMENT_SPECIFIED	TRUE	Primary registered RAG reference/random pair; exact grade-vector equality verified structurally; endpoints hash-bound without comparing outputs; no authoritative source support-count rule specified.
RAG-scifact-1104	a9ef3f9b69626de20c503a57be4e3615d86406e1d75281a63049a1d33cc04b00	2f2919ce6e4264e51a156511a36073bb42054f771824617b32b1b5844e7baedc	3f24b08e2b1fd2464cc7e33b0b9042e8f41a7591a60709ad6fe4e30426686544	source_specimens_1600.jsonl#RAG-scifact-1104:A	38528540854d03a78d7723716670f6f28198708864d1e49997a1398a5ea3aafb	a1bd0d4cfeb1e915a0bc4e1cfc7aa24e93f4285d022cb911757610ad1bc72c47	source_specimens_1600.jsonl#RAG-scifact-1104:B	RIDI-RAG-NATURE-v2-PROSPECTIVE/C2/QWEN3-BM25-K10-RANDOM	0f7babda273f68e2095343f2fb33f2dca3c8720f95ed87ca3a0f47d1b337b063	NO_AUTHORITATIVE_REQUIREMENT_SPECIFIED	TRUE	Primary registered RAG reference/random pair; exact grade-vector equality verified structurally; endpoints hash-bound without comparing outputs; no authoritative source support-count rule specified.
RAG-scifact-1107	c68d29c501f3d91e19f9c60480003bad6ae5f9a0cbc5495e1870d770e84dcb70	3cef4fe9f41ec71a21dfef200e63b09542c2a5af952c05c6bc12e1de5a5fdf06	a9bbf7a7b5756831c4725c048747710c129d8fd0172b88c87bb73e5507c4ec7d	source_specimens_1600.jsonl#RAG-scifact-1107:A	a83e1ed4dd3fc5d7ba0626af9d1ced34ddcbedfb4894a7a4d50570552b3e6de2	055ffa32916788a6346605c2faf0447c2907386b61a8ab1a679b75f78df355df	source_specimens_1600.jsonl#RAG-scifact-1107:B	RIDI-RAG-NATURE-v2-PROSPECTIVE/C2/QWEN3-BM25-K10-RANDOM	0f7babda273f68e2095343f2fb33f2dca3c8720f95ed87ca3a0f47d1b337b063	NO_AUTHORITATIVE_REQUIREMENT_SPECIFIED	TRUE	Primary registered RAG reference/random pair; exact grade-vector equality verified structurally; endpoints hash-bound without comparing outputs; no authoritative source support-count rule specified.
RAG-scifact-1110	70f3b223cf73f2e7a15f7c53fdbfd3e1b6a7726f5edc422daa15143b5e3c9a44	4ebc1736beec24b682f26b94701a4834284aa10c3165d4d01cb955d90cfd9e41	57de345eee2bfe91756982fefa57bf0aaae8643a8821c1417ba0e279bb9b4c0f	source_specimens_1600.jsonl#RAG-scifact-1110:A	a5e27f3959316e1ac4d2107ba474c4ba8fbcdb1060d6a6b500c94942d650936e	9aaecafc868f906e07d7907ab14754314dc6125955fbaaa92fc50672705dbe8d	source_specimens_1600.jsonl#RAG-scifact-1110:B	RIDI-RAG-NATURE-v2-PROSPECTIVE/C2/QWEN3-BM25-K10-RANDOM	0f7babda273f68e2095343f2fb33f2dca3c8720f95ed87ca3a0f47d1b337b063	NO_AUTHORITATIVE_REQUIREMENT_SPECIFIED	TRUE	Primary registered RAG reference/random pair; exact grade-vector equality verified structurally; endpoints hash-bound without comparing outputs; no authoritative source support-count rule specified.
RAG-scifact-1121	0dcb84c0765941dec183b3054dbc2619e2190034f349fca639715498c24ef7eb	6ef89caf41e1df96d22304b5343e08128ec49243c306413da928c4008d4a75f1	b206ec81dbeef9cc5751c1e41a8322fa5f238bc357f064954f40b5fd65b688fa	source_specimens_1600.jsonl#RAG-scifact-1121:A	758017c4af8faaeb86b747c221c47450d2288d4f9f8dac9945568d43d8ee5497	dd56f3ceb6611cdc7c8262366bda0250d6a6119de4af0c1ad77808228c7bd5d2	source_specimens_1600.jsonl#RAG-scifact-1121:B	RIDI-RAG-NATURE-v2-PROSPECTIVE/C2/QWEN3-BM25-K10-RANDOM	0f7babda273f68e2095343f2fb33f2dca3c8720f95ed87ca3a0f47d1b337b063	NO_AUTHORITATIVE_REQUIREMENT_SPECIFIED	TRUE	Primary registered RAG reference/random pair; exact grade-vector equality verified structurally; endpoints hash-bound without comparing outputs; no authoritative source support-count rule specified.
RAG-scifact-113	05ab544fc67ac86ea8dd90d1386d62ac079a09597cd782e53d525b68ca0f5408	5b78e752a649b3506fb6114413126238494764df2035a686013c95af14b6728c	3b6deea915b420e23dc3cc8b134aba58dfc59194b3126beca3b68a003b056861	source_specimens_1600.jsonl#RAG-scifact-113:A	2eb907394fd9ce6b7943753c5fbbb2c7243c10cf0f5ce20e000777f5c4fea7fb	c9b51d863b4fe83b8f2fa5ca26d4430c430b85bb9c21c3f8e33c5cac21292f4b	source_specimens_1600.jsonl#RAG-scifact-113:B	RIDI-RAG-NATURE-v2-PROSPECTIVE/C2/QWEN3-BM25-K10-RANDOM	0f7babda273f68e2095343f2fb33f2dca3c8720f95ed87ca3a0f47d1b337b063	NO_AUTHORITATIVE_REQUIREMENT_SPECIFIED	TRUE	Primary registered RAG reference/random pair; exact grade-vector equality verified structurally; endpoints hash-bound without comparing outputs; no authoritative source support-count rule specified.
RAG-scifact-1130	ee97d401f29d58e53f4ef3b0791af5b3f74c49f7e9724a637bf291b7b77461fa	02f4d8912e82a3e2812489e1ff564fc42cb971bb1b2eb574f00824e7758997f9	8b9086c58aed845b2db8f804a6a0a42f4468319ee8b8791e04a66d8e5d05cb71	source_specimens_1600.jsonl#RAG-scifact-1130:A	cc2305e7530a99c53fac02345cf0e1245d3f302cabfe53d0ebc88f44a40e653e	da867017b9d1cac8c9db8552a82b146040249bd87a9687f3b9bc7015fbd019f2	source_specimens_1600.jsonl#RAG-scifact-1130:B	RIDI-RAG-NATURE-v2-PROSPECTIVE/C2/QWEN3-BM25-K10-RANDOM	0f7babda273f68e2095343f2fb33f2dca3c8720f95ed87ca3a0f47d1b337b063	NO_AUTHORITATIVE_REQUIREMENT_SPECIFIED	TRUE	Primary registered RAG reference/random pair; exact grade-vector equality verified structurally; endpoints hash-bound without comparing outputs; no authoritative source support-count rule specified.
RAG-scifact-1132	cfe64590c9b6cc8f03471de389643e31fc2657782196b4a7344cc7a7ba192d80	fdd8c8d9cab9b752d25f51940b86f2d6a0fb3081b672562b4d85f24ec210bb51	eab5705e063184135c02051cb8bd92b1bc82221accdb4d7b1dc460e495959461	source_specimens_1600.jsonl#RAG-scifact-1132:A	f25938bb637baafe25d8763966eb012f8a6b3b6667a892662ecf2c9aca218d38	96d804dbefc73fd8c6fd4197bf47f58201c428c2b00755a85fca0e46971e3b17	source_specimens_1600.jsonl#RAG-scifact-1132:B	RIDI-RAG-NATURE-v2-PROSPECTIVE/C2/QWEN3-BM25-K10-RANDOM	0f7babda273f68e2095343f2fb33f2dca3c8720f95ed87ca3a0f47d1b337b063	NO_AUTHORITATIVE_REQUIREMENT_SPECIFIED	TRUE	Primary registered RAG reference/random pair; exact grade-vector equality verified structurally; endpoints hash-bound without comparing outputs; no authoritative source support-count rule specified.
RAG-scifact-1137	e8343a666decc9a7be7dbe67e00b2674e49f7adb3d35ef49e2b99bad5afb41fc	85695da8a16cdd6f3a795009a129db8ef3c3cb8ef0245b1a318d815c3844b8b2	73a3abc3aea3bd55a14521b42104df1e48a873963db3692466f8edc272feffb4	source_specimens_1600.jsonl#RAG-scifact-1137:A	7f89b7c1dbf41212b2b5074cca7c5ed2250f5cff2056dcb1dcf7089ef6a18e84	a419a92eb269c7d650fd00a8ed8c6caf81986dc5113b1c8632975504893f7f2f	source_specimens_1600.jsonl#RAG-scifact-1137:B	RIDI-RAG-NATURE-v2-PROSPECTIVE/C2/QWEN3-BM25-K10-RANDOM	0f7babda273f68e2095343f2fb33f2dca3c8720f95ed87ca3a0f47d1b337b063	NO_AUTHORITATIVE_REQUIREMENT_SPECIFIED	TRUE	Primary registered RAG reference/random pair; exact grade-vector equality verified structurally; endpoints hash-bound without comparing outputs; no authoritative source support-count rule specified.
RAG-scifact-1140	b7193d0244df08a0da736afd86f9e5f907ecf5a95a60205a6e410c373fb6a20a	8059d39aef64f338869a0280175192dfd554ab6e668bfc8e88f210f78d44a2ea	934db195107e29d09e90507e8fd4430cc35556ab41eae264d4ae92dfad568095	source_specimens_1600.jsonl#RAG-scifact-1140:A	2eb5c52ce8030ccc46c73bf1c9b24ad0029d8758a05e2f57f9c4e95814961ccf	8d64cdcad4f0b258fe51eff6be39b5be313d780f12c6d642a16448a8dca6bb9a	source_specimens_1600.jsonl#RAG-scifact-1140:B	RIDI-RAG-NATURE-v2-PROSPECTIVE/C2/QWEN3-BM25-K10-RANDOM	0f7babda273f68e2095343f2fb33f2dca3c8720f95ed87ca3a0f47d1b337b063	NO_AUTHORITATIVE_REQUIREMENT_SPECIFIED	TRUE	Primary registered RAG reference/random pair; exact grade-vector equality verified structurally; endpoints hash-bound without comparing outputs; no authoritative source support-count rule specified.
RAG-scifact-1144	0228f134f9d6a0bf3f71bf9c1625ad891508abb9d21ea427172b3e1bda9ef217	2b6536e242fdf249a9bea2f113ee12d2895a2bced7e7629fab74ae1ffb14c033	28cf728e0db0dff1c092809418a288000d4c5686ab34e5ae16c5b8ba641dea70	source_specimens_1600.jsonl#RAG-scifact-1144:A	6a91229d32250ae0e06bcda18f0a30c9bd4acdbd18e147803cf5d6899889f033	e80f06d1eff2b108aa83470e474e4f9ff49eca8b26365139067d1a8ce4984957	source_specimens_1600.jsonl#RAG-scifact-1144:B	RIDI-RAG-NATURE-v2-PROSPECTIVE/C2/QWEN3-BM25-K10-RANDOM	0f7babda273f68e2095343f2fb33f2dca3c8720f95ed87ca3a0f47d1b337b063	NO_AUTHORITATIVE_REQUIREMENT_SPECIFIED	TRUE	Primary registered RAG reference/random pair; exact grade-vector equality verified structurally; endpoints hash-bound without comparing outputs; no authoritative source support-count rule specified.
RAG-scifact-1146	85c83bdaa4284598ff2b073d85ddda359cad98af872663e7c637fdf9a0406a8e	c4f5084e2b9a94e97facdd29c730b8eda3f0993331f852690c4ab1d30b93c6b9	bde1bb940cf3bda80490541823718def22af1790d7977ee1fd8c7dba2cea8eb2	source_specimens_1600.jsonl#RAG-scifact-1146:A	1910ba84c8c8ea676b11db744d4d328ab137a77c1c5838b2f7631a7242efda39	55ad36ccdb82dd42c9d3406e47f0ddaed976ee72ce263e40a7ffab355f067b0c	source_specimens_1600.jsonl#RAG-scifact-1146:B	RIDI-RAG-NATURE-v2-PROSPECTIVE/C2/QWEN3-BM25-K10-RANDOM	0f7babda273f68e2095343f2fb33f2dca3c8720f95ed87ca3a0f47d1b337b063	NO_AUTHORITATIVE_REQUIREMENT_SPECIFIED	TRUE	Primary registered RAG reference/random pair; exact grade-vector equality verified structurally; endpoints hash-bound without comparing outputs; no authoritative source support-count rule specified.
RAG-scifact-115	fbe88e436a88277ddc81ce94ab1c49e75883f065e8007e43787acea4e15e0c42	e58125f34b910c8fc05c819839f6b644d3d795c2bab6e28fbc21672f3c3a8cee	498579bd12c66f6c84fc75f83cc6e68daf57d753e86b63431a1e79606f13ab56	source_specimens_1600.jsonl#RAG-scifact-115:A	6cc601ee2c9d0f9fa8b2989cbf9d7cd7e6e89655b8bb6f93ec61b22209023074	54ba432f03e11bc00b69de01e021e34a42aa1aa612ad077756ba7ed26bd75935	source_specimens_1600.jsonl#RAG-scifact-115:B	RIDI-RAG-NATURE-v2-PROSPECTIVE/C2/QWEN3-BM25-K10-RANDOM	0f7babda273f68e2095343f2fb33f2dca3c8720f95ed87ca3a0f47d1b337b063	NO_AUTHORITATIVE_REQUIREMENT_SPECIFIED	TRUE	Primary registered RAG reference/random pair; exact grade-vector equality verified structurally; endpoints hash-bound without comparing outputs; no authoritative source support-count rule specified.
RAG-scifact-1150	bcb120ae2456f17cff9abc9811506dc0eef3abad62a85c717c2a937f5e02030f	5aabaa90b5524ee05477de4a7ba3ab041443fe88b0963c8e889084b615e639c2	8ae8a7e507fb8c4b1850b206cb30f709f26028dab416a9a1f601afca4c7e64fb	source_specimens_1600.jsonl#RAG-scifact-1150:A	cb0e45aab93655845ff40d44aae4ae737b19fc59c389bdc1b62e7d36ff1e5e3d	8f427461b7be2c081365e727d094e3366f599fe14daacd09f62db7d8e107bb1b	source_specimens_1600.jsonl#RAG-scifact-1150:B	RIDI-RAG-NATURE-v2-PROSPECTIVE/C2/QWEN3-BM25-K10-RANDOM	0f7babda273f68e2095343f2fb33f2dca3c8720f95ed87ca3a0f47d1b337b063	NO_AUTHORITATIVE_REQUIREMENT_SPECIFIED	TRUE	Primary registered RAG reference/random pair; exact grade-vector equality verified structurally; endpoints hash-bound without comparing outputs; no authoritative source support-count rule specified.
RAG-scifact-1163	933a4790e21239980372c5a6b938333863c030d530b79095e17655d7b6e25b89	24a201dfe814a2e5fd267fc8c4a82b245ec58226aa906c99abb80fe2e72c64d5	0537806235ed2cf1c3c543bb3ce0871990183acb7927f3f9afca7fc7755bb68c	source_specimens_1600.jsonl#RAG-scifact-1163:A	bc336a521a3e723819c2b18313ab1b699a5782e4c2762b35177d232329680fb3	66cb5be5dda9fab6e2333fb3c8407b899336706958552350d700282c1d379648	source_specimens_1600.jsonl#RAG-scifact-1163:B	RIDI-RAG-NATURE-v2-PROSPECTIVE/C2/QWEN3-BM25-K10-RANDOM	0f7babda273f68e2095343f2fb33f2dca3c8720f95ed87ca3a0f47d1b337b063	NO_AUTHORITATIVE_REQUIREMENT_SPECIFIED	TRUE	Primary registered RAG reference/random pair; exact grade-vector equality verified structurally; endpoints hash-bound without comparing outputs; no authoritative source support-count rule specified.
RAG-scifact-1175	aa49149e2e4e1edf8b221e22bb22fc982f1440a87b64726f4e30d18421a0df15	377e6ea71386c70006ce43fd9aad28df7c405e8c11d9285dc4d6d3a50b7ff343	75650c74a4715231ffcfce67f9f3d7f1ab209badcbf03688727f7159ce1404dc	source_specimens_1600.jsonl#RAG-scifact-1175:A	48072c5545b233a087e4e12717762c7171732ecaa4ab445851dae77e2e7be0e0	85c535fdbbbc1fc7dd371ff44cfc23102afa046e1ea8edf73d617f8ead69ef5f	source_specimens_1600.jsonl#RAG-scifact-1175:B	RIDI-RAG-NATURE-v2-PROSPECTIVE/C2/QWEN3-BM25-K10-RANDOM	0f7babda273f68e2095343f2fb33f2dca3c8720f95ed87ca3a0f47d1b337b063	NO_AUTHORITATIVE_REQUIREMENT_SPECIFIED	TRUE	Primary registered RAG reference/random pair; exact grade-vector equality verified structurally; endpoints hash-bound without comparing outputs; no authoritative source support-count rule specified.
RAG-scifact-1179	f77ffb2e7a90bc3d664c7bdff77e876f5f50e48813a76ac5198664ddc02d07e4	2097184fd7bc94a2b8e0e851e5d2b158344c7ec0c9325d9c9d9f40ed4c5c0db5	ff9c841cc55bb3e9f9ef1b46be165fa11f03567a05fcde4537c8d6b68ea912ee	source_specimens_1600.jsonl#RAG-scifact-1179:A	cd230020c3a2550a2bfe7c3fee101c3fef6076df331532d086e2e7161b9e527d	a3d101099b355bd4516d9c35bbc9134f085f71eba49efb84d5119e855a213e88	source_specimens_1600.jsonl#RAG-scifact-1179:B	RIDI-RAG-NATURE-v2-PROSPECTIVE/C2/QWEN3-BM25-K10-RANDOM	0f7babda273f68e2095343f2fb33f2dca3c8720f95ed87ca3a0f47d1b337b063	NO_AUTHORITATIVE_REQUIREMENT_SPECIFIED	TRUE	Primary registered RAG reference/random pair; exact grade-vector equality verified structurally; endpoints hash-bound without comparing outputs; no authoritative source support-count rule specified.
RAG-scifact-118	f005ffd96b33a0c48db6748ddb3df09456cb3e0a645bfede9f8fae2f254de649	080825d0766f903c06955495e7467a885199b4e54e8fb6ad54f279d60b0e050a	01c9fb0595392f8f2b694db16c134b5bec1798524c1a7426f2c47add3eac50d0	source_specimens_1600.jsonl#RAG-scifact-118:A	714192677a4d450c4ba0fbe8f37a2b3bc5351f019121af87b67cbdc33d718dba	af59f3a29063bc538bc597e7f20805258d7693406388dbd638b30f433c3dd324	source_specimens_1600.jsonl#RAG-scifact-118:B	RIDI-RAG-NATURE-v2-PROSPECTIVE/C2/QWEN3-BM25-K10-RANDOM	0f7babda273f68e2095343f2fb33f2dca3c8720f95ed87ca3a0f47d1b337b063	NO_AUTHORITATIVE_REQUIREMENT_SPECIFIED	TRUE	Primary registered RAG reference/random pair; exact grade-vector equality verified structurally; endpoints hash-bound without comparing outputs; no authoritative source support-count rule specified.
RAG-scifact-1180	c2e9b4ab725787745c22c439b6fb471de061529783f12143361953c81ac6847b	db87e60537f210c6db4ec58493d694e0d86f478dccd26cfa81339552a6e2d947	6cab9d852046dca4bc5481f3d682960d63f4ac33bcb37c635d1f43e60d50d8ef	source_specimens_1600.jsonl#RAG-scifact-1180:A	478600465ccd8df06a135fe03e5c543b6d74fe2462bbf8b47fb0c980b1b04f53	ad31616ef0f3bd8df8ea1ca0d2f356b07724eddcd8d89ff5488ca9f5e74f7d24	source_specimens_1600.jsonl#RAG-scifact-1180:B	RIDI-RAG-NATURE-v2-PROSPECTIVE/C2/QWEN3-BM25-K10-RANDOM	0f7babda273f68e2095343f2fb33f2dca3c8720f95ed87ca3a0f47d1b337b063	NO_AUTHORITATIVE_REQUIREMENT_SPECIFIED	TRUE	Primary registered RAG reference/random pair; exact grade-vector equality verified structurally; endpoints hash-bound without comparing outputs; no authoritative source support-count rule specified.
RAG-scifact-1185	2ca8b96435cfce5e38dd001d3c93588158f0572c732d959c7a5af56d1d8140c0	edd8ed747ff5cb0c4aa8d57d3dbf97133b54944cab6d8d40513803008355ce92	f6231ec2f0eea9ee300a4ff6c88d1bf88882ea77d408843f84f04603437292c5	source_specimens_1600.jsonl#RAG-scifact-1185:A	e364f6f68c4c446211639e88b117f65e0ae11247247ca880dec4ffe46b3d2045	3b646cad31a81313791e9f398289e6f3acb928fcbd04223657167f917cc67ae8	source_specimens_1600.jsonl#RAG-scifact-1185:B	RIDI-RAG-NATURE-v2-PROSPECTIVE/C2/QWEN3-BM25-K10-RANDOM	0f7babda273f68e2095343f2fb33f2dca3c8720f95ed87ca3a0f47d1b337b063	NO_AUTHORITATIVE_REQUIREMENT_SPECIFIED	TRUE	Primary registered RAG reference/random pair; exact grade-vector equality verified structurally; endpoints hash-bound without comparing outputs; no authoritative source support-count rule specified.
RAG-scifact-1187	ceae4aaaaf780d6820bd3119df2c2b98f1b56035d3c466c63dcf3cb7f927ed32	9456b7e6c1dc9b3f674ac0907280ea3e02ec903bde6b3a09a410672cfa720ab8	8cdfd92e693d7ec3fcaacbb002e7dc0f5be84c92c460df5705c6e753d8de4a78	source_specimens_1600.jsonl#RAG-scifact-1187:A	372df4093e8136fab5026c83f7851f099eb399df0d804fa6eeda485c6665094c	43db3e608a602b7dadc3eda6751e450b0d9ab271b95a29619efd60193cd0b9b7	source_specimens_1600.jsonl#RAG-scifact-1187:B	RIDI-RAG-NATURE-v2-PROSPECTIVE/C2/QWEN3-BM25-K10-RANDOM	0f7babda273f68e2095343f2fb33f2dca3c8720f95ed87ca3a0f47d1b337b063	NO_AUTHORITATIVE_REQUIREMENT_SPECIFIED	TRUE	Primary registered RAG reference/random pair; exact grade-vector equality verified structurally; endpoints hash-bound without comparing outputs; no authoritative source support-count rule specified.
RAG-scifact-1191	c96b18ed84324d543c7d443a7066f2bf058abb78330d7d5f4bc70789e6bd6f4f	b3d71d07ef2ce5d9a9d17e84a6171d05b2bdd7ddae04d8c0e355befd6af2b64b	e1b0ce6b792a89d2dfea93b3a053b3c74335e3f2d661001c797f84350274958a	source_specimens_1600.jsonl#RAG-scifact-1191:A	dd1d17dacdfd718343c5aaad8997550c907f2e649f8b1392e4cc89f641d0e880	c4a5c488f261c850330061dcac84e472a753faa08fc69f1f207e8f04949fded1	source_specimens_1600.jsonl#RAG-scifact-1191:B	RIDI-RAG-NATURE-v2-PROSPECTIVE/C2/QWEN3-BM25-K10-RANDOM	0f7babda273f68e2095343f2fb33f2dca3c8720f95ed87ca3a0f47d1b337b063	NO_AUTHORITATIVE_REQUIREMENT_SPECIFIED	TRUE	Primary registered RAG reference/random pair; exact grade-vector equality verified structurally; endpoints hash-bound without comparing outputs; no authoritative source support-count rule specified.
RAG-scifact-1194	81767f69c77e9905cb76605b9878c6450ccd10bbbabceb4ef668cd6c4da8400a	53a3d01955ee8d3c4e191d06889b1fbdca261985c0bb7413433e0448dc4a938d	1623f9eadc7235da0d4cd08e9d03454f726583bc6bd7b50eb5da8c5f1c4bad46	source_specimens_1600.jsonl#RAG-scifact-1194:A	4cbcaff77bcc28c1d6fcbb73d2aa46b0502283220bf82569877a5e1f2ed422c3	7d2555fea0bf6d247f82100c11ed6d51aebd67da3ccd4fdd01416b383b55abd0	source_specimens_1600.jsonl#RAG-scifact-1194:B	RIDI-RAG-NATURE-v2-PROSPECTIVE/C2/QWEN3-BM25-K10-RANDOM	0f7babda273f68e2095343f2fb33f2dca3c8720f95ed87ca3a0f47d1b337b063	NO_AUTHORITATIVE_REQUIREMENT_SPECIFIED	TRUE	Primary registered RAG reference/random pair; exact grade-vector equality verified structurally; endpoints hash-bound without comparing outputs; no authoritative source support-count rule specified.
RAG-scifact-1196	51f43816b06371059156b495cc8d7074831bb3bb10b9bb395328c8f87ee4e433	6a7b9670e278318ad214866732e49d538251d863a948ea956c88c52e05e78af1	0a6687589613e81b31fbef18aa310767db4d362d5fc3925eeb4ad42f10c0c811	source_specimens_1600.jsonl#RAG-scifact-1196:A	499d4eac262573b107c7fbd314b707ac661d34e29c3aba7ff63d5cafe971e82a	fae41d48b0e86a2e93dc1e7818a42703a9fae37a1372b04f9f0bcd478b7cdeae	source_specimens_1600.jsonl#RAG-scifact-1196:B	RIDI-RAG-NATURE-v2-PROSPECTIVE/C2/QWEN3-BM25-K10-RANDOM	0f7babda273f68e2095343f2fb33f2dca3c8720f95ed87ca3a0f47d1b337b063	NO_AUTHORITATIVE_REQUIREMENT_SPECIFIED	TRUE	Primary registered RAG reference/random pair; exact grade-vector equality verified structurally; endpoints hash-bound without comparing outputs; no authoritative source support-count rule specified.
RAG-scifact-1197	f4c63f6179f2c1a1e9ccda343c689c2f9e2a8f082e6a1bcb246288d219d9f752	da9670e44e0c98c86807d539cd9486899da94ca05924ff9d2d9f5a9ea8f091ed	9c8ed3803c6054dbb403c912f1c24dfa1d940955ec15c4d937811ac0505c6a64	source_specimens_1600.jsonl#RAG-scifact-1197:A	e6c04da3f7c824a0b4b1c61f115091ccd8eb6aef7692de47a75367a13cc06231	106c1570800a66463bbdbaa1e041ad3d0fb04a81151022d1234f1bb2c9561082	source_specimens_1600.jsonl#RAG-scifact-1197:B	RIDI-RAG-NATURE-v2-PROSPECTIVE/C2/QWEN3-BM25-K10-RANDOM	0f7babda273f68e2095343f2fb33f2dca3c8720f95ed87ca3a0f47d1b337b063	NO_AUTHORITATIVE_REQUIREMENT_SPECIFIED	TRUE	Primary registered RAG reference/random pair; exact grade-vector equality verified structurally; endpoints hash-bound without comparing outputs; no authoritative source support-count rule specified.
RAG-scifact-1199	4f4f3589469303f5399e4d77fae819b011690cb3871edb96f46c42f63a15ab50	e5ef9c1f1cb9cea92fe4011c531b26c01e140cbdae45684f2f5932b6b2bb0217	6818800b59fa01f6a482092cece780cb038c6b2c08626663ad093e31d8bbbd2b	source_specimens_1600.jsonl#RAG-scifact-1199:A	79da50f7816e034e5977a467c5892fd06ce6e49eb81d1479ea8edac0e68d8d22	fb8ae082b05916fbf4573a1934d44f24afc37ba53b232c6d9ef5706a2726025a	source_specimens_1600.jsonl#RAG-scifact-1199:B	RIDI-RAG-NATURE-v2-PROSPECTIVE/C2/QWEN3-BM25-K10-RANDOM	0f7babda273f68e2095343f2fb33f2dca3c8720f95ed87ca3a0f47d1b337b063	NO_AUTHORITATIVE_REQUIREMENT_SPECIFIED	TRUE	Primary registered RAG reference/random pair; exact grade-vector equality verified structurally; endpoints hash-bound without comparing outputs; no authoritative source support-count rule specified.
RAG-scifact-1200	7687b8033f687a4a498fe71e248b3c77f640912fdda7b1b9d22b52c054f1ed92	a0cf76337e28ebb9314a6b65a6e7980f31b28dfd892812d95d625879fa244bfc	eb652670286aebb65dd4fc4200a762a445f16cf3eebfb97c3ad7e8b4b87608e7	source_specimens_1600.jsonl#RAG-scifact-1200:A	bd783763c99acd17c82d4c67aa2a516dab8bbd05a031f662316de5e1cbe5ed2a	31b071f91b6cb52568fa35d1b83b74c5625bd94c08acf60b738306c2b03c6029	source_specimens_1600.jsonl#RAG-scifact-1200:B	RIDI-RAG-NATURE-v2-PROSPECTIVE/C2/QWEN3-BM25-K10-RANDOM	0f7babda273f68e2095343f2fb33f2dca3c8720f95ed87ca3a0f47d1b337b063	NO_AUTHORITATIVE_REQUIREMENT_SPECIFIED	TRUE	Primary registered RAG reference/random pair; exact grade-vector equality verified structurally; endpoints hash-bound without comparing outputs; no authoritative source support-count rule specified.
RAG-scifact-1202	4544c717ac3cfbfee2ceb2624bb1f54b3ee3f44ccca6a5bd395b6c2503c00c37	89877cf52661451fe146b2135bff9b313aa6045c7a5d47eab01dd42b60419699	7bfe1bc6843386abb5f0b740fffae24794acaa3644083c892f0dc144a342d0ba	source_specimens_1600.jsonl#RAG-scifact-1202:A	b1d83e0b927f81d0d99f79783574725ae03c174c40527b6f00a987203980fb53	ce01fbb261d0b14a32ab2b0a47184ef75867e77006061d33d58fb06b44307a28	source_specimens_1600.jsonl#RAG-scifact-1202:B	RIDI-RAG-NATURE-v2-PROSPECTIVE/C2/QWEN3-BM25-K10-RANDOM	0f7babda273f68e2095343f2fb33f2dca3c8720f95ed87ca3a0f47d1b337b063	NO_AUTHORITATIVE_REQUIREMENT_SPECIFIED	TRUE	Primary registered RAG reference/random pair; exact grade-vector equality verified structurally; endpoints hash-bound without comparing outputs; no authoritative source support-count rule specified.
RAG-scifact-1204	f6b16a992d1ae1ac8faf4f2ad924f930b68b232f3d5d1d4c93209c49cc841f99	fe593a78afb3a14730aa43aa11382937bb48630007d9e9826b5c37a7f2a1c447	c98229227b1c07331b25e62371de0cd5397e289ad1a007188f0b8cd3218bc224	source_specimens_1600.jsonl#RAG-scifact-1204:A	f8e9738248f4999534352e8bfa19a4e5738bb35dcf86600704f2b8c80fd7d35f	19f9485948a663686a33af46e14dc7aa71802cb4a3dd2f526b626685e0509e5b	source_specimens_1600.jsonl#RAG-scifact-1204:B	RIDI-RAG-NATURE-v2-PROSPECTIVE/C2/QWEN3-BM25-K10-RANDOM	0f7babda273f68e2095343f2fb33f2dca3c8720f95ed87ca3a0f47d1b337b063	NO_AUTHORITATIVE_REQUIREMENT_SPECIFIED	TRUE	Primary registered RAG reference/random pair; exact grade-vector equality verified structurally; endpoints hash-bound without comparing outputs; no authoritative source support-count rule specified.
RAG-scifact-1207	923ea90e6b1c68b97454dd96dcab335e4c81ac7feab16ddee085018ffe2de74d	b223359c5d29c146bcab6286dcb62665d2898a77f58fe68fa73e1a9dd0b41f31	ccc3490b9d26ad09854adb03ab44e71811489bca2aeac6606b4212da1b8069cd	source_specimens_1600.jsonl#RAG-scifact-1207:A	ec30ce5a7e03c50b30b895dcebb4c0486c136435cb4c57fbd34fe9f0456394f6	8db6799337877bdc26e20f0298c34aaed09e3210b8bb9fcc727dea3027266026	source_specimens_1600.jsonl#RAG-scifact-1207:B	RIDI-RAG-NATURE-v2-PROSPECTIVE/C2/QWEN3-BM25-K10-RANDOM	0f7babda273f68e2095343f2fb33f2dca3c8720f95ed87ca3a0f47d1b337b063	NO_AUTHORITATIVE_REQUIREMENT_SPECIFIED	TRUE	Primary registered RAG reference/random pair; exact grade-vector equality verified structurally; endpoints hash-bound without comparing outputs; no authoritative source support-count rule specified.
RAG-scifact-1213	93048733cfbfc98af86e065c93ea412ee0a473312311a545742810c9940b01ea	978a0a49d66fdbc78313f4926ed2cbfe44c61d268354e1b652a2ffe4ac814e2d	6e74b9ff5ae23d6a925e26d28e9278487710a9583b8dc963c58b501bae166777	source_specimens_1600.jsonl#RAG-scifact-1213:A	a61d449237cb2a913efa994ae7493adc8dc5a60d328ae51ce32a7f96bcd8d481	956ac884ce1af8bde8353f1bf726461ddc02b1ab1af6b754229dbec02bf986ed	source_specimens_1600.jsonl#RAG-scifact-1213:B	RIDI-RAG-NATURE-v2-PROSPECTIVE/C2/QWEN3-BM25-K10-RANDOM	0f7babda273f68e2095343f2fb33f2dca3c8720f95ed87ca3a0f47d1b337b063	NO_AUTHORITATIVE_REQUIREMENT_SPECIFIED	TRUE	Primary registered RAG reference/random pair; exact grade-vector equality verified structurally; endpoints hash-bound without comparing outputs; no authoritative source support-count rule specified.
RAG-scifact-1216	1bbbdc8a1b9061137e675527ef12b13269cb4723edcd9f5476bd552702bc0041	d051856e629edce57be0a887e21b2917d0b80d59be2923ce761ca38df13324dc	8960951eb9230591669cee9941f124c674e7930bad529ec18dd313c7faad1c9b	source_specimens_1600.jsonl#RAG-scifact-1216:A	3bf605c7dffe964936ed2df9ee40bdf9e56b5ba3198e2a42e3e0f7db59486fbe	c48145d4a39098579b68a4bddf4f28f7d6b7318bd7a8293e63e4bf75d563d921	source_specimens_1600.jsonl#RAG-scifact-1216:B	RIDI-RAG-NATURE-v2-PROSPECTIVE/C2/QWEN3-BM25-K10-RANDOM	0f7babda273f68e2095343f2fb33f2dca3c8720f95ed87ca3a0f47d1b337b063	NO_AUTHORITATIVE_REQUIREMENT_SPECIFIED	TRUE	Primary registered RAG reference/random pair; exact grade-vector equality verified structurally; endpoints hash-bound without comparing outputs; no authoritative source support-count rule specified.
RAG-scifact-1221	4b43048866e1ed5fa14c25886000cb4f2d8595e150e0182b70e08937f7622e5c	4e2b7d6a074078613afc04799975ff05fa1085d80be4903cd98af4b9ae553a99	7d0170e840aeb1a57f1cf1079970fca373f34c2ff89954d7a4382b44aa1121a7	source_specimens_1600.jsonl#RAG-scifact-1221:A	aa780104b8373881b2fb12245488fa5d28cba68d19a08a04265b40d8b2ab5526	94acb12ab485f04ab8f84a21c9e86013be5735bd66cd248c3109bd503cfb38c4	source_specimens_1600.jsonl#RAG-scifact-1221:B	RIDI-RAG-NATURE-v2-PROSPECTIVE/C2/QWEN3-BM25-K10-RANDOM	0f7babda273f68e2095343f2fb33f2dca3c8720f95ed87ca3a0f47d1b337b063	NO_AUTHORITATIVE_REQUIREMENT_SPECIFIED	TRUE	Primary registered RAG reference/random pair; exact grade-vector equality verified structurally; endpoints hash-bound without comparing outputs; no authoritative source support-count rule specified.
RAG-scifact-1225	4aac1075eed137006e0e475cb7642836a3591b816b66fe5f0798ecd396b36fe8	131e03f37dc52741c1f41dc8e6dfd334e94e5e45d2dc7fe7a121d877c36eca16	db59759aea05de328cb14ef0c9def7eb3910ccc80eb48c09032ed23d38cdeed0	source_specimens_1600.jsonl#RAG-scifact-1225:A	34a9115c6f852e33fb4c993fb7cc7e502877a4bf2f65bfeef47b4718da75ce12	96a6ab6d7c3e219795f680bbd7228d4f4d515c130259ec3270b2e8c887c0f814	source_specimens_1600.jsonl#RAG-scifact-1225:B	RIDI-RAG-NATURE-v2-PROSPECTIVE/C2/QWEN3-BM25-K10-RANDOM	0f7babda273f68e2095343f2fb33f2dca3c8720f95ed87ca3a0f47d1b337b063	NO_AUTHORITATIVE_REQUIREMENT_SPECIFIED	TRUE	Primary registered RAG reference/random pair; exact grade-vector equality verified structurally; endpoints hash-bound without comparing outputs; no authoritative source support-count rule specified.
RAG-scifact-1226	58fb2e7df88601cd610d5c53182b68cee5769348869d4c1bae7a70a7693e0ff0	0c5e989a5c0aead3759ac6d2a29b13b991a2ad6c346f673e40bd26353908d9c3	7b1ea017b4f27bb79874cd1a23230418ce619e24fdcf299d212e5342ca1f7ea9	source_specimens_1600.jsonl#RAG-scifact-1226:A	497f1607d89f1d437c74852f76bc1b2c8c61963cebe5891a05aef29b6042dbd8	c8c50088853f39221b46ac36a6323e3367d7f257426286e9f0a5e09098f262b9	source_specimens_1600.jsonl#RAG-scifact-1226:B	RIDI-RAG-NATURE-v2-PROSPECTIVE/C2/QWEN3-BM25-K10-RANDOM	0f7babda273f68e2095343f2fb33f2dca3c8720f95ed87ca3a0f47d1b337b063	NO_AUTHORITATIVE_REQUIREMENT_SPECIFIED	TRUE	Primary registered RAG reference/random pair; exact grade-vector equality verified structurally; endpoints hash-bound without comparing outputs; no authoritative source support-count rule specified.
RAG-scifact-1232	3eff26668207cbbe2c0f8475b6d5b0a36a079706c1ea808ecc7871ee46b7a069	9f33fb15ca04894b170ad57b45d27acaac0322743cc7c6f0113814ea0488d667	82bc2ef325ec6ed2e00263d3b810858ae95c81210d266fd1346b6193933d80d0	source_specimens_1600.jsonl#RAG-scifact-1232:A	29684cd2cab8c110cbf967f26a08700b0c6a23c418295be029e04d4d198b1a7f	9794a1d2776a58c00cac741661fd216a95bb792a23a03648e1015d1d1eb15454	source_specimens_1600.jsonl#RAG-scifact-1232:B	RIDI-RAG-NATURE-v2-PROSPECTIVE/C2/QWEN3-BM25-K10-RANDOM	0f7babda273f68e2095343f2fb33f2dca3c8720f95ed87ca3a0f47d1b337b063	NO_AUTHORITATIVE_REQUIREMENT_SPECIFIED	TRUE	Primary registered RAG reference/random pair; exact grade-vector equality verified structurally; endpoints hash-bound without comparing outputs; no authoritative source support-count rule specified.
RAG-scifact-124	31c35323c6ea6d49d491458ca33ec8e944044fde2e3b73f6eac23572bd781e59	5b87a5768092ba6fecd01b0a69bd8996b07353d5b565110b077a6af1d180a1d0	f07e2530830fb6ed54839b7229db2947554827a903209799c68b7f3e59d82f7f	source_specimens_1600.jsonl#RAG-scifact-124:A	ae51cced1e824d277d302c2e5a51fd050a35490c78409ab3a25c54eaffa65e87	1ccfe0785bbe835f1cccbe1cd82a85271efe01c7cdd9514786c08a4c185104de	source_specimens_1600.jsonl#RAG-scifact-124:B	RIDI-RAG-NATURE-v2-PROSPECTIVE/C2/QWEN3-BM25-K10-RANDOM	0f7babda273f68e2095343f2fb33f2dca3c8720f95ed87ca3a0f47d1b337b063	NO_AUTHORITATIVE_REQUIREMENT_SPECIFIED	TRUE	Primary registered RAG reference/random pair; exact grade-vector equality verified structurally; endpoints hash-bound without comparing outputs; no authoritative source support-count rule specified.
RAG-scifact-1241	9c8a6bd4131e342a43d187618f4ddd9ee7a2627e5a6de8be2e3198b1ded5e88c	f3280d53d835d7ae1568751a0c8a455b481e9cbb6183b13310813f5365d67e1d	7e9c47c03a6f17407714b91e77b0f8a5a43b4a245c63274010752900829fd91a	source_specimens_1600.jsonl#RAG-scifact-1241:A	3080c8f49106b6aada87090bae7ef05f834951df1540fe14f3cc1e30f77a1676	968e91011787eea2dafb8f83cf9f2e9f13e5aedd4528b4a64170250f63cd66f4	source_specimens_1600.jsonl#RAG-scifact-1241:B	RIDI-RAG-NATURE-v2-PROSPECTIVE/C2/QWEN3-BM25-K10-RANDOM	0f7babda273f68e2095343f2fb33f2dca3c8720f95ed87ca3a0f47d1b337b063	NO_AUTHORITATIVE_REQUIREMENT_SPECIFIED	TRUE	Primary registered RAG reference/random pair; exact grade-vector equality verified structurally; endpoints hash-bound without comparing outputs; no authoritative source support-count rule specified.
RAG-scifact-1245	a7799a3ac05d4c713f790068589386b31bc020de101ff840f148d3da76b16b70	6287b0b5417f1802d6cedc659f34683a13c407d93fe88880d56a95ebc7d6c3fd	dedb9a1c4265676cc82e09a0472f53933fcf08d79a85f1e4528c532b3ad07b13	source_specimens_1600.jsonl#RAG-scifact-1245:A	b1be7868d131f3d45afb32a6e069e88bf47803d05aaacc9e5bed1ef387da5c2e	3b9edadb5c6e800e8b36cbf01daacc6a13069aecdf89cbdf9f39ec6125ce5f32	source_specimens_1600.jsonl#RAG-scifact-1245:B	RIDI-RAG-NATURE-v2-PROSPECTIVE/C2/QWEN3-BM25-K10-RANDOM	0f7babda273f68e2095343f2fb33f2dca3c8720f95ed87ca3a0f47d1b337b063	NO_AUTHORITATIVE_REQUIREMENT_SPECIFIED	TRUE	Primary registered RAG reference/random pair; exact grade-vector equality verified structurally; endpoints hash-bound without comparing outputs; no authoritative source support-count rule specified.
RAG-scifact-1259	0aeffdc0b0be3f159ad8cb6b3adb14776ee6d34fab06ae686b87f57ce9c2127f	2b6238215f82f609f1898894d7b7af5f1cb639f2162fd52b10be2092825fcb5c	22b652e511f4e1e4cab38ca064b04ad62e413e61bdd881de2641cdf1ab6af165	source_specimens_1600.jsonl#RAG-scifact-1259:A	85d095e237bbc4bb8c72dedaf60e6e444d9967e138dbac240705a1f2a68b8287	83a51b26a94bab1f9b08c80ddbc3d17b0fecc454ec12b52e27b3001b6414fa61	source_specimens_1600.jsonl#RAG-scifact-1259:B	RIDI-RAG-NATURE-v2-PROSPECTIVE/C2/QWEN3-BM25-K10-RANDOM	0f7babda273f68e2095343f2fb33f2dca3c8720f95ed87ca3a0f47d1b337b063	NO_AUTHORITATIVE_REQUIREMENT_SPECIFIED	TRUE	Primary registered RAG reference/random pair; exact grade-vector equality verified structurally; endpoints hash-bound without comparing outputs; no authoritative source support-count rule specified.
RAG-scifact-1262	78f24c7e9b0ef5ff32a354e2b1a5738e58eb35d9265b39dabeb5a60b2fbf0e34	cb0f183f7a56eb5e4d81df03636d442df3f6e0c29a88cb024cd02abfdde71d73	651f86e6d0de6eaa7349aa4e691438a47a9ba65cd1bca89a946214e2ebf8c7a7	source_specimens_1600.jsonl#RAG-scifact-1262:A	afac56c8501caadd8971430f841cc9993ead4fc4a2d7a83a4b2bc15b266df034	53d43f8527f87bf3bdfbc14c27bacffd2e62104a08d9a6d39d0ed2ba53211f48	source_specimens_1600.jsonl#RAG-scifact-1262:B	RIDI-RAG-NATURE-v2-PROSPECTIVE/C2/QWEN3-BM25-K10-RANDOM	0f7babda273f68e2095343f2fb33f2dca3c8720f95ed87ca3a0f47d1b337b063	NO_AUTHORITATIVE_REQUIREMENT_SPECIFIED	TRUE	Primary registered RAG reference/random pair; exact grade-vector equality verified structurally; endpoints hash-bound without comparing outputs; no authoritative source support-count rule specified.
RAG-scifact-1266	598bf08e7fdbc4d44b10dab143a5b5368a74fd9a8b3218398ed1c1e6cd06cec3	80e452a7b453cf101c971623707614519d325616fef6e3f4c4c6d13750cf093f	dfdfa6e1ed8be8ea455ecce316c010e61aaa62c6c5852dfe609b5eb6386f2581	source_specimens_1600.jsonl#RAG-scifact-1266:A	d369d0b8e3fb1b981cb7d1b0f1cb0fa0be882c4e70d3aa7dcca85d6ff7136fc2	460a1ce5794322236ad05906ff2fe855fd3936d0c8bcf14cdfb34f46990cc503	source_specimens_1600.jsonl#RAG-scifact-1266:B	RIDI-RAG-NATURE-v2-PROSPECTIVE/C2/QWEN3-BM25-K10-RANDOM	0f7babda273f68e2095343f2fb33f2dca3c8720f95ed87ca3a0f47d1b337b063	NO_AUTHORITATIVE_REQUIREMENT_SPECIFIED	TRUE	Primary registered RAG reference/random pair; exact grade-vector equality verified structurally; endpoints hash-bound without comparing outputs; no authoritative source support-count rule specified.
RAG-scifact-127	d2efa9352125f02a37c7dbd2758f592c810fee4a5094c6b2149ad8726530afc9	5860a6c62f2b7df9729e632b771da43bc64ba73f97adf7564cbb551e537c1c9d	4a460a8dcd642ba2276fba29449f7d51bf12092d25ae5f60b17b45c8caa5ce12	source_specimens_1600.jsonl#RAG-scifact-127:A	763c4b4358fb5296acaba9db61528e616bd16990da75b85d9875a43eb41f0aa7	0971ceb65c48fb42a0db462eee87f02b874f793c14012c3a7494d9e1a82ee667	source_specimens_1600.jsonl#RAG-scifact-127:B	RIDI-RAG-NATURE-v2-PROSPECTIVE/C2/QWEN3-BM25-K10-RANDOM	0f7babda273f68e2095343f2fb33f2dca3c8720f95ed87ca3a0f47d1b337b063	NO_AUTHORITATIVE_REQUIREMENT_SPECIFIED	TRUE	Primary registered RAG reference/random pair; exact grade-vector equality verified structurally; endpoints hash-bound without comparing outputs; no authoritative source support-count rule specified.
RAG-scifact-1270	b8b8618a2e95c4d9c241367132efa3b8369156e2b711159f0279fb11ec4d17f6	05ecef7b3e98b8608cf6d4cf601096e18854c7685a7f0e1a5be278d430b43e9d	8457741871e66c1f7a72d4548a62f109efad511356b6563ccf9dbf059f0fc8d8	source_specimens_1600.jsonl#RAG-scifact-1270:A	5639b33cadadd8170f4461c9dfe01e5d20fdcc525306bbada0e5b46962326e57	569d0f58e5281c3d96c5cd07e3a0719541b7e6aa37e56406a9ee5d7d511c0b31	source_specimens_1600.jsonl#RAG-scifact-1270:B	RIDI-RAG-NATURE-v2-PROSPECTIVE/C2/QWEN3-BM25-K10-RANDOM	0f7babda273f68e2095343f2fb33f2dca3c8720f95ed87ca3a0f47d1b337b063	NO_AUTHORITATIVE_REQUIREMENT_SPECIFIED	TRUE	Primary registered RAG reference/random pair; exact grade-vector equality verified structurally; endpoints hash-bound without comparing outputs; no authoritative source support-count rule specified.
RAG-scifact-1271	75e88ebb6c91aac7b2a9bd7e19e2edb6d9bd65af926f93fdc6deaea379587cd4	1a18e26f5221911043a86f88b4b2e9a1c3d9f3160bb84f7c15f289e2803ef685	e3aa40cf836d0655dcac1290812ee8dbb6a51118fe7ae7b32208519b0c5a3905	source_specimens_1600.jsonl#RAG-scifact-1271:A	e8c10bb2a51ed714bc988e1b0d8c1b436a06d10666196a25d78c4297b14c7831	98dbae435b4f7c054027e17f666d1ad0ea46ad346c716683a5fbe00aa4ce4d6a	source_specimens_1600.jsonl#RAG-scifact-1271:B	RIDI-RAG-NATURE-v2-PROSPECTIVE/C2/QWEN3-BM25-K10-RANDOM	0f7babda273f68e2095343f2fb33f2dca3c8720f95ed87ca3a0f47d1b337b063	NO_AUTHORITATIVE_REQUIREMENT_SPECIFIED	TRUE	Primary registered RAG reference/random pair; exact grade-vector equality verified structurally; endpoints hash-bound without comparing outputs; no authoritative source support-count rule specified.
RAG-scifact-1272	807d89f455396c98b8fe575a066355feabeb05e2dc1bd30783330c309af0aca8	b4bb004a96508aab70f20acc879dc571b9378b4472bdad8b6e297fe19d167a44	4bb1fe525f39cba4a86e2eeed11b526858e10359b2b45c699eb62ceca56dee2a	source_specimens_1600.jsonl#RAG-scifact-1272:A	fd0a5fb7b237b0cecf2314396c93bddcbb9bd8cc3336caaa28b31c384a17670a	45cff74e388ca515ab979b775de98ee119484304b54029940eedfbace7ca9f4d	source_specimens_1600.jsonl#RAG-scifact-1272:B	RIDI-RAG-NATURE-v2-PROSPECTIVE/C2/QWEN3-BM25-K10-RANDOM	0f7babda273f68e2095343f2fb33f2dca3c8720f95ed87ca3a0f47d1b337b063	NO_AUTHORITATIVE_REQUIREMENT_SPECIFIED	TRUE	Primary registered RAG reference/random pair; exact grade-vector equality verified structurally; endpoints hash-bound without comparing outputs; no authoritative source support-count rule specified.
RAG-scifact-1273	ffc179a119d833a715d72eb35fe8196a9d8a7948c7818a449ad39373d9a4f6f5	4ccfbbe8a40adfbcf83c5f84cfb0d76d3c820f758c6fe2d48d418c9db7f9fe88	c39d1c43ad36c7de2bd8a3deaade8a61428f2bc1b8f0b4c25a86dd08810bed01	source_specimens_1600.jsonl#RAG-scifact-1273:A	fea2ea52627d63ce06645e2221466a1f24926d5e09570d0175538e3ff94eb5a0	da010e77ff3b66ff213c955ea209231defccee69a6df323c72f890676c8c67e3	source_specimens_1600.jsonl#RAG-scifact-1273:B	RIDI-RAG-NATURE-v2-PROSPECTIVE/C2/QWEN3-BM25-K10-RANDOM	0f7babda273f68e2095343f2fb33f2dca3c8720f95ed87ca3a0f47d1b337b063	NO_AUTHORITATIVE_REQUIREMENT_SPECIFIED	TRUE	Primary registered RAG reference/random pair; exact grade-vector equality verified structurally; endpoints hash-bound without comparing outputs; no authoritative source support-count rule specified.
RAG-scifact-1274	ed2cedaefe226316ec059a10a711e628833830dde09a7160f896cec1c1c543c8	f2ac56765d4660a69390119d7238cc7899aaf750f806e291abfb831c67b7035b	8fa8e2a1e371c1dfa6264f991641a0223a38d77395f6da0d98af50bc516d5ead	source_specimens_1600.jsonl#RAG-scifact-1274:A	7871d8b58632007ec108743680c71b47b3f5faff92ab36ac73426d9777c99faa	0ee72a9ab83019d06dc8718e9173505f4136af573d21157cb943cfe2a42fc4c7	source_specimens_1600.jsonl#RAG-scifact-1274:B	RIDI-RAG-NATURE-v2-PROSPECTIVE/C2/QWEN3-BM25-K10-RANDOM	0f7babda273f68e2095343f2fb33f2dca3c8720f95ed87ca3a0f47d1b337b063	NO_AUTHORITATIVE_REQUIREMENT_SPECIFIED	TRUE	Primary registered RAG reference/random pair; exact grade-vector equality verified structurally; endpoints hash-bound without comparing outputs; no authoritative source support-count rule specified.
RAG-scifact-1278	5169c1b06f8025b5e3161f8fec0d919a54ae04a32ad9785fcefc299178eaed07	e8016f4e55cf7c86f2d30b3479c06cca1bbfad81f3acac998f9bdae29a55cb70	6a9c59b05ee8d17481b20949f51ddec91af57625e5947311d52daea627697b5b	source_specimens_1600.jsonl#RAG-scifact-1278:A	9c48615594795a592ebae112c1027f6c120a932c1321f9f8b63403b328d7ad0d	4ece8f0b84974430058be9df45980e4bfc1082f4c6f2a32d30abfaa5d5c1fb2f	source_specimens_1600.jsonl#RAG-scifact-1278:B	RIDI-RAG-NATURE-v2-PROSPECTIVE/C2/QWEN3-BM25-K10-RANDOM	0f7babda273f68e2095343f2fb33f2dca3c8720f95ed87ca3a0f47d1b337b063	NO_AUTHORITATIVE_REQUIREMENT_SPECIFIED	TRUE	Primary registered RAG reference/random pair; exact grade-vector equality verified structurally; endpoints hash-bound without comparing outputs; no authoritative source support-count rule specified.
RAG-scifact-1279	21a57e5bf01a8928e36e27d28f26faa6eb51f4bc48dfd37204432e48ff2c6081	a5121c66c70745011eb5207da60f117624484d81a73d5ffe85dc7a2ed62d0f15	899a23b6f02e81a99f65067784e39b910814a0ea277f9372e09e15db0b16b10d	source_specimens_1600.jsonl#RAG-scifact-1279:A	288470b44e8e901ae10620e9b69aeb63c770b8dd95cc930d20e48601f951ca00	ec0c38b548edd3a2a80de7478c2f49d6ccfe3072315b14d83fe9ce3ca8c02668	source_specimens_1600.jsonl#RAG-scifact-1279:B	RIDI-RAG-NATURE-v2-PROSPECTIVE/C2/QWEN3-BM25-K10-RANDOM	0f7babda273f68e2095343f2fb33f2dca3c8720f95ed87ca3a0f47d1b337b063	NO_AUTHORITATIVE_REQUIREMENT_SPECIFIED	TRUE	Primary registered RAG reference/random pair; exact grade-vector equality verified structurally; endpoints hash-bound without comparing outputs; no authoritative source support-count rule specified.
RAG-scifact-128	edbdb88fc0e659d6fece054adca08ad8ab5960afe61930dcbb94667a9d2d8b21	e03e4784e08c60fe1d8cee507921943c3e32101623d1688699e521112f6877d0	3b77a8c0ce6538576dca7957f4e1161934d7c3fb1a97213b9f83c5a997005a70	source_specimens_1600.jsonl#RAG-scifact-128:A	2c15b76507060fabfed078c41e1e051e415e83503e39f77d365908699d63737b	68650c52eb4c9b52afc1064f82fc9b6261976222aa3ffe67fa91324e5846ddb5	source_specimens_1600.jsonl#RAG-scifact-128:B	RIDI-RAG-NATURE-v2-PROSPECTIVE/C2/QWEN3-BM25-K10-RANDOM	0f7babda273f68e2095343f2fb33f2dca3c8720f95ed87ca3a0f47d1b337b063	NO_AUTHORITATIVE_REQUIREMENT_SPECIFIED	TRUE	Primary registered RAG reference/random pair; exact grade-vector equality verified structurally; endpoints hash-bound without comparing outputs; no authoritative source support-count rule specified.
RAG-scifact-1280	3d8482ca2aad5f91564bfa54b8a28828356e129106b6df37e1af5307c9dde779	0159a024ade68eab5436aa9a3af0aa31dcc4066aa0cc8e0661a66aa0578c782d	4612d8b45c2b568a53f40ee97043a16f088a0d2519403f6954e54820c5026910	source_specimens_1600.jsonl#RAG-scifact-1280:A	b51ac1328b0014c6a08ab6f111a9949f6a8f1fca0ad8a7d9ff9613a62db61aca	bc6aeb7f4e162c7d64f0ec49ed273930cdfec5ceb7f423e9fb5547f47de8b899	source_specimens_1600.jsonl#RAG-scifact-1280:B	RIDI-RAG-NATURE-v2-PROSPECTIVE/C2/QWEN3-BM25-K10-RANDOM	0f7babda273f68e2095343f2fb33f2dca3c8720f95ed87ca3a0f47d1b337b063	NO_AUTHORITATIVE_REQUIREMENT_SPECIFIED	TRUE	Primary registered RAG reference/random pair; exact grade-vector equality verified structurally; endpoints hash-bound without comparing outputs; no authoritative source support-count rule specified.
RAG-scifact-1281	eea82b84c5953c41d290cb8fcd18758d8c87341207bfe69a567ecfb8dd7031d3	51ccb8804acfc9725fc978954819d59c6879a95880b98501d9e24036b05bc207	af009ac1489f52d99e434f8fab9f8cb3d78c351ece1fddb100bccc1c37b0fedf	source_specimens_1600.jsonl#RAG-scifact-1281:A	a99be8c916af07ccd56bec5cead92be0f18e6a89a9b89e04d890dd131a37e80b	e6c06b7bde58b2efb998139cca157a6b8c5e8df14a618c4e203d4f18ef18d663	source_specimens_1600.jsonl#RAG-scifact-1281:B	RIDI-RAG-NATURE-v2-PROSPECTIVE/C2/QWEN3-BM25-K10-RANDOM	0f7babda273f68e2095343f2fb33f2dca3c8720f95ed87ca3a0f47d1b337b063	NO_AUTHORITATIVE_REQUIREMENT_SPECIFIED	TRUE	Primary registered RAG reference/random pair; exact grade-vector equality verified structurally; endpoints hash-bound without comparing outputs; no authoritative source support-count rule specified.
RAG-scifact-1282	0a623b73df56b0de5a990c32a52e70fcb7036ad0ed59566195eef68c084a19bc	6c97d4f34abe89306cb7631f92fad8d05ae733d4e4eba8b16e0b791563f706a9	cc22e7ce64067cdf1c86f8e942d8e998d8a6fa414c03a8f2493ced6988891a0c	source_specimens_1600.jsonl#RAG-scifact-1282:A	95ca55cbd663f569da3889777bc81ae788ee2d4f694aac811a0200ffd9e4c2ff	b304c2cc90319f96ebbb62d9caf3c30bdeab66e0ce492720be6ac7ddf0bdb6fb	source_specimens_1600.jsonl#RAG-scifact-1282:B	RIDI-RAG-NATURE-v2-PROSPECTIVE/C2/QWEN3-BM25-K10-RANDOM	0f7babda273f68e2095343f2fb33f2dca3c8720f95ed87ca3a0f47d1b337b063	NO_AUTHORITATIVE_REQUIREMENT_SPECIFIED	TRUE	Primary registered RAG reference/random pair; exact grade-vector equality verified structurally; endpoints hash-bound without comparing outputs; no authoritative source support-count rule specified.
RAG-scifact-129	b489562100fdb41d84d0c4ad797a827c27c21b70f20a45bd8b51c2a9f55589b2	4151d7945fc25294e6621c21ca4f11f5bb273f042b53b59ae11cbe53a83f4e15	81aa79ca00aa91aa1637f1d8a1ef9544841d5b73a41bd60b5725165de20dc5c1	source_specimens_1600.jsonl#RAG-scifact-129:A	720780ea3efd8e0d4802bf1f0a29f2e0969ab1764c8535eea07b52bc94cff4a7	a6feae542548419628a3d5b4024a3da1ff43f211d101b04b3aa8859691a5436c	source_specimens_1600.jsonl#RAG-scifact-129:B	RIDI-RAG-NATURE-v2-PROSPECTIVE/C2/QWEN3-BM25-K10-RANDOM	0f7babda273f68e2095343f2fb33f2dca3c8720f95ed87ca3a0f47d1b337b063	NO_AUTHORITATIVE_REQUIREMENT_SPECIFIED	TRUE	Primary registered RAG reference/random pair; exact grade-vector equality verified structurally; endpoints hash-bound without comparing outputs; no authoritative source support-count rule specified.
RAG-scifact-1290	ed5fe1af8177a1711a0b75e5dd458308ff0cb5b98307c8e2aa873a3947d58b3a	16ca907f4e5aef8a162fbef35ab85eea969d94d6a0e68846d81fd3c1638f755a	95cab340e57f2ed24f15d6ff4035830e32f6ffcae87762723d6c0e0b00549a7d	source_specimens_1600.jsonl#RAG-scifact-1290:A	e3fde6c7539776767ac160cd0c1d1067c803b8d568fc0e28605db9a4509771ed	f367d39fea9528b8b0c7fec04fcaaeb52b88074f5c6f03815cf5e0573da6c44f	source_specimens_1600.jsonl#RAG-scifact-1290:B	RIDI-RAG-NATURE-v2-PROSPECTIVE/C2/QWEN3-BM25-K10-RANDOM	0f7babda273f68e2095343f2fb33f2dca3c8720f95ed87ca3a0f47d1b337b063	NO_AUTHORITATIVE_REQUIREMENT_SPECIFIED	TRUE	Primary registered RAG reference/random pair; exact grade-vector equality verified structurally; endpoints hash-bound without comparing outputs; no authoritative source support-count rule specified.
RAG-scifact-1292	434dc204887402c8cb766827fc37cfce8ced603f4bc7f5e0d21b4cd505904699	4891ecbcd34a845108ec061d309b2d13e84ae5e386520c3436af098d391a6763	18fdd8adef68f0cfdd957857f8d6608a1f534e6934f1fbdab260a09f6d7a6ddd	source_specimens_1600.jsonl#RAG-scifact-1292:A	1f07537097cef947dfd589c735ad7520f5848d4be99aa2d254067b261965e377	ae0bb978836f5544bf9d83522d52ed4943697873dc6039ab1876f42643aff9c9	source_specimens_1600.jsonl#RAG-scifact-1292:B	RIDI-RAG-NATURE-v2-PROSPECTIVE/C2/QWEN3-BM25-K10-RANDOM	0f7babda273f68e2095343f2fb33f2dca3c8720f95ed87ca3a0f47d1b337b063	NO_AUTHORITATIVE_REQUIREMENT_SPECIFIED	TRUE	Primary registered RAG reference/random pair; exact grade-vector equality verified structurally; endpoints hash-bound without comparing outputs; no authoritative source support-count rule specified.
RAG-scifact-1298	3d4f92ab2c2977375f6e11ae33122c1e0eb7b75c8e073cff59c7f9c6d450cbb3	f5dea64de0e7d9d1669609d8943c0be6811a0d932ce866590c4c77c7ce7defe6	caf5a1931e19189e0d4a530d847af91aedbeaad78ac256b22eeac6a41d925350	source_specimens_1600.jsonl#RAG-scifact-1298:A	8cdb3dc460ab2588f64f188ae3d20d40cc0ec75e1e403e30b1a2a3cfd5636670	78d4fb963cadd33cee3ad476864ef40dac5c38cd549b792a8ca40a4810c51b2c	source_specimens_1600.jsonl#RAG-scifact-1298:B	RIDI-RAG-NATURE-v2-PROSPECTIVE/C2/QWEN3-BM25-K10-RANDOM	0f7babda273f68e2095343f2fb33f2dca3c8720f95ed87ca3a0f47d1b337b063	NO_AUTHORITATIVE_REQUIREMENT_SPECIFIED	TRUE	Primary registered RAG reference/random pair; exact grade-vector equality verified structurally; endpoints hash-bound without comparing outputs; no authoritative source support-count rule specified.
RAG-scifact-13	34e0ed98fb652e68a2704016e5bd387094849203cc24072d8cd1bea729178ac5	df7c7a6b11eaafbe2f797f0e6b24096002d84853a075fb3a4ea06f776ea4a3e0	eef7398c354df5c8dfd88ecc1393de36214e36530aa4d2e4e0d9bd0d5771fc9c	source_specimens_1600.jsonl#RAG-scifact-13:A	d0f0d9b9d96bd004f7b3ae4d372847f1d518d33127857c61b6b792732ac6e454	cc590d469a4995f05ae0e0aaecba94526e53955eaf62b0f01addaf816877cce9	source_specimens_1600.jsonl#RAG-scifact-13:B	RIDI-RAG-NATURE-v2-PROSPECTIVE/C2/QWEN3-BM25-K10-RANDOM	0f7babda273f68e2095343f2fb33f2dca3c8720f95ed87ca3a0f47d1b337b063	NO_AUTHORITATIVE_REQUIREMENT_SPECIFIED	TRUE	Primary registered RAG reference/random pair; exact grade-vector equality verified structurally; endpoints hash-bound without comparing outputs; no authoritative source support-count rule specified.
RAG-scifact-130	0a929eb82d589163331e942551d4e5794cfa5e0fd1fcc377ee0e8953ed54e03f	fa69de25ec2c2b540ec26c271d563bd38680fab6201668060d9c6b005c8d15bc	943e998b4d7a4080f8a4f26e9a0eb3a456629589c27a8975200a9ee77b9e5b35	source_specimens_1600.jsonl#RAG-scifact-130:A	53f136f045d87c96fe6dff68e87e2d13b1ea5a44041d9e47e5f93c5204e9ac56	452dd90aa82acc9fb95bb645fd3819df6b50cbdcc37a0458a074ea5186727336	source_specimens_1600.jsonl#RAG-scifact-130:B	RIDI-RAG-NATURE-v2-PROSPECTIVE/C2/QWEN3-BM25-K10-RANDOM	0f7babda273f68e2095343f2fb33f2dca3c8720f95ed87ca3a0f47d1b337b063	NO_AUTHORITATIVE_REQUIREMENT_SPECIFIED	TRUE	Primary registered RAG reference/random pair; exact grade-vector equality verified structurally; endpoints hash-bound without comparing outputs; no authoritative source support-count rule specified.
RAG-scifact-1303	5fd972b0ad9183693c4ddd47ba681d527b074e6c68f1455a6a353cf789082225	d4ae0ea00276916ec8917b9a913072236f66eda3f9b9867efce4584710c38bc1	2360d9ff03faf7c453603871bbfd895616a627b05979f0cfca9072652aaa5466	source_specimens_1600.jsonl#RAG-scifact-1303:A	17a776d64fd7f7e7b26a71de434a1c70df7cfe36d6d58ade64ab8581ed46e477	95e979392b06cdc2f249437be21fc049eaf649d44f3952779b76e1e672202e51	source_specimens_1600.jsonl#RAG-scifact-1303:B	RIDI-RAG-NATURE-v2-PROSPECTIVE/C2/QWEN3-BM25-K10-RANDOM	0f7babda273f68e2095343f2fb33f2dca3c8720f95ed87ca3a0f47d1b337b063	NO_AUTHORITATIVE_REQUIREMENT_SPECIFIED	TRUE	Primary registered RAG reference/random pair; exact grade-vector equality verified structurally; endpoints hash-bound without comparing outputs; no authoritative source support-count rule specified.
RAG-scifact-1316	622a1c757d14db3b489dde0a5698e552ead66aff65082d0eba5af308bb57ee14	cb2d0a203405787eb64db874399141c07a2874dccc86192a3887299f9f30fb67	a732c156e4d3e0f62456ebf9cce62b0a2abe0d821d14fe6aca4cd3fc88be2aed	source_specimens_1600.jsonl#RAG-scifact-1316:A	c59959e9061ec779f6c7c1c7cf39ebdf34d01fefaa527975daa8df926d7d3b07	ed69ff3c67c2377ff5bed02a35644572b8bb78f2f3cf32b6fac37e97f7c7b842	source_specimens_1600.jsonl#RAG-scifact-1316:B	RIDI-RAG-NATURE-v2-PROSPECTIVE/C2/QWEN3-BM25-K10-RANDOM	0f7babda273f68e2095343f2fb33f2dca3c8720f95ed87ca3a0f47d1b337b063	NO_AUTHORITATIVE_REQUIREMENT_SPECIFIED	TRUE	Primary registered RAG reference/random pair; exact grade-vector equality verified structurally; endpoints hash-bound without comparing outputs; no authoritative source support-count rule specified.
RAG-scifact-1319	9f3593884b23509eda1231c69a7569fd80cc2a560964a09991214635429185a0	c658598b47dfbc670b370adc67a7589b386bdf38c670d778a03e2e683fa15f4f	fa06794992333c361bb31d40727e234a87dc3b69d4af398c153cde5c82c957d6	source_specimens_1600.jsonl#RAG-scifact-1319:A	fa63cd764a53114edf2820280966c762df2ca593487fc5b1015450386717cb9c	0bb7bfd1ed05bf21a49c1331b8009467ca8c5c1df06e32fc0b48b11b5efc1ac6	source_specimens_1600.jsonl#RAG-scifact-1319:B	RIDI-RAG-NATURE-v2-PROSPECTIVE/C2/QWEN3-BM25-K10-RANDOM	0f7babda273f68e2095343f2fb33f2dca3c8720f95ed87ca3a0f47d1b337b063	NO_AUTHORITATIVE_REQUIREMENT_SPECIFIED	TRUE	Primary registered RAG reference/random pair; exact grade-vector equality verified structurally; endpoints hash-bound without comparing outputs; no authoritative source support-count rule specified.
RAG-scifact-132	4069751b514fb943d193e340c87ab24cd801067acca0897112cd73ab33c33e39	084bc0cf909fbcb351b23574eb25530200821a3b5816dde61619c4b474d764e9	5318770cf55efb74df62a5b1135de52e58deab0e67eff4037be7ba2c5d6efe7a	source_specimens_1600.jsonl#RAG-scifact-132:A	7c7f725292075abffd30c553c19a8686bcf31dc4ed8c68eefb9cd2b77c3de6ac	993c58d8e5d94306f0053ee12c093e505ab58f2d8da2ecc0fbe7c38c8fdef3ef	source_specimens_1600.jsonl#RAG-scifact-132:B	RIDI-RAG-NATURE-v2-PROSPECTIVE/C2/QWEN3-BM25-K10-RANDOM	0f7babda273f68e2095343f2fb33f2dca3c8720f95ed87ca3a0f47d1b337b063	NO_AUTHORITATIVE_REQUIREMENT_SPECIFIED	TRUE	Primary registered RAG reference/random pair; exact grade-vector equality verified structurally; endpoints hash-bound without comparing outputs; no authoritative source support-count rule specified.
RAG-scifact-1320	e4324538b410d1d9b265310612f923888e6de276332f0a28613e86019b074363	eb09ed3197aad537bfdf6423f19cb1e4d512e6e95681ac09c3b51ef119e1eefa	1583438b8106293d473c2f072e26a4c05abc36e5dba531f76cba6234bc353611	source_specimens_1600.jsonl#RAG-scifact-1320:A	6ad78374b0ea7ff500356e53bc3e500b02626ff8866dc0eda9dae8d13ff93804	e3bd8ca62d272f6c8abfc3c22914d7e9ef1e4c56bdadfda6141452a6220ae492	source_specimens_1600.jsonl#RAG-scifact-1320:B	RIDI-RAG-NATURE-v2-PROSPECTIVE/C2/QWEN3-BM25-K10-RANDOM	0f7babda273f68e2095343f2fb33f2dca3c8720f95ed87ca3a0f47d1b337b063	NO_AUTHORITATIVE_REQUIREMENT_SPECIFIED	TRUE	Primary registered RAG reference/random pair; exact grade-vector equality verified structurally; endpoints hash-bound without comparing outputs; no authoritative source support-count rule specified.
RAG-scifact-133	5e96a1be0cf086f975c29d6719475f4a93c5f4978d8e935106c461f72c5a540a	6cf3128cad2adcca8de222be735d5b4aa630aad902ba5a24ae23c4d8daa3cc1e	d5acb1cc457aed400b68ac0d5a4f5131f292671a0948eb0d56cc009a3d23a425	source_specimens_1600.jsonl#RAG-scifact-133:A	eb53a4a4e5ddb11858268ddc9f9f0a14f574858ccb8e9688dd3fac8baf3ea46c	79bcd4679616774848aa2f8b7128ff60ed68bb66547de001d93d249d9ef33e8e	source_specimens_1600.jsonl#RAG-scifact-133:B	RIDI-RAG-NATURE-v2-PROSPECTIVE/C2/QWEN3-BM25-K10-RANDOM	0f7babda273f68e2095343f2fb33f2dca3c8720f95ed87ca3a0f47d1b337b063	NO_AUTHORITATIVE_REQUIREMENT_SPECIFIED	TRUE	Primary registered RAG reference/random pair; exact grade-vector equality verified structurally; endpoints hash-bound without comparing outputs; no authoritative source support-count rule specified.
RAG-scifact-1332	201c535534a6703333753bb8a53e4476c48722171b61f7cbb03cc7d741b62e23	e156f3d1360b16d1be267b3a07027c5ccfddf2ce3841a370d33d07bfb2cd41f3	2390e489f038e3bfdbacf42d09b2217ed594ffda23a29f5301c62e9d42ce837e	source_specimens_1600.jsonl#RAG-scifact-1332:A	a4782ea1fb1382ea1918ba2ed9aa982a392021164457138678a9e688e954ac30	5e480258190f9ac087d01ef4084819f338c6be0e6689de51538ab17a05fbc18a	source_specimens_1600.jsonl#RAG-scifact-1332:B	RIDI-RAG-NATURE-v2-PROSPECTIVE/C2/QWEN3-BM25-K10-RANDOM	0f7babda273f68e2095343f2fb33f2dca3c8720f95ed87ca3a0f47d1b337b063	NO_AUTHORITATIVE_REQUIREMENT_SPECIFIED	TRUE	Primary registered RAG reference/random pair; exact grade-vector equality verified structurally; endpoints hash-bound without comparing outputs; no authoritative source support-count rule specified.
RAG-scifact-1335	8494b323810315108128f343f2231fece361da4d56a66e8edc66d9402037f3b8	eaa2855eddfea76b14ca35b1b4aa27d399a690c46b4d99d1f04e3019ec2cf06e	f4b700725de3db207fa45545f7662a622bad8cb61e45b9e9f4784433e03d0bd4	source_specimens_1600.jsonl#RAG-scifact-1335:A	c8731fe487df8f25e88bc7743a5310131959d19a2e856484ab761ee9f7c68c03	c0e0b593a1de0bd5291d830ce70a1cebc0d60d7747c0e52b94e178a2f002bc51	source_specimens_1600.jsonl#RAG-scifact-1335:B	RIDI-RAG-NATURE-v2-PROSPECTIVE/C2/QWEN3-BM25-K10-RANDOM	0f7babda273f68e2095343f2fb33f2dca3c8720f95ed87ca3a0f47d1b337b063	NO_AUTHORITATIVE_REQUIREMENT_SPECIFIED	TRUE	Primary registered RAG reference/random pair; exact grade-vector equality verified structurally; endpoints hash-bound without comparing outputs; no authoritative source support-count rule specified.
RAG-scifact-1336	a490b5d65af9927548ab4c0c2dd7062373177d5566bad0120235217d4f6a0b18	c553d5a9baf711bc3cecbbdf576cd4c95ae142adcbf4e4c149cc180603425b45	16d49825b81054837bd7295fd8d1f18093678e0c61670fd3bad2be17532dbd80	source_specimens_1600.jsonl#RAG-scifact-1336:A	414e9d4afb2e99e4d56b95f9408a5f98616097a0d89f2cb0f01ad66f0856dc17	2b3d3162e4bba96e5454b19b59b2e253e0ef0337503d2e6a5ae1d40f5510d7e5	source_specimens_1600.jsonl#RAG-scifact-1336:B	RIDI-RAG-NATURE-v2-PROSPECTIVE/C2/QWEN3-BM25-K10-RANDOM	0f7babda273f68e2095343f2fb33f2dca3c8720f95ed87ca3a0f47d1b337b063	NO_AUTHORITATIVE_REQUIREMENT_SPECIFIED	TRUE	Primary registered RAG reference/random pair; exact grade-vector equality verified structurally; endpoints hash-bound without comparing outputs; no authoritative source support-count rule specified.
RAG-scifact-1337	7b44c0f959a4f06cdc22abff2f1ddf2cd6e5e452d67dab569c00f7e3b6439a18	5250ebb0a775d91cd6a6e3197d3e7b8ee46d0152315e54c300bb8243bfbff1b1	8e2b8fa2bc0a7d4e761949b85e14a56e3e470d330016b865dedd3e031b13e757	source_specimens_1600.jsonl#RAG-scifact-1337:A	cb1f29ac6f9ab227ce1837141c6840819c59b004db84afa062d65cbe730d50b7	4234059eaf4f039c6bb38eb713462b681f7e453ab0039d87440fc5ac489ce6d1	source_specimens_1600.jsonl#RAG-scifact-1337:B	RIDI-RAG-NATURE-v2-PROSPECTIVE/C2/QWEN3-BM25-K10-RANDOM	0f7babda273f68e2095343f2fb33f2dca3c8720f95ed87ca3a0f47d1b337b063	NO_AUTHORITATIVE_REQUIREMENT_SPECIFIED	TRUE	Primary registered RAG reference/random pair; exact grade-vector equality verified structurally; endpoints hash-bound without comparing outputs; no authoritative source support-count rule specified.
RAG-scifact-1339	1e06165ea0baef5eba0265a9638edfe2ae12b78e97fbe096e9547e9b57983006	907fef3847564c93cc91ac2a47bc010813245ed9aae7d53330c72d6661c74253	30fcdb75c531f5b05cdd3f3eb2e22ea0426d8e76c2987f8d082b2650bf16b645	source_specimens_1600.jsonl#RAG-scifact-1339:A	98b1f74231a1302867485e6b64365cf7d4f646cdee16ab4742bfcf0c5e528121	984c42eef33bdc15306fd9936345d537103e1cc2b4fa8f518ad0b7eb6839af1b	source_specimens_1600.jsonl#RAG-scifact-1339:B	RIDI-RAG-NATURE-v2-PROSPECTIVE/C2/QWEN3-BM25-K10-RANDOM	0f7babda273f68e2095343f2fb33f2dca3c8720f95ed87ca3a0f47d1b337b063	NO_AUTHORITATIVE_REQUIREMENT_SPECIFIED	TRUE	Primary registered RAG reference/random pair; exact grade-vector equality verified structurally; endpoints hash-bound without comparing outputs; no authoritative source support-count rule specified.
RAG-scifact-1344	a6142a5e1a80b117dd61a34483c7a0e398076ee073a2f2604387a8988586dd92	ee4376d2bd05a041d3d488f4c6c8d796b12fd95e5ee30ab33d3b42fdd9d750ac	c0e4744867d5727d232fe3a1cab9f70e3768d6acdc4a083be8674913a9576e76	source_specimens_1600.jsonl#RAG-scifact-1344:A	5d60eb07d716489b6931e63d11b68ee65520dae8bc4c08ce7a81295d4da95b4d	e7ac3ce8ff14853a1a150430bd1f4a4681f063d85133ea9f02c821dd0d358c65	source_specimens_1600.jsonl#RAG-scifact-1344:B	RIDI-RAG-NATURE-v2-PROSPECTIVE/C2/QWEN3-BM25-K10-RANDOM	0f7babda273f68e2095343f2fb33f2dca3c8720f95ed87ca3a0f47d1b337b063	NO_AUTHORITATIVE_REQUIREMENT_SPECIFIED	TRUE	Primary registered RAG reference/random pair; exact grade-vector equality verified structurally; endpoints hash-bound without comparing outputs; no authoritative source support-count rule specified.
RAG-scifact-1352	1766a7875b2261847073bc0c55d22d7afa7d7c58dff00229d3b12712bb29182d	10de0e0b9737b43da0f99367bbb532f0e809aa80c9365714961808951ee8860a	c4ec1f46f737c7c92524401130e3baf6dc1093bb1e75bf7818f33315d55be36c	source_specimens_1600.jsonl#RAG-scifact-1352:A	94b184ff1cfac7080bf134aa54eddd4f350e80920fb5679478f61adec59294e6	d94371e52eee68c30b32ff42a0fbdb12a63d90de96c7ac339ab622a32ad9bca7	source_specimens_1600.jsonl#RAG-scifact-1352:B	RIDI-RAG-NATURE-v2-PROSPECTIVE/C2/QWEN3-BM25-K10-RANDOM	0f7babda273f68e2095343f2fb33f2dca3c8720f95ed87ca3a0f47d1b337b063	NO_AUTHORITATIVE_REQUIREMENT_SPECIFIED	TRUE	Primary registered RAG reference/random pair; exact grade-vector equality verified structurally; endpoints hash-bound without comparing outputs; no authoritative source support-count rule specified.
RAG-scifact-1359	7a5d52b426d30c3fb0e6e4ad2fab54ddaedec22c5c2761de57533976f5546918	4881faf98983b08fa1a3fad9edc3a763d78a9f191149ae57fbabc2a290e279b1	60a3d3057b46e06836bca44ae15aa1092b6de0ee9519db94fc4533fb8c4e3a4b	source_specimens_1600.jsonl#RAG-scifact-1359:A	1cd657687aa326989ac517dd551d92a670edf6a7b30a28d70cc371e5c290a85b	fc671e2a8a36510a40f4e771d9b2702e0216fd15a8e63ed2d84d31f3a82ee3e0	source_specimens_1600.jsonl#RAG-scifact-1359:B	RIDI-RAG-NATURE-v2-PROSPECTIVE/C2/QWEN3-BM25-K10-RANDOM	0f7babda273f68e2095343f2fb33f2dca3c8720f95ed87ca3a0f47d1b337b063	NO_AUTHORITATIVE_REQUIREMENT_SPECIFIED	TRUE	Primary registered RAG reference/random pair; exact grade-vector equality verified structurally; endpoints hash-bound without comparing outputs; no authoritative source support-count rule specified.
RAG-scifact-1362	2a232d46f51e6acc4db6b7067c5cf70c2cfa8c63d59f81f8518a1cb97bab763c	85b0e6ecd090ac246833d5e59ed1bb18b0118e780bb7e479cdf0955dd6588395	748b1f988fd7c07d69b762fde4e3fa5a16f031694619dc92c5f35ddbcdfd7d5e	source_specimens_1600.jsonl#RAG-scifact-1362:A	492b011d2672c8dcc587b198e88b9fa6061b806f43000b69e313010bb4b89d5a	dbe608462619c969c0a6abd3cbc99177315df875b09eff927793e2abfb764073	source_specimens_1600.jsonl#RAG-scifact-1362:B	RIDI-RAG-NATURE-v2-PROSPECTIVE/C2/QWEN3-BM25-K10-RANDOM	0f7babda273f68e2095343f2fb33f2dca3c8720f95ed87ca3a0f47d1b337b063	NO_AUTHORITATIVE_REQUIREMENT_SPECIFIED	TRUE	Primary registered RAG reference/random pair; exact grade-vector equality verified structurally; endpoints hash-bound without comparing outputs; no authoritative source support-count rule specified.
RAG-scifact-1363	9598951adca6cb7becdbff76c459449d0f5cb99003674aa0fc5129e4521613de	fb962db7fb05eac3d57691f5a3b725e2093b037879f636453b00c35c76dce5fb	3dfee8d47b804141515c0b1db37f12092f4916cbc263be5e06469093e1cc494e	source_specimens_1600.jsonl#RAG-scifact-1363:A	759d3a528c5776ade2cb1bbb2c4ddb6f450898235adc38105f866ffa41269068	8ffe7fdba126e6533a769d098dee9c3ee645e55707a30d709ff05eaa75f77430	source_specimens_1600.jsonl#RAG-scifact-1363:B	RIDI-RAG-NATURE-v2-PROSPECTIVE/C2/QWEN3-BM25-K10-RANDOM	0f7babda273f68e2095343f2fb33f2dca3c8720f95ed87ca3a0f47d1b337b063	NO_AUTHORITATIVE_REQUIREMENT_SPECIFIED	TRUE	Primary registered RAG reference/random pair; exact grade-vector equality verified structurally; endpoints hash-bound without comparing outputs; no authoritative source support-count rule specified.
RAG-scifact-1368	02d5a6305d7d680f0b8df4056586a4d961d1b2fce0d5e40eae7948a454a41d36	c839ffcb1f4fcf3607a4bce8b96fc6900a5bd232fbb493f370ce44dee9b9770a	6dbd53f0af3e76b5dc9cbdb7a299f2f241218efd349c37e6f92d28f90f6b9101	source_specimens_1600.jsonl#RAG-scifact-1368:A	2baa8f9b459e67c520efb3ae308414f76c9accddf64d4e044428fb2ec7a191b6	4449b093629958e1e241606c90c26950be0c1640852084cddae6454ba1f30db5	source_specimens_1600.jsonl#RAG-scifact-1368:B	RIDI-RAG-NATURE-v2-PROSPECTIVE/C2/QWEN3-BM25-K10-RANDOM	0f7babda273f68e2095343f2fb33f2dca3c8720f95ed87ca3a0f47d1b337b063	NO_AUTHORITATIVE_REQUIREMENT_SPECIFIED	TRUE	Primary registered RAG reference/random pair; exact grade-vector equality verified structurally; endpoints hash-bound without comparing outputs; no authoritative source support-count rule specified.
RAG-scifact-137	04d4671ec724d1276fcf046f64ab4346108390c307f1d1b8f576b1fc71bd52f0	dc14f73d7c8de77e817a1d7053feb4f154f52d0a66de1a738426b40ca9f3ca06	c3d36fd82393e60fdf8a300de7f41902cab50fa41659a752c45cf9c2a1900a32	source_specimens_1600.jsonl#RAG-scifact-137:A	c829fd3c27d853c059d6972e55dc6cdbb55db5e49f341fef4b7e6db507362319	596694716531a0de465660db730d5f3e2ad22f12f60561e47783c7c981b6568d	source_specimens_1600.jsonl#RAG-scifact-137:B	RIDI-RAG-NATURE-v2-PROSPECTIVE/C2/QWEN3-BM25-K10-RANDOM	0f7babda273f68e2095343f2fb33f2dca3c8720f95ed87ca3a0f47d1b337b063	NO_AUTHORITATIVE_REQUIREMENT_SPECIFIED	TRUE	Primary registered RAG reference/random pair; exact grade-vector equality verified structurally; endpoints hash-bound without comparing outputs; no authoritative source support-count rule specified.
RAG-scifact-1370	03334b8973750ccdc780c360563441a9f0962e96a10c2b37d0234561104d49ee	26f68c9f3480d3f6986065f6b9a8f424e97fdcf67779e93954003c97d5c09f62	14efd082e2b9e65c71602ae7d3c465c5d10d19957486c9f06d3c9eb579956248	source_specimens_1600.jsonl#RAG-scifact-1370:A	9abe9b5a4d87cebb97bdcfd531c0d2da0ce4a2de1e0e365433008ecd77fddb44	abd4d07a8bba8ff8a423eeeaa8a993a29afb0df5e8ee50526b97c8b6418c35aa	source_specimens_1600.jsonl#RAG-scifact-1370:B	RIDI-RAG-NATURE-v2-PROSPECTIVE/C2/QWEN3-BM25-K10-RANDOM	0f7babda273f68e2095343f2fb33f2dca3c8720f95ed87ca3a0f47d1b337b063	NO_AUTHORITATIVE_REQUIREMENT_SPECIFIED	TRUE	Primary registered RAG reference/random pair; exact grade-vector equality verified structurally; endpoints hash-bound without comparing outputs; no authoritative source support-count rule specified.
RAG-scifact-1379	9fb213fb3dc53514a8931d1c76507e3f92f927df52525ebd4c09dfa0f206b8b8	934fd4510445642c2af047b09d9b0db5b3cb31782f5b32d341c9b04dac931162	eee95cef9e947a05e6a2ded8dd298554daaa931264ca2df6bacf2f98e201d2ec	source_specimens_1600.jsonl#RAG-scifact-1379:A	a6a9917dfac86651451b99986b70ede9210de92fd31eb115ba4b13bdf75293e1	c6c353c4f1817cbf622db64f4235fbb78030afa4105c0c6e3c4212c1401ae85f	source_specimens_1600.jsonl#RAG-scifact-1379:B	RIDI-RAG-NATURE-v2-PROSPECTIVE/C2/QWEN3-BM25-K10-RANDOM	0f7babda273f68e2095343f2fb33f2dca3c8720f95ed87ca3a0f47d1b337b063	NO_AUTHORITATIVE_REQUIREMENT_SPECIFIED	TRUE	Primary registered RAG reference/random pair; exact grade-vector equality verified structurally; endpoints hash-bound without comparing outputs; no authoritative source support-count rule specified.
RAG-scifact-1382	72326c099619b0871d90497541b34651330f24d671e957844816003b529248da	c0f2a5eb7d2ca9beabe8d88e6d009ac22b79da55a36727975722355b72a76bf3	3851ec32c8cee9dc9e16030f0cf6b7b09eed24f7c4350220d08109f92c13d9ba	source_specimens_1600.jsonl#RAG-scifact-1382:A	bb8cdf1a8210818de2996af676b24c5eae077046bb8140b765e98514093dcc81	a8472b0e3dca129db40fd630f470b56762a0b990f0c91b66e2e14b5edee3a0c8	source_specimens_1600.jsonl#RAG-scifact-1382:B	RIDI-RAG-NATURE-v2-PROSPECTIVE/C2/QWEN3-BM25-K10-RANDOM	0f7babda273f68e2095343f2fb33f2dca3c8720f95ed87ca3a0f47d1b337b063	NO_AUTHORITATIVE_REQUIREMENT_SPECIFIED	TRUE	Primary registered RAG reference/random pair; exact grade-vector equality verified structurally; endpoints hash-bound without comparing outputs; no authoritative source support-count rule specified.
RAG-scifact-1385	ace60d9307949d4b103190ec30f4584108eaf7b21c7ee66bd2de477269a91c3d	1a24c79b59c1a914f12676523146a68007d611710ac77ff761266ab11f5edd2c	714e8ee0bcce4d276c621e4ab434fa0872292f20b5f2387cc3a45f2d05ada682	source_specimens_1600.jsonl#RAG-scifact-1385:A	8219010686cd25519831b035f8524f9dabdf5c0a3e4f18553237845ed93cdf28	04105d719f0b4223eeda8e8d00a65a877e598b53c2b33ccbe5641b475fb4a596	source_specimens_1600.jsonl#RAG-scifact-1385:B	RIDI-RAG-NATURE-v2-PROSPECTIVE/C2/QWEN3-BM25-K10-RANDOM	0f7babda273f68e2095343f2fb33f2dca3c8720f95ed87ca3a0f47d1b337b063	NO_AUTHORITATIVE_REQUIREMENT_SPECIFIED	TRUE	Primary registered RAG reference/random pair; exact grade-vector equality verified structurally; endpoints hash-bound without comparing outputs; no authoritative source support-count rule specified.
RAG-scifact-1389	35ddcf1f01d4bd7293a1fe49d67fb5345eeaeabafe6ad4b69df94368eba2c2bd	40c62dbbb852c80f88ca0ebcadd3801cf379a6a807f12922079892808375bc61	c8fce576c43af1d889f5bf5899f63fc42fd556a996f8eb7bfed5699e14e04068	source_specimens_1600.jsonl#RAG-scifact-1389:A	3554c8d94dfd39c4f902d6ec6ccd6462c9c5291de0badb0dac5ab64f3b27545c	8d074f66d5d7e75c7cb5e6b3125121e7b99925196b5072aaf26b7fc1ac087fa8	source_specimens_1600.jsonl#RAG-scifact-1389:B	RIDI-RAG-NATURE-v2-PROSPECTIVE/C2/QWEN3-BM25-K10-RANDOM	0f7babda273f68e2095343f2fb33f2dca3c8720f95ed87ca3a0f47d1b337b063	NO_AUTHORITATIVE_REQUIREMENT_SPECIFIED	TRUE	Primary registered RAG reference/random pair; exact grade-vector equality verified structurally; endpoints hash-bound without comparing outputs; no authoritative source support-count rule specified.
RAG-scifact-1395	1a6a536134dfc4e614f0ae51eed34da7ccb744629e1e6858200873a11e988196	50c3ad77d92e914724c11f242472f1b9004384b1e94901f4aa400efeb2a8a540	aa20c1d6e660559124b99053c5e7ed260fbbf5d04b2f38d890d415bb23503f76	source_specimens_1600.jsonl#RAG-scifact-1395:A	c480231c1d82e13275ae1d4939b86c34f82e7f28c9408eb9ae2ac74ce5092c5b	af825bc8c58f810dfc07c48ae26109df15ab7b479f8ea812d65cb009cd05c78d	source_specimens_1600.jsonl#RAG-scifact-1395:B	RIDI-RAG-NATURE-v2-PROSPECTIVE/C2/QWEN3-BM25-K10-RANDOM	0f7babda273f68e2095343f2fb33f2dca3c8720f95ed87ca3a0f47d1b337b063	NO_AUTHORITATIVE_REQUIREMENT_SPECIFIED	TRUE	Primary registered RAG reference/random pair; exact grade-vector equality verified structurally; endpoints hash-bound without comparing outputs; no authoritative source support-count rule specified.
RAG-scifact-141	908697b15ad453e5baeae3c40173576dcd3d1ab03cff32863cc9db5e2de67bcd	1527db49aa5d3778e95dfc64e45c06dfe4455d0b83afeec4809e83523060f68c	2292893e3ecbd57637f989c11605be40c9691abe21a1c5a656ea65e400b6c235	source_specimens_1600.jsonl#RAG-scifact-141:A	76fd41895f73c34c2089f1a674b2cc13ef0a04825d818f1dd2178cdcb3d7451a	a8dc26f368b6b13a4be00000ea75c3e7d681615dcf5bea1d901cf3fc5ea06727	source_specimens_1600.jsonl#RAG-scifact-141:B	RIDI-RAG-NATURE-v2-PROSPECTIVE/C2/QWEN3-BM25-K10-RANDOM	0f7babda273f68e2095343f2fb33f2dca3c8720f95ed87ca3a0f47d1b337b063	NO_AUTHORITATIVE_REQUIREMENT_SPECIFIED	TRUE	Primary registered RAG reference/random pair; exact grade-vector equality verified structurally; endpoints hash-bound without comparing outputs; no authoritative source support-count rule specified.
RAG-scifact-142	499c06feb1fbdcce3fe5a816ead8f76b956c7b1f8f10cec55a0df17b169c42f5	a901f2f8806bcf2faf633b9d58cd0f7e3c08c10e0a4ca14e47edc67ecc7390c3	15f487b64cae947752abb509967ecab89b5a66376a357782ca30befdb28a03fb	source_specimens_1600.jsonl#RAG-scifact-142:A	9ab84cc0bfb10d42f226d738f44ee0b4fa82db0e9889c67aa3ab6efeb533ea30	809695d57a2d712e0a6d0a590b63326876904c578f2c494596971057b48ce8fc	source_specimens_1600.jsonl#RAG-scifact-142:B	RIDI-RAG-NATURE-v2-PROSPECTIVE/C2/QWEN3-BM25-K10-RANDOM	0f7babda273f68e2095343f2fb33f2dca3c8720f95ed87ca3a0f47d1b337b063	NO_AUTHORITATIVE_REQUIREMENT_SPECIFIED	TRUE	Primary registered RAG reference/random pair; exact grade-vector equality verified structurally; endpoints hash-bound without comparing outputs; no authoritative source support-count rule specified.
RAG-scifact-143	b344ac862ec9d437d5e00e7bd4d7e32c0aa2ae99f50cd19b8326b6225662dc53	4aa947c7dcfa639d93e4a4e52947961c03279b7e4788975da516fbf066bb8856	b4a6591fd9e6a3d888185c0ae0e8396015665264f94154fbf3173a294952b41d	source_specimens_1600.jsonl#RAG-scifact-143:A	7ae7b7b662a8313532057830673ee9f69ba3273536ef46bde9be01a7b861052c	3cf5b60b7a8f260ff75868ad17e866b4362f8ff7427c41c262757c90a5a61414	source_specimens_1600.jsonl#RAG-scifact-143:B	RIDI-RAG-NATURE-v2-PROSPECTIVE/C2/QWEN3-BM25-K10-RANDOM	0f7babda273f68e2095343f2fb33f2dca3c8720f95ed87ca3a0f47d1b337b063	NO_AUTHORITATIVE_REQUIREMENT_SPECIFIED	TRUE	Primary registered RAG reference/random pair; exact grade-vector equality verified structurally; endpoints hash-bound without comparing outputs; no authoritative source support-count rule specified.
RAG-scifact-146	8a73a613058e47502c305676a225aad46926b553fa915e81b80032007ce16df7	497a1cc841eb9559ea29adf112c175aec454eb186ca82b0176458fe146730cc6	7d2214b641d487190367fb0a438a19dc6c98a1ded4e879110ae7bf198b421456	source_specimens_1600.jsonl#RAG-scifact-146:A	5bf883a9f14b651d6f78d1d857feab15df65e8981bbecb25284e539e5eaebb04	779007f2b10edcd36559ef0110cbdf42640d8b9daccb9c6e1525474eedded501	source_specimens_1600.jsonl#RAG-scifact-146:B	RIDI-RAG-NATURE-v2-PROSPECTIVE/C2/QWEN3-BM25-K10-RANDOM	0f7babda273f68e2095343f2fb33f2dca3c8720f95ed87ca3a0f47d1b337b063	NO_AUTHORITATIVE_REQUIREMENT_SPECIFIED	TRUE	Primary registered RAG reference/random pair; exact grade-vector equality verified structurally; endpoints hash-bound without comparing outputs; no authoritative source support-count rule specified.
RAG-scifact-148	8546db8a6b77e3e6c189f941491b17ca4a6bc302033b18df3e291d07d529bde0	640aed832f7b03324867c5c2519ccb94153cd97f2c71bb8c546699e9500d7b6e	c6310740df776e424042a4d8a50d30d07289f3cc747486a32e294f54e5757052	source_specimens_1600.jsonl#RAG-scifact-148:A	7af56ffef389832648cee6c947a4cd9cd08783fd4474afb8c468e77091f951d3	0100d99b160a60fb1cb6f37d03fca00326547e83328b5f9d75898415ed35409f	source_specimens_1600.jsonl#RAG-scifact-148:B	RIDI-RAG-NATURE-v2-PROSPECTIVE/C2/QWEN3-BM25-K10-RANDOM	0f7babda273f68e2095343f2fb33f2dca3c8720f95ed87ca3a0f47d1b337b063	NO_AUTHORITATIVE_REQUIREMENT_SPECIFIED	TRUE	Primary registered RAG reference/random pair; exact grade-vector equality verified structurally; endpoints hash-bound without comparing outputs; no authoritative source support-count rule specified.
RAG-scifact-163	90b0a66e54dfa8c9a3a2af0b3a1c75745a60e4b775ae40383a4fca8f8e9705e1	c19d06748002c164ef29ed045f0259d69ca32e0b8923900f72c4c8c3dcb6be49	5de96ff139b752a4e978ab3bc6fba984d25a09df7a53a8426fea002103beebc1	source_specimens_1600.jsonl#RAG-scifact-163:A	85b70ab7c3fdf2249b21f90985665803b23f71c7212e3e868b22f4ee4bc659d7	7da2f13ef74cbe6e4128cb1197b21601bc50694c077e28aed4afce25d11bca98	source_specimens_1600.jsonl#RAG-scifact-163:B	RIDI-RAG-NATURE-v2-PROSPECTIVE/C2/QWEN3-BM25-K10-RANDOM	0f7babda273f68e2095343f2fb33f2dca3c8720f95ed87ca3a0f47d1b337b063	NO_AUTHORITATIVE_REQUIREMENT_SPECIFIED	TRUE	Primary registered RAG reference/random pair; exact grade-vector equality verified structurally; endpoints hash-bound without comparing outputs; no authoritative source support-count rule specified.
RAG-scifact-171	acd0ab95ee4224837745a2c766162f9c2968b949a55a0d807f9630308b8f73b9	964837d0e7db41fb9dc278c358aca0dc817c5c6bcd88da5cf99d80f89ec65c9e	630a115cb016ae82c4fe13b2c29c8257c1855e680ee1d2edb6833f8b0161e474	source_specimens_1600.jsonl#RAG-scifact-171:A	33159e1351054714b07094064ee4301a2f1fe79cb9ae8c588653340167ee7c75	e4d0030a9436b1e23a9d61331946c39177c3bd10975b3711810c7c5a4608e795	source_specimens_1600.jsonl#RAG-scifact-171:B	RIDI-RAG-NATURE-v2-PROSPECTIVE/C2/QWEN3-BM25-K10-RANDOM	0f7babda273f68e2095343f2fb33f2dca3c8720f95ed87ca3a0f47d1b337b063	NO_AUTHORITATIVE_REQUIREMENT_SPECIFIED	TRUE	Primary registered RAG reference/random pair; exact grade-vector equality verified structurally; endpoints hash-bound without comparing outputs; no authoritative source support-count rule specified.
RAG-scifact-179	8407c1d9f25e8fb14796adaed509113f9dc65b690269df00a68216af3774335d	652c3f96ee7ec7e70480956d6eabdda8af665c7a21cd4556fb6ab766c38f2eb8	d971defb96403f912d4cb77704c8409d5f3245f0cd96f6c580d73937710d5e14	source_specimens_1600.jsonl#RAG-scifact-179:A	8d953493fea26725e939204139fb2683d93d288abc430199efb047dbd18d2640	212dcdc1ec6bbf125bb9ecd656310909a763e111df718059edf63b29f4aa743a	source_specimens_1600.jsonl#RAG-scifact-179:B	RIDI-RAG-NATURE-v2-PROSPECTIVE/C2/QWEN3-BM25-K10-RANDOM	0f7babda273f68e2095343f2fb33f2dca3c8720f95ed87ca3a0f47d1b337b063	NO_AUTHORITATIVE_REQUIREMENT_SPECIFIED	TRUE	Primary registered RAG reference/random pair; exact grade-vector equality verified structurally; endpoints hash-bound without comparing outputs; no authoritative source support-count rule specified.
RAG-scifact-180	21dd5306c3e97d7b898b0f7cfa5b6bac47563d3c5386b61b79777ee5504f0809	f575475f71f9a7e76857f55732e5af57ff245fcc9d98bf3e3e81bcf34deb8846	2f9e307547f248b46a3832ffc4770f70670d07e7a8beb175244f290bb07fe5e0	source_specimens_1600.jsonl#RAG-scifact-180:A	3ed977f401f7a985f932859e3a2b45525a089a1d60734096f00485824e105953	152ab714d2f4e891b5d2b9bccb18af06da5bbeba2ee07d42b5bcec8745dec073	source_specimens_1600.jsonl#RAG-scifact-180:B	RIDI-RAG-NATURE-v2-PROSPECTIVE/C2/QWEN3-BM25-K10-RANDOM	0f7babda273f68e2095343f2fb33f2dca3c8720f95ed87ca3a0f47d1b337b063	NO_AUTHORITATIVE_REQUIREMENT_SPECIFIED	TRUE	Primary registered RAG reference/random pair; exact grade-vector equality verified structurally; endpoints hash-bound without comparing outputs; no authoritative source support-count rule specified.
RAG-scifact-183	a7b7d3a82a37f20da6eac1aa4dbd365a4b2e98712fe652bdbde3330836df94c8	25114b1d36dcfad1dd84f9c17483976e94ad3d5713ef184f971ff82b81d3cc79	62ccaf7a82fc991d2b692840272eec55f8edb84bf3d62307f9e451a12d7a8be6	source_specimens_1600.jsonl#RAG-scifact-183:A	85fadba77025665f121482832e6c6c8eb5525fb8e915dcde81b8d3c25d892278	2ebd30c5f09de7c4b9dbee54e6a7446f76eea1bcbb4020648f6fd9a25be26621	source_specimens_1600.jsonl#RAG-scifact-183:B	RIDI-RAG-NATURE-v2-PROSPECTIVE/C2/QWEN3-BM25-K10-RANDOM	0f7babda273f68e2095343f2fb33f2dca3c8720f95ed87ca3a0f47d1b337b063	NO_AUTHORITATIVE_REQUIREMENT_SPECIFIED	TRUE	Primary registered RAG reference/random pair; exact grade-vector equality verified structurally; endpoints hash-bound without comparing outputs; no authoritative source support-count rule specified.
RAG-scifact-185	8afde678d9cd75edcc035e585c64ca99df67eeadf3fccbf7558292437ed2f905	62d64145387ba64a5c68934a21e8eb51ea99eff21eb0fe46f600cdd60ddaa147	4c27183a221fe80df44eea9992af95839e3b28ccdc4773fa657819a44515250d	source_specimens_1600.jsonl#RAG-scifact-185:A	c136034e7c38b0e2907ef33fdeefa344de721838d9d72a3ad33ddf6240e11fc9	a071a9af5495b9a69fbcc7fbe0bbf717085794c3dc1ce6f284700507120499d6	source_specimens_1600.jsonl#RAG-scifact-185:B	RIDI-RAG-NATURE-v2-PROSPECTIVE/C2/QWEN3-BM25-K10-RANDOM	0f7babda273f68e2095343f2fb33f2dca3c8720f95ed87ca3a0f47d1b337b063	NO_AUTHORITATIVE_REQUIREMENT_SPECIFIED	TRUE	Primary registered RAG reference/random pair; exact grade-vector equality verified structurally; endpoints hash-bound without comparing outputs; no authoritative source support-count rule specified.
RAG-scifact-198	4b0cf1386021946b6a6f045a6e7b29fb0791b45bd5d53577e1c06e37b08ae315	9e9b0822748e761f38b85660a7da8d9e1d56384d29094893bf6a8e07680ce1b7	d52ffa090106fc38c61d5b518538b99b6c990b8425ae6b105e003608fcedfe08	source_specimens_1600.jsonl#RAG-scifact-198:A	23b633f645f7a604f8eb307c9b6d7f3b83f6c2ea5489cb7984878c3b83734073	f93b17f2b12ca87c137f83630063a6ba340bb4b88b0e4af635fd51975212e08e	source_specimens_1600.jsonl#RAG-scifact-198:B	RIDI-RAG-NATURE-v2-PROSPECTIVE/C2/QWEN3-BM25-K10-RANDOM	0f7babda273f68e2095343f2fb33f2dca3c8720f95ed87ca3a0f47d1b337b063	NO_AUTHORITATIVE_REQUIREMENT_SPECIFIED	TRUE	Primary registered RAG reference/random pair; exact grade-vector equality verified structurally; endpoints hash-bound without comparing outputs; no authoritative source support-count rule specified.
RAG-scifact-208	2a744cc2fd08e1f8c94690ac74742c79733b20850c39e2fd4b3978ab0be208d9	75fc2a57e4a54406654cad9ed6fe9fa15d93630a93e6c71d10f2cea3c4306352	099e4f668f4722e5bd17fac6e70c485c499d3d71d9a73b538637610fbcd0e3e6	source_specimens_1600.jsonl#RAG-scifact-208:A	b83826fa59b4f20653accc5a2aa870035bec44a7bcfd84b50ce3301e21561c6f	2a404cbc8f95d9b468f141bff378d69cef4e20191951f8840f81dcc1c1a740ae	source_specimens_1600.jsonl#RAG-scifact-208:B	RIDI-RAG-NATURE-v2-PROSPECTIVE/C2/QWEN3-BM25-K10-RANDOM	0f7babda273f68e2095343f2fb33f2dca3c8720f95ed87ca3a0f47d1b337b063	NO_AUTHORITATIVE_REQUIREMENT_SPECIFIED	TRUE	Primary registered RAG reference/random pair; exact grade-vector equality verified structurally; endpoints hash-bound without comparing outputs; no authoritative source support-count rule specified.
RAG-scifact-212	513044399178fe01b078f2d96dd46fd328b94d4bf4ec02a9405c5c87f126cd0b	9727ece0bcfa8c2f81e4fc5ab2f323414a5882fb2d54d09b34f30629e27f287f	e3a50bef16ae00e72453854409e93103c9c0ec986b3819ebe6a5b360aa42b2d5	source_specimens_1600.jsonl#RAG-scifact-212:A	a99491755ea859f078b70806e7a68f886cdb83f6bb094614bcbd0f953010987c	009eb3e3963ef2e4d958b0ded7d134ab41b7eb93a2eb5f81b3c065fb10c2aaa1	source_specimens_1600.jsonl#RAG-scifact-212:B	RIDI-RAG-NATURE-v2-PROSPECTIVE/C2/QWEN3-BM25-K10-RANDOM	0f7babda273f68e2095343f2fb33f2dca3c8720f95ed87ca3a0f47d1b337b063	NO_AUTHORITATIVE_REQUIREMENT_SPECIFIED	TRUE	Primary registered RAG reference/random pair; exact grade-vector equality verified structurally; endpoints hash-bound without comparing outputs; no authoritative source support-count rule specified.
RAG-scifact-213	12557d10ed7676be35b9a1566d65ff885631e57104120f335bec011963197745	aa670a54503b03e1eeace86cf473f02260acd1471fde2b9ebbcbf075a5c60b22	5772976bd21e8f8b46daf0bcb93f53d7595d5a363a41d1957f359e234190339c	source_specimens_1600.jsonl#RAG-scifact-213:A	599fada573fd73782b376be7d4e79dbb38b19040f225ac3e5adf402ba68fd8a7	a5860e4f021d418997c3d45756741979648b7db4ee8d7fc925b1cdbe6b548bd8	source_specimens_1600.jsonl#RAG-scifact-213:B	RIDI-RAG-NATURE-v2-PROSPECTIVE/C2/QWEN3-BM25-K10-RANDOM	0f7babda273f68e2095343f2fb33f2dca3c8720f95ed87ca3a0f47d1b337b063	NO_AUTHORITATIVE_REQUIREMENT_SPECIFIED	TRUE	Primary registered RAG reference/random pair; exact grade-vector equality verified structurally; endpoints hash-bound without comparing outputs; no authoritative source support-count rule specified.
RAG-scifact-216	391308d74afefef301e6750375c9fe89963a74b021e92d544bb0ab05af1dd37b	743afe6a821b8ecc8c73b53a5a8ac9d6b78d5bf6998beea3ff40785001ccb6b4	29acc72cfc3edaacd81a5dcc81577a33f2041f16bd9dd725d8d236b51879e7da	source_specimens_1600.jsonl#RAG-scifact-216:A	2eaa95e70594a685c396d1781a0ceff9037653b4744422399a00879789c55029	8a8837e0f3e4d792aca5a0aee311ddbec822a3df8cf2d40ad10821ea753b5288	source_specimens_1600.jsonl#RAG-scifact-216:B	RIDI-RAG-NATURE-v2-PROSPECTIVE/C2/QWEN3-BM25-K10-RANDOM	0f7babda273f68e2095343f2fb33f2dca3c8720f95ed87ca3a0f47d1b337b063	NO_AUTHORITATIVE_REQUIREMENT_SPECIFIED	TRUE	Primary registered RAG reference/random pair; exact grade-vector equality verified structurally; endpoints hash-bound without comparing outputs; no authoritative source support-count rule specified.
RAG-scifact-217	e30e243c4024243423e1e59a3afb1c6e1d8b9fd8c0aefec512ab8decf857d7e9	2d620af71a1755be7e3a983f7fcb4d21ae7697e4496bb2080c627b3b40acbaf2	457e01f3ec1679de7da5c5032fdd7963836a239931acbf9a027c271d198bf21b	source_specimens_1600.jsonl#RAG-scifact-217:A	3e5416a4bb35053939d81550bcf376f64054e4f0c5bad84ccd42ec8dcac7a978	78a4e01078c0994fad0e004deb4aed1adab80631637a26bc0e9c26a2a7299af6	source_specimens_1600.jsonl#RAG-scifact-217:B	RIDI-RAG-NATURE-v2-PROSPECTIVE/C2/QWEN3-BM25-K10-RANDOM	0f7babda273f68e2095343f2fb33f2dca3c8720f95ed87ca3a0f47d1b337b063	NO_AUTHORITATIVE_REQUIREMENT_SPECIFIED	TRUE	Primary registered RAG reference/random pair; exact grade-vector equality verified structurally; endpoints hash-bound without comparing outputs; no authoritative source support-count rule specified.
RAG-scifact-218	6182f99e2b2ad1ed47668fb8c799331ce0beb2b29a9b9400767d623855ba62a2	bafecd7cb3307200920658cd3c5b750a40776ae549b93a4bc4d231b4b04367e5	8fff8c7c5d6c6020e843e86441e8604081bb6ae8f2f7829bbb45fcff8eb83f42	source_specimens_1600.jsonl#RAG-scifact-218:A	8047d074b3eb572ee80568cb4c886ac7f6a782a05c108d268166b1b931c346e6	fa8df5cd0e40de49b3671125647029b92190f465a740daa8cced3f0f7cf7029c	source_specimens_1600.jsonl#RAG-scifact-218:B	RIDI-RAG-NATURE-v2-PROSPECTIVE/C2/QWEN3-BM25-K10-RANDOM	0f7babda273f68e2095343f2fb33f2dca3c8720f95ed87ca3a0f47d1b337b063	NO_AUTHORITATIVE_REQUIREMENT_SPECIFIED	TRUE	Primary registered RAG reference/random pair; exact grade-vector equality verified structurally; endpoints hash-bound without comparing outputs; no authoritative source support-count rule specified.
RAG-scifact-219	1303f0ff4238a36ac755309016d17d0fa8a80aa2a8d13625da2d7f030f3adf42	6bae350868530a8e455ba6262289c07d29d7a53099b7f551f09651189411a623	fbc342306c4ef69b4e4ab8c6ac4c4d72e91d2bb3386c87999b4425466708d810	source_specimens_1600.jsonl#RAG-scifact-219:A	4c0d1bec84ba7024ccb11f870f0b29bc35df244abb54c3ce29ecfe9bebccc43a	e43c3d8cba25660daa274548fc5612844a9f4d13cc733c75aa45f0ddfba737cf	source_specimens_1600.jsonl#RAG-scifact-219:B	RIDI-RAG-NATURE-v2-PROSPECTIVE/C2/QWEN3-BM25-K10-RANDOM	0f7babda273f68e2095343f2fb33f2dca3c8720f95ed87ca3a0f47d1b337b063	NO_AUTHORITATIVE_REQUIREMENT_SPECIFIED	TRUE	Primary registered RAG reference/random pair; exact grade-vector equality verified structurally; endpoints hash-bound without comparing outputs; no authoritative source support-count rule specified.
RAG-scifact-230	51dc9a6f25c3e3bd17c0ac9f65cdd56fdcd4e6dcd410f476c4d6821d4a083df2	0fbfe40d7f1b515523f7cf07ee6b888f6422ef378ba68168a592bb3e4a4113d2	97033b5ad6814d3373e196df072af3357aba7e8e5bf53cd0dc695ac498c99b5c	source_specimens_1600.jsonl#RAG-scifact-230:A	af6573b99b7a2c9080d3431f8b973e4a0a5df1036173aff2c17afd9b813bc85e	0b831a978af9dd175e487924102b98b61309bbdf1076d5e6de4b37a7c88a8147	source_specimens_1600.jsonl#RAG-scifact-230:B	RIDI-RAG-NATURE-v2-PROSPECTIVE/C2/QWEN3-BM25-K10-RANDOM	0f7babda273f68e2095343f2fb33f2dca3c8720f95ed87ca3a0f47d1b337b063	NO_AUTHORITATIVE_REQUIREMENT_SPECIFIED	TRUE	Primary registered RAG reference/random pair; exact grade-vector equality verified structurally; endpoints hash-bound without comparing outputs; no authoritative source support-count rule specified.
RAG-scifact-232	8a5d8abf0016fcda231893ec3311e72ae21cd42dbc28938b6938887b3a46c7da	492c903a8b7d3667afc26fdcbccccfed719b1fdea58b5211f0dd21a0c73f2708	b30b656b343cb786c9060924695158b48f64f7abd67fb24b57021354dcc5a974	source_specimens_1600.jsonl#RAG-scifact-232:A	2745eb63f8188dff715bd884818c329ff988bad8492f5dc853ca6f919c7265fb	aa3147f9e9f171e2018dfe8158b7230415c0cd46ed17dfe97440f28452aafeb2	source_specimens_1600.jsonl#RAG-scifact-232:B	RIDI-RAG-NATURE-v2-PROSPECTIVE/C2/QWEN3-BM25-K10-RANDOM	0f7babda273f68e2095343f2fb33f2dca3c8720f95ed87ca3a0f47d1b337b063	NO_AUTHORITATIVE_REQUIREMENT_SPECIFIED	TRUE	Primary registered RAG reference/random pair; exact grade-vector equality verified structurally; endpoints hash-bound without comparing outputs; no authoritative source support-count rule specified.
RAG-scifact-233	74d8410a6d7dd2f42d8016d9f76fcb8c3e8d9efedf0da58b895cb72e0f0dce5c	6d84d708566886eba0a697be2752f37337b19456e3f32fc5a73f2b3679fe2773	4d91fdc48464319429ef8ddfc7acdfa85de22f5dd21fb51565971cf782b651a3	source_specimens_1600.jsonl#RAG-scifact-233:A	7a27fc8af02dbdff7d9766bf35cd03ed53b1389cd41c90bde99b7002c17ae929	98ea406c19e1ae4e53c99c4099f625e466b3667063a8067d8bcbeb6c8a2e6ba8	source_specimens_1600.jsonl#RAG-scifact-233:B	RIDI-RAG-NATURE-v2-PROSPECTIVE/C2/QWEN3-BM25-K10-RANDOM	0f7babda273f68e2095343f2fb33f2dca3c8720f95ed87ca3a0f47d1b337b063	NO_AUTHORITATIVE_REQUIREMENT_SPECIFIED	TRUE	Primary registered RAG reference/random pair; exact grade-vector equality verified structurally; endpoints hash-bound without comparing outputs; no authoritative source support-count rule specified.
RAG-scifact-236	5f9ca5a852cd80155e7a992ac8128dbcbf93269d4dcfbd7fd4768c5de65215f6	1d6be210d00e8d3b2ced71a86267ce81d463b5df47d9218c571f8949d5028720	48c7fd956c074f25cadad83ffb586e24083f99568d0575ce2e83682630a7710c	source_specimens_1600.jsonl#RAG-scifact-236:A	c9c58e93a51d83614d5c4575496ff8392953ceced44857879d1b94c583242212	82f4cfb1d9e9115b8a13002b775317ad40866fa9dc020011b67c7350030253e7	source_specimens_1600.jsonl#RAG-scifact-236:B	RIDI-RAG-NATURE-v2-PROSPECTIVE/C2/QWEN3-BM25-K10-RANDOM	0f7babda273f68e2095343f2fb33f2dca3c8720f95ed87ca3a0f47d1b337b063	NO_AUTHORITATIVE_REQUIREMENT_SPECIFIED	TRUE	Primary registered RAG reference/random pair; exact grade-vector equality verified structurally; endpoints hash-bound without comparing outputs; no authoritative source support-count rule specified.
RAG-scifact-237	dbfe0bfeca14b1b36f1b496fb380d8ed4347277eac74598ff9bebf7a657d9af1	36cd9aaff9aad340572b767afd39d8f8937c3f43faa4a39867d155926be98e90	5c629b1ee8f535872e36b39e297f747d0820d260bd01f83ef0869b64595ab40e	source_specimens_1600.jsonl#RAG-scifact-237:A	50aec0ec211ef2ada84ede1aa7eb663f55c333a17ca2f7327c5df59160b33634	6e6198af381ed34a9b3cfdc87d87c85385cd84b9c4e405ce24e3027372293ed9	source_specimens_1600.jsonl#RAG-scifact-237:B	RIDI-RAG-NATURE-v2-PROSPECTIVE/C2/QWEN3-BM25-K10-RANDOM	0f7babda273f68e2095343f2fb33f2dca3c8720f95ed87ca3a0f47d1b337b063	NO_AUTHORITATIVE_REQUIREMENT_SPECIFIED	TRUE	Primary registered RAG reference/random pair; exact grade-vector equality verified structurally; endpoints hash-bound without comparing outputs; no authoritative source support-count rule specified.
RAG-scifact-238	d7efee834adb98c4bdb7cb1b71160941757c59d19ff437e7dd74f17417680c8f	5fadd354598af72ceb85aabdf9bcd3cf7e95d70ecb382877cc926a10f2a2951a	0790e5bef076e505fe45f818605d37c4fbecd0ef625c3497c03de2037dd31fc1	source_specimens_1600.jsonl#RAG-scifact-238:A	a390ab795e1a84ff5df1dde144df527414203d0fbf1908e9eebd9eab9fa44927	19760b10b5839b68a29414c865b4f92ae4858c414c3b48515b2a2b3e28d4a896	source_specimens_1600.jsonl#RAG-scifact-238:B	RIDI-RAG-NATURE-v2-PROSPECTIVE/C2/QWEN3-BM25-K10-RANDOM	0f7babda273f68e2095343f2fb33f2dca3c8720f95ed87ca3a0f47d1b337b063	NO_AUTHORITATIVE_REQUIREMENT_SPECIFIED	TRUE	Primary registered RAG reference/random pair; exact grade-vector equality verified structurally; endpoints hash-bound without comparing outputs; no authoritative source support-count rule specified.
RAG-scifact-239	c0ef60f3814b5ed050829d353d6ecf2f5f629531cd36999bb0ba68c1f6ff6f71	072089266342d9d00b006fd0ee30c09a91040a56fed9f392f72d6ae85ddf4aeb	c35012c5b15e00e73aaabb339af7bda02fb06fb70c7893a506ff968169d2d40e	source_specimens_1600.jsonl#RAG-scifact-239:A	b28d8bfaa00d991c08ebab17640e33ca8daced50073ec9c930cb96677a8ed859	0e3d725194d820882cb12e798bf320414884b97fd08ed258b0a05e1bb3a63cc7	source_specimens_1600.jsonl#RAG-scifact-239:B	RIDI-RAG-NATURE-v2-PROSPECTIVE/C2/QWEN3-BM25-K10-RANDOM	0f7babda273f68e2095343f2fb33f2dca3c8720f95ed87ca3a0f47d1b337b063	NO_AUTHORITATIVE_REQUIREMENT_SPECIFIED	TRUE	Primary registered RAG reference/random pair; exact grade-vector equality verified structurally; endpoints hash-bound without comparing outputs; no authoritative source support-count rule specified.
RAG-scifact-248	40b3e2e844863b5a3640247bf1b18d8ae8d497ccb55c4edf27eabbaf009f0d88	54add09fb4818a32585d31a955d60245a7561cc79aee03f3ac93992e27a72c82	832829d345944d67bf5ca819b463218509f7fd3a2150a990852da33fd8addf3d	source_specimens_1600.jsonl#RAG-scifact-248:A	b995a9284ac3f5a5e2e5f03dfee28f6a85e4e37b8db564814a4ea6f7ceb94ee1	2ef42d1315a748519c57973bb3653c72e75c3f7f296548d4c5591dc802aafb3b	source_specimens_1600.jsonl#RAG-scifact-248:B	RIDI-RAG-NATURE-v2-PROSPECTIVE/C2/QWEN3-BM25-K10-RANDOM	0f7babda273f68e2095343f2fb33f2dca3c8720f95ed87ca3a0f47d1b337b063	NO_AUTHORITATIVE_REQUIREMENT_SPECIFIED	TRUE	Primary registered RAG reference/random pair; exact grade-vector equality verified structurally; endpoints hash-bound without comparing outputs; no authoritative source support-count rule specified.
RAG-scifact-249	b20bf74585a0afea07cbf973eeab6cb553c2f476f6863fcf712254305285ebbb	d9100c21204042b4186864c7a68f176774683c70af45be92cacc7d38391c8618	e27dda5f6fe2e97f74be32e0e2ed4c4176b670db6b02a7d24f069ed47aac3fa4	source_specimens_1600.jsonl#RAG-scifact-249:A	ad77b91384ab355da160cd8920b7b7f6a2d56df9ab325021dfffae0ee2b76edc	e27b5fb0fdce63e1f86f2870d5a72c805fc8c1e72254124e1ab4f9f56b13cedd	source_specimens_1600.jsonl#RAG-scifact-249:B	RIDI-RAG-NATURE-v2-PROSPECTIVE/C2/QWEN3-BM25-K10-RANDOM	0f7babda273f68e2095343f2fb33f2dca3c8720f95ed87ca3a0f47d1b337b063	NO_AUTHORITATIVE_REQUIREMENT_SPECIFIED	TRUE	Primary registered RAG reference/random pair; exact grade-vector equality verified structurally; endpoints hash-bound without comparing outputs; no authoritative source support-count rule specified.
RAG-scifact-261	8bb79dddd93e84474ede69ee4a18fa1bcdb2990e52e24d978f4c59f364dbe382	22cc41f5899d841d83655111988b3d99c511a01c411e250ad27f66b8a82f6322	5dad0c5d66e7c6753326a343f4ae265d28a3c29f2c52859223449baee7981332	source_specimens_1600.jsonl#RAG-scifact-261:A	cf612bc45e61a8d2e0075567fcc68f3a304e28ff31eafd7971ea78e5f6a195e4	c1dcf628bc789d37151410bbd4ca8c109204c438debe88557145b068981a6a4b	source_specimens_1600.jsonl#RAG-scifact-261:B	RIDI-RAG-NATURE-v2-PROSPECTIVE/C2/QWEN3-BM25-K10-RANDOM	0f7babda273f68e2095343f2fb33f2dca3c8720f95ed87ca3a0f47d1b337b063	NO_AUTHORITATIVE_REQUIREMENT_SPECIFIED	TRUE	Primary registered RAG reference/random pair; exact grade-vector equality verified structurally; endpoints hash-bound without comparing outputs; no authoritative source support-count rule specified.
RAG-scifact-268	2aeb48d8e336fb8969bfd78d2017e592cc5536428362b9cf99d1832f1f4f163b	bbce128f0865208eb2ed3c8f8ffe0a52768b45500e4cb6736e39868c2fb6b7a7	7d412122fd88b021bbff9cb01f20de66e70715abb59d84c50fae82b2ad2569a2	source_specimens_1600.jsonl#RAG-scifact-268:A	a738f6870045f46fd4697d4fc65056a7e4afe9d89a5b64e4f1c8af54daa993b8	e96e9517895e1be2626feb437200dbf87abeeb3c58efefd5ed62bd9ca79aaeea	source_specimens_1600.jsonl#RAG-scifact-268:B	RIDI-RAG-NATURE-v2-PROSPECTIVE/C2/QWEN3-BM25-K10-RANDOM	0f7babda273f68e2095343f2fb33f2dca3c8720f95ed87ca3a0f47d1b337b063	NO_AUTHORITATIVE_REQUIREMENT_SPECIFIED	TRUE	Primary registered RAG reference/random pair; exact grade-vector equality verified structurally; endpoints hash-bound without comparing outputs; no authoritative source support-count rule specified.
RAG-scifact-269	e3711cde73beef303e3f11274e69372b4c5a89f141ee508c9518f75ee3fa93e9	3181bb30a5b9247829652a8d69da258e53a3c3d44e4debd5a6882b9f4a10a706	14925aea201dc5a76b4cda060bebbe18a802849f8fedb1dfbd91c4c6c94528bd	source_specimens_1600.jsonl#RAG-scifact-269:A	08b1c2aec5519bfc9637f11afeb231c15644426ee684addcb322e0561511a8ab	ae32c4084e7c673a8500d8b5078f142ecbc6e5d6150ef4c1189ecc6014c520c9	source_specimens_1600.jsonl#RAG-scifact-269:B	RIDI-RAG-NATURE-v2-PROSPECTIVE/C2/QWEN3-BM25-K10-RANDOM	0f7babda273f68e2095343f2fb33f2dca3c8720f95ed87ca3a0f47d1b337b063	NO_AUTHORITATIVE_REQUIREMENT_SPECIFIED	TRUE	Primary registered RAG reference/random pair; exact grade-vector equality verified structurally; endpoints hash-bound without comparing outputs; no authoritative source support-count rule specified.
RAG-scifact-274	e26be005d0fa61f278d40a584bb2452429a2f49cddea62948c08ddcd6990ef81	3fb11d093554c5ddef2371b247304b43d49bec79f86e39c9e6c553501ae45433	d410445ac7c23fecee4fe4f5762db3f53e59f27a17389cfdb3be9130807c33ff	source_specimens_1600.jsonl#RAG-scifact-274:A	15db72d2b33628a5580460eb00dc83459eb38979e7e1b031a1023b4e0414d80c	2ad597130a7d2aed3d9ddb412bae922811a38e3493e02d3bba75f6a96abfc777	source_specimens_1600.jsonl#RAG-scifact-274:B	RIDI-RAG-NATURE-v2-PROSPECTIVE/C2/QWEN3-BM25-K10-RANDOM	0f7babda273f68e2095343f2fb33f2dca3c8720f95ed87ca3a0f47d1b337b063	NO_AUTHORITATIVE_REQUIREMENT_SPECIFIED	TRUE	Primary registered RAG reference/random pair; exact grade-vector equality verified structurally; endpoints hash-bound without comparing outputs; no authoritative source support-count rule specified.
RAG-scifact-275	c734a3413442354f0e6e06cb5c7659981bf4ff1d8fccce5f2354290a55666b0f	cf30b4a29697e3d79df4e7d9a4b0a32898f619150f77046c8e982ee32299a65b	d28ffb6ff1f9f8428d6ec2f35c8f17f8e714c27ecff5c09d0c4cfdaf2b4a0508	source_specimens_1600.jsonl#RAG-scifact-275:A	c024216f67a89a69883ffb334d8ef1ed40541f78eaf25a2756d3a63e8bd30d09	03baa367f1ce0bf4b21e6125becfb80bee21ed5d251790c7b062de00b5e9d846	source_specimens_1600.jsonl#RAG-scifact-275:B	RIDI-RAG-NATURE-v2-PROSPECTIVE/C2/QWEN3-BM25-K10-RANDOM	0f7babda273f68e2095343f2fb33f2dca3c8720f95ed87ca3a0f47d1b337b063	NO_AUTHORITATIVE_REQUIREMENT_SPECIFIED	TRUE	Primary registered RAG reference/random pair; exact grade-vector equality verified structurally; endpoints hash-bound without comparing outputs; no authoritative source support-count rule specified.
RAG-scifact-279	61b1a110da9e8a1317ddd6ba72fa460aaeaf4eb66f1ca8013095ac59b9b2c343	e4efe70e7ecd6f19ae9ad58263d77138000d5f681920ee9c261a375a4a9a968f	8247116a9c284616bb5e6a9e4a71b0f54618616afcf3051ef0856d76f3db8208	source_specimens_1600.jsonl#RAG-scifact-279:A	1009fdb447e6bb8179b81af3322e44129ab42cbe3b2abd24068ef12e52c63a67	21b4bbfb0de53e922d9d10a0e4c95044a8f7cfceadbe48cd16ca563c40289ea5	source_specimens_1600.jsonl#RAG-scifact-279:B	RIDI-RAG-NATURE-v2-PROSPECTIVE/C2/QWEN3-BM25-K10-RANDOM	0f7babda273f68e2095343f2fb33f2dca3c8720f95ed87ca3a0f47d1b337b063	NO_AUTHORITATIVE_REQUIREMENT_SPECIFIED	TRUE	Primary registered RAG reference/random pair; exact grade-vector equality verified structurally; endpoints hash-bound without comparing outputs; no authoritative source support-count rule specified.
RAG-scifact-294	e96dfdbca8befacabb44e303a1e3a0ef205fa897d01cf148f3a68adec86e20b3	cedf9128d35926e0423e36c7ab6523392980ec8362fccb458f4cd34da1a850ec	511ee252059dfa17dafb1974ef0b53cd4a8d3dd417176f31be925583ac141bfb	source_specimens_1600.jsonl#RAG-scifact-294:A	fee4e542f91593a0a698bb82c5b9b05a2325304d72af950c7a134a7eab5dcbfe	7acfd523032f2da933420a12e9d82bdaaa5e2186c0c892fd27d00d1b92b7aad3	source_specimens_1600.jsonl#RAG-scifact-294:B	RIDI-RAG-NATURE-v2-PROSPECTIVE/C2/QWEN3-BM25-K10-RANDOM	0f7babda273f68e2095343f2fb33f2dca3c8720f95ed87ca3a0f47d1b337b063	NO_AUTHORITATIVE_REQUIREMENT_SPECIFIED	TRUE	Primary registered RAG reference/random pair; exact grade-vector equality verified structurally; endpoints hash-bound without comparing outputs; no authoritative source support-count rule specified.
RAG-scifact-295	6c5230c7f2e4ce245d6072822582214085b28730dce145e7e477d88b2b98acc2	93f05b055af8b68ee9de0565559673cc501a496facad3d7d73a5d41f5a97c57e	c36b40a73cc5674255eb2f90414d929d4ac244670e9dc15dce4d916d05a80064	source_specimens_1600.jsonl#RAG-scifact-295:A	97aca6affd6fd8ac37a967a4f25d6c572e6df9c56e11d7cc4f96ed70eae60c89	f7ef753b7d33503f13fd7c9490d6309880d2044e56d885b9da6edb73d55c03e2	source_specimens_1600.jsonl#RAG-scifact-295:B	RIDI-RAG-NATURE-v2-PROSPECTIVE/C2/QWEN3-BM25-K10-RANDOM	0f7babda273f68e2095343f2fb33f2dca3c8720f95ed87ca3a0f47d1b337b063	NO_AUTHORITATIVE_REQUIREMENT_SPECIFIED	TRUE	Primary registered RAG reference/random pair; exact grade-vector equality verified structurally; endpoints hash-bound without comparing outputs; no authoritative source support-count rule specified.
RAG-scifact-298	e6494267e50832e5b7174378736418e60bafa71bc55b720be488ac8f609e2028	d942f792fa63534670d89c10848aa818b83c6b5f0626061dcbf6d7d371c2b6c1	0c9cfe42049b5ae1419c2183284c9c53ecc1d0791f82b6dd6093b9eb1e50c72f	source_specimens_1600.jsonl#RAG-scifact-298:A	7e19d73fb98318a32281406ec118805021479749848e16bcbc3f19bfcd5e1b4b	7d43b863bc01cba724ca2d93c4b0737b1ec9ffcd828ed45533687b7b2a0363c1	source_specimens_1600.jsonl#RAG-scifact-298:B	RIDI-RAG-NATURE-v2-PROSPECTIVE/C2/QWEN3-BM25-K10-RANDOM	0f7babda273f68e2095343f2fb33f2dca3c8720f95ed87ca3a0f47d1b337b063	NO_AUTHORITATIVE_REQUIREMENT_SPECIFIED	TRUE	Primary registered RAG reference/random pair; exact grade-vector equality verified structurally; endpoints hash-bound without comparing outputs; no authoritative source support-count rule specified.
RAG-scifact-3	e665d4cc8e6890c31f4596a53d31627a0e00c3f94cfd7a1bf7fe2b68ea54f40f	532241ccbbc2eec423441dc6c2183cb159693a1d385656456ef1444382db346f	a81779aaa0d49e9c5f05440bca159543356fae9e7c7eb9bea44cd3ad90fcc2ea	source_specimens_1600.jsonl#RAG-scifact-3:A	5990104ade8bcfff1d7a3c006afa3906d3587711abd4b8d558ff06870b9c21cc	49740994398a8f00d53239e0409b4bd96db2b2d88cb89aea8834d37f2661f82a	source_specimens_1600.jsonl#RAG-scifact-3:B	RIDI-RAG-NATURE-v2-PROSPECTIVE/C2/QWEN3-BM25-K10-RANDOM	0f7babda273f68e2095343f2fb33f2dca3c8720f95ed87ca3a0f47d1b337b063	NO_AUTHORITATIVE_REQUIREMENT_SPECIFIED	TRUE	Primary registered RAG reference/random pair; exact grade-vector equality verified structurally; endpoints hash-bound without comparing outputs; no authoritative source support-count rule specified.
RAG-scifact-300	8438ea218c538d194be3bfaf71c6996f6f47a768bc14031be8110ea0c6f56330	1a8ce91b6dfb46182f39033fbf156f47828db726ef762b2f5ed39ed96813f593	6fbe69c6ac824b6709f05eff30d4537a7285e32c2fca6944b8c22dfa2f9b37ef	source_specimens_1600.jsonl#RAG-scifact-300:A	288d95a221c268f79d3812175ac51e58fdc84ea18ee3a8fe5bd5ea4dc73e8ac3	3a70b3f11263c81be860de6d524813e653fd9386d0007be16df4552b47db3ab7	source_specimens_1600.jsonl#RAG-scifact-300:B	RIDI-RAG-NATURE-v2-PROSPECTIVE/C2/QWEN3-BM25-K10-RANDOM	0f7babda273f68e2095343f2fb33f2dca3c8720f95ed87ca3a0f47d1b337b063	NO_AUTHORITATIVE_REQUIREMENT_SPECIFIED	TRUE	Primary registered RAG reference/random pair; exact grade-vector equality verified structurally; endpoints hash-bound without comparing outputs; no authoritative source support-count rule specified.
RAG-scifact-303	37cb16a88d3286ee58a8fd23aa6226df08f7b73609178bc926053e0657faf2d8	3870e2b288c5718b0be8a218b3e02541a976eeefa47d30c5ac5cf149b53f29e6	56ca491adae201d1df766bf70fc51f3d7194d6746b5cc2152cb9995a2bdd531f	source_specimens_1600.jsonl#RAG-scifact-303:A	81dd7290300633db705b7df14d0b4bade7b726c34dfbb7791f5ef4aac58d82ba	36299d8582b0a3d50388c831dba91f92901af4dc3276cf2aec100b3cb1daac24	source_specimens_1600.jsonl#RAG-scifact-303:B	RIDI-RAG-NATURE-v2-PROSPECTIVE/C2/QWEN3-BM25-K10-RANDOM	0f7babda273f68e2095343f2fb33f2dca3c8720f95ed87ca3a0f47d1b337b063	NO_AUTHORITATIVE_REQUIREMENT_SPECIFIED	TRUE	Primary registered RAG reference/random pair; exact grade-vector equality verified structurally; endpoints hash-bound without comparing outputs; no authoritative source support-count rule specified.
RAG-scifact-312	8b2db4299b819545b6c208ef919568657fa27cdd9ae60b4dff5064fed05aea63	d8ea8253b80b8b3e0463e2b8e43756b0aac92b2735b7b77210209eaa80da5a2d	e4cf2377ff1249b29f405dac61e8c5a6e470e6224d29e69421d7a37a86513983	source_specimens_1600.jsonl#RAG-scifact-312:A	889b0619f8ed37c9fd2e30f13e8c73863f71558aaa9d46fceeb228b1d43fcca2	1281a7e2e788a8aa7f8c9eff8d70b3dffc9e4f76ae5af95aa7dea5b27821a5c9	source_specimens_1600.jsonl#RAG-scifact-312:B	RIDI-RAG-NATURE-v2-PROSPECTIVE/C2/QWEN3-BM25-K10-RANDOM	0f7babda273f68e2095343f2fb33f2dca3c8720f95ed87ca3a0f47d1b337b063	NO_AUTHORITATIVE_REQUIREMENT_SPECIFIED	TRUE	Primary registered RAG reference/random pair; exact grade-vector equality verified structurally; endpoints hash-bound without comparing outputs; no authoritative source support-count rule specified.
RAG-scifact-314	685a0859baf1ac7cbc19c19d848b9a5e2641a40989f645dc636fd47699472ac3	634a07f08c51531756caca7e4636d9532fb6cb75a6be5465479461a3615ca4ef	1bb57722cae03f5a4c8286ca6bbcbbafb6d01a723c21059920cba10137de7aa0	source_specimens_1600.jsonl#RAG-scifact-314:A	0a4e78422bd7443528854cd99943f27b66a29a9fd99e416b9b560e1202d8bc0f	0bf59976bf946de9137b939ec74ee4c9149bf73cc5c741a40d11bba9a404aa2c	source_specimens_1600.jsonl#RAG-scifact-314:B	RIDI-RAG-NATURE-v2-PROSPECTIVE/C2/QWEN3-BM25-K10-RANDOM	0f7babda273f68e2095343f2fb33f2dca3c8720f95ed87ca3a0f47d1b337b063	NO_AUTHORITATIVE_REQUIREMENT_SPECIFIED	TRUE	Primary registered RAG reference/random pair; exact grade-vector equality verified structurally; endpoints hash-bound without comparing outputs; no authoritative source support-count rule specified.
RAG-scifact-324	55a3573548d2c8b2f4402d6b5561440441059c21c9a964b9ee3ac625273c503d	32507bb97133dedbcbaa5403c2ca65288ad8c962f106ac109218fed8e30931c7	2a476b2b7e5765093a4e8eb54790a5196c448e4f2b85a8c069243fee17ded8de	source_specimens_1600.jsonl#RAG-scifact-324:A	13a08c4c2bc8ef62babb5c8e499be8b53346445df5d26fddf876e1067a77d983	bb7101d45c2283740877f1c840c91695015a3a6214488823854e6c03aab72ebe	source_specimens_1600.jsonl#RAG-scifact-324:B	RIDI-RAG-NATURE-v2-PROSPECTIVE/C2/QWEN3-BM25-K10-RANDOM	0f7babda273f68e2095343f2fb33f2dca3c8720f95ed87ca3a0f47d1b337b063	NO_AUTHORITATIVE_REQUIREMENT_SPECIFIED	TRUE	Primary registered RAG reference/random pair; exact grade-vector equality verified structurally; endpoints hash-bound without comparing outputs; no authoritative source support-count rule specified.
RAG-scifact-327	6f064e6419be03c9da93abe54a5b4c819ce5e2a0bf80b05fa31efcc4cc08b8d5	09fd3113599d794940170afeb1a50089fb8bb7a1d76d1aa61e0c45109a6f61ec	2d04d5a37d25d4d5fd8bee053ae3f0130e4ea7a79c87c5d92bd5a6bc6578d3b8	source_specimens_1600.jsonl#RAG-scifact-327:A	a7c0b1e450e37313472b911054c4892193bb26518c8b6bd7504f76de580f79f7	d7130472621673d9ffccff19f959517d6b0c5e9d7d659c3ff1f955b0845e7557	source_specimens_1600.jsonl#RAG-scifact-327:B	RIDI-RAG-NATURE-v2-PROSPECTIVE/C2/QWEN3-BM25-K10-RANDOM	0f7babda273f68e2095343f2fb33f2dca3c8720f95ed87ca3a0f47d1b337b063	NO_AUTHORITATIVE_REQUIREMENT_SPECIFIED	TRUE	Primary registered RAG reference/random pair; exact grade-vector equality verified structurally; endpoints hash-bound without comparing outputs; no authoritative source support-count rule specified.
RAG-scifact-338	53fa43e7ae6e733f6ebc170e5ff5ce49255288748d8697540a5db568ef3b7982	2ff4f4214a060a63b2e95be7f1ea3b60b3ff9a6de37607a875188f3fd064cc2a	47ce49fd12715c241e3169a2dc552edb28a30afb9816132f094590aa185d34fd	source_specimens_1600.jsonl#RAG-scifact-338:A	54af958076c136e6140642c06c7bc51b1e9402b8b3a4b12fd3f3c7dd08687309	08f30668562c2e069bbb7fdf67c5901612078030240d3ef74412f9c5860e0267	source_specimens_1600.jsonl#RAG-scifact-338:B	RIDI-RAG-NATURE-v2-PROSPECTIVE/C2/QWEN3-BM25-K10-RANDOM	0f7babda273f68e2095343f2fb33f2dca3c8720f95ed87ca3a0f47d1b337b063	NO_AUTHORITATIVE_REQUIREMENT_SPECIFIED	TRUE	Primary registered RAG reference/random pair; exact grade-vector equality verified structurally; endpoints hash-bound without comparing outputs; no authoritative source support-count rule specified.
RAG-scifact-343	44855a05dbb31575224a0db9d8ed4a62a3cf9943438394df14bb18c26e14f622	90e35eaf73b6ced675c4b8d6b1c836be2672c5886620481f2cfd1e083df23086	65f58fa54bf03a3d6f8900b613e375d6aecfdf58ce3d13fc03190721f2b3395a	source_specimens_1600.jsonl#RAG-scifact-343:A	70eefc665f7dce466e05357134fecbc878a065a059bb16735ae1787b3a4d696d	229c45195b871f142d6f55b2a4d6b00e6fbac6249a105edc7dbf61ca65ad675f	source_specimens_1600.jsonl#RAG-scifact-343:B	RIDI-RAG-NATURE-v2-PROSPECTIVE/C2/QWEN3-BM25-K10-RANDOM	0f7babda273f68e2095343f2fb33f2dca3c8720f95ed87ca3a0f47d1b337b063	NO_AUTHORITATIVE_REQUIREMENT_SPECIFIED	TRUE	Primary registered RAG reference/random pair; exact grade-vector equality verified structurally; endpoints hash-bound without comparing outputs; no authoritative source support-count rule specified.
RAG-scifact-350	2867ac5f9d3cf1018d237a2597d960704ed23ec0cfbf2683fa629487257ba47c	4cb7ed68cf5545be0fc1463c1d022f37a1b785f4200fedae789cf0338a9fbff5	d9ab260786880ea7695b8cbbd9b3a8df73160b1f53869b36c4fb9fa8ede09131	source_specimens_1600.jsonl#RAG-scifact-350:A	222af987bb585d7fcc946485ba4a1997c72c674014fc15796d7014cc57bcfffa	8354ace89e4ea47c5db3c4c34ea9f8cc15ee175a5dc4e19cb6110794e7ec2cce	source_specimens_1600.jsonl#RAG-scifact-350:B	RIDI-RAG-NATURE-v2-PROSPECTIVE/C2/QWEN3-BM25-K10-RANDOM	0f7babda273f68e2095343f2fb33f2dca3c8720f95ed87ca3a0f47d1b337b063	NO_AUTHORITATIVE_REQUIREMENT_SPECIFIED	TRUE	Primary registered RAG reference/random pair; exact grade-vector equality verified structurally; endpoints hash-bound without comparing outputs; no authoritative source support-count rule specified.
RAG-scifact-354	7c7eeae0dc419f909d36b3a010a62344c7b380e51f8a58e413a376468ec4ef67	260aa48de4a0f51e09559b715e3b473bbcc38543ee5a6e34f183d6b88236d8fd	f3d029024230c4ba109a73cde0db357eff6412be144a7ec3de11a87644abb7fc	source_specimens_1600.jsonl#RAG-scifact-354:A	6a9a1aade3a00caab3b97ac58166f9212d314465ce760a8340c2fd603e99c21a	2f222309f49d0cc592509441bf01452a6b3f16897a91240d012756dec14b86bb	source_specimens_1600.jsonl#RAG-scifact-354:B	RIDI-RAG-NATURE-v2-PROSPECTIVE/C2/QWEN3-BM25-K10-RANDOM	0f7babda273f68e2095343f2fb33f2dca3c8720f95ed87ca3a0f47d1b337b063	NO_AUTHORITATIVE_REQUIREMENT_SPECIFIED	TRUE	Primary registered RAG reference/random pair; exact grade-vector equality verified structurally; endpoints hash-bound without comparing outputs; no authoritative source support-count rule specified.
RAG-scifact-36	a965352706808da6dc955737137bd4c69600f3099964cac1c3cd38f6f3d7f275	7b5a140fb1756e7e491e458171c28aadabba59ba5c4243ff097e799bdbe945b7	02946b3b49de457a1940b794c9d340f59e9a013cd6a4ab06942b9796428a703b	source_specimens_1600.jsonl#RAG-scifact-36:A	18331a5072fd6e66198c4a4acb5e1d50611776520e8bb06bec38072b38986125	d224b73909a10b398b43d5acbd9dcbc4a44e414655d2bc31166b9d1f5ff4b995	source_specimens_1600.jsonl#RAG-scifact-36:B	RIDI-RAG-NATURE-v2-PROSPECTIVE/C2/QWEN3-BM25-K10-RANDOM	0f7babda273f68e2095343f2fb33f2dca3c8720f95ed87ca3a0f47d1b337b063	NO_AUTHORITATIVE_REQUIREMENT_SPECIFIED	TRUE	Primary registered RAG reference/random pair; exact grade-vector equality verified structurally; endpoints hash-bound without comparing outputs; no authoritative source support-count rule specified.
RAG-scifact-362	5d19c1bdc4320fa3046088dd569e96f436b1fbf6b1e2d4b9f788b496fcc3b1e4	62b09aa4964a4a72076b6e45bf8edd55141790529e1daa155a10fc41a0c7d201	0f9839311d747bad48394f132fcf27c08a7777a1d0d90ccd62730ba56e83a424	source_specimens_1600.jsonl#RAG-scifact-362:A	c9e21d57bc29d3895dc8abba7bf95e192ff79058451a8a9d569826db798dbcb3	ae36cdce91b7b49658f0b17c108d5b274e913464f7935e37d207189e7a4286f5	source_specimens_1600.jsonl#RAG-scifact-362:B	RIDI-RAG-NATURE-v2-PROSPECTIVE/C2/QWEN3-BM25-K10-RANDOM	0f7babda273f68e2095343f2fb33f2dca3c8720f95ed87ca3a0f47d1b337b063	NO_AUTHORITATIVE_REQUIREMENT_SPECIFIED	TRUE	Primary registered RAG reference/random pair; exact grade-vector equality verified structurally; endpoints hash-bound without comparing outputs; no authoritative source support-count rule specified.
